sample_id,site_id,day,month,year,taxon_id,taxon,abundance,listed in freshwaterecology.com,
116000007_04.07.2019,116000007,4,7,2019,5131,Ephemerella ignita,24,5131,
116000004_10.03.2011,116000004,10,3,2011,4293,Amphinemura sp.,9.6,4293,
116000007_03.07.2018,116000007,3,7,2018,4298,Anabolia furcata,5.6,4298,
116000007_30.06.2015,116000007,30,6,2015,4298,Anabolia furcata,10.4,4298,
116000004_10.03.2011,116000004,10,3,2011,4310,Ancylus fluviatilis,19.2,4310,
116000007_19.07.2011,116000007,19,7,2011,4326,Anodonta sp.,0.8,4326,
116000004_17.02.2015,116000004,17,2,2015,4388,Baetis buceratus,8,4388,
116000007_19.07.2011,116000007,19,7,2011,4388,Baetis buceratus,3.2,4388,
116000004_22.02.2018,116000004,22,2,2018,4406,Baetis lutheri,2.4,4406,
116000004_10.03.2011,116000004,10,3,2011,4409,Baetis muticus,4.8,4409,
116000007_03.07.2018,116000007,3,7,2018,4411,Baetis nexus,38.4,4411,
116000007_30.06.2010,116000007,30,6,2010,4411,Baetis nexus,4.8,4411,
116000007_30.06.2015,116000007,30,6,2015,4411,Baetis nexus,14.4,4411,
116000004_10.03.2011,116000004,10,3,2011,4415,Baetis rhodani,4.8,4415,
116000004_17.02.2015,116000004,17,2,2015,4415,Baetis rhodani,8,4415,
116000004_21.04.2008,116000004,21,4,2008,4415,Baetis rhodani,2.4,4415,
116000004_27.03.2013,116000004,27,3,2013,4415,Baetis rhodani,4.8,4415,
116000004_10.03.2011,116000004,10,3,2011,4419,Baetis sp.,14.4,4419,
116000004_17.02.2015,116000004,17,2,2015,4419,Baetis sp.,8,4419,
116000007_03.07.2018,116000007,3,7,2018,4419,Baetis sp.,4.8,4419,
116000007_04.07.2019,116000007,4,7,2019,4419,Baetis sp.,9.6,4419,
116000007_27.06.2017,116000007,27,6,2017,4419,Baetis sp.,4.8,4419,
116000007_30.06.2010,116000007,30,6,2010,4419,Baetis sp.,40,4419,
116000007_30.06.2015,116000007,30,6,2015,4419,Baetis sp.,9.6,4419,
116000007_30.06.2010,116000007,30,6,2010,4427,Baetis vernus,40.8,4427,
116000007_12.05.2009,116000007,12,5,2009,4452,Bezzia sp.,164.8,4452,
116000004_12.02.2014,116000004,12,2,2014,4481,Brachycentrus subnubilus,28.8,4481,
116000007_30.06.2015,116000007,30,6,2015,4481,Brachycentrus subnubilus,4.8,4481,
116000004_17.02.2015,116000004,17,2,2015,4489,Brachyptera sp.,4,4489,
116000004_27.03.2013,116000004,27,3,2013,4496,Brillia bifida,9.6,4496,
116000004_21.04.2008,116000004,21,4,2008,4521,Caenis luctuosa,4.8,4521,
116000004_12.02.2014,116000004,12,2,2014,4528,Caenis sp.,4.8,4528,
116000004_21.04.2008,116000004,21,4,2008,4528,Caenis sp.,3.2,4528,
116000004_27.03.2013,116000004,27,3,2013,4528,Caenis sp.,4.8,4528,
116000004_11.02.2017,116000004,11,2,2017,4561,Cardiocladius sp.,4.8,4561,
116000007_12.05.2009,116000007,12,5,2009,4563,Caspiobdella fadejewi,7.2,4563,
116000007_19.07.2011,116000007,19,7,2011,4563,Caspiobdella fadejewi,0.8,4563,
116000007_27.06.2017,116000007,27,6,2017,4563,Caspiobdella fadejewi,4.8,4563,
116000007_30.06.2010,116000007,30,6,2010,4563,Caspiobdella fadejewi,4.8,4563,
116000004_11.03.2016,116000004,11,3,2016,4585,Ceratopogonidae Gen. sp.,1.6,4585,
116000004_12.02.2014,116000004,12,2,2014,4585,Ceratopogonidae Gen. sp.,4.8,4585,
116000004_27.03.2013,116000004,27,3,2013,4585,Ceratopogonidae Gen. sp.,4.8,4585,
116000007_04.07.2019,116000007,4,7,2019,4585,Ceratopogonidae Gen. sp.,9.6,4585,
116000007_27.06.2017,116000007,27,6,2017,4585,Ceratopogonidae Gen. sp.,9.6,4585,
116000007_04.07.2019,116000007,4,7,2019,4610,Chaetocladius piger-Gr.,4.8,4610,
116000004_10.03.2011,116000004,10,3,2011,4613,Echinogammarus ischnus,408,4613,
116000004_11.02.2017,116000004,11,2,2017,4613,Echinogammarus ischnus,206.4,4613,
116000004_11.03.2016,116000004,11,3,2016,4613,Echinogammarus ischnus,125.6,4613,
116000004_12.02.2014,116000004,12,2,2014,4613,Echinogammarus ischnus,417.6,4613,
116000004_17.02.2015,116000004,17,2,2015,4613,Echinogammarus ischnus,312,4613,
116000004_21.04.2008,116000004,21,4,2008,4613,Echinogammarus ischnus,0.8,4613,
116000004_22.02.2018,116000004,22,2,2018,4613,Echinogammarus ischnus,571.2,4613,
116000004_27.03.2013,116000004,27,3,2013,4613,Echinogammarus ischnus,460.8,4613,
116000004_11.02.2017,116000004,11,2,2017,4638,Chelifera sp.,4.8,4638,
116000004_27.03.2013,116000004,27,3,2013,4638,Chelifera sp.,4.8,4638,
116000004_22.02.2018,116000004,22,2,2018,4644,Chironomini Gen. sp.,2.4,4644,
116000007_04.07.2019,116000007,4,7,2019,4644,Chironomini Gen. sp.,38.4,4644,
116000007_19.07.2011,116000007,19,7,2011,4644,Chironomini Gen. sp.,18.4,4644,
116000007_04.07.2019,116000007,4,7,2019,4648,Chironomus bernensis,9.6,4648,
116000007_30.06.2015,116000007,30,6,2015,4648,Chironomus bernensis,619.2,4648,
116000007_30.07.2008,116000007,30,7,2008,4648,Chironomus bernensis,8.8,4648,
116000007_30.06.2015,116000007,30,6,2015,4656,Chironomus plumosus,72,4656,
116000007_04.07.2019,116000007,4,7,2019,4663,Chironomus sp.,72,4663,
116000007_30.06.2015,116000007,30,6,2015,4663,Chironomus sp.,825.6,4663,
116000007_30.07.2008,116000007,30,7,2008,4663,Chironomus sp.,1.6,4663,
116000004_11.02.2017,116000004,11,2,2017,4693,Cladotanytarsus sp.,38.4,4693,
116000004_11.03.2016,116000004,11,3,2016,4693,Cladotanytarsus sp.,6.4,4693,
116000004_27.03.2013,116000004,27,3,2013,4693,Cladotanytarsus sp.,38.4,4693,
116000007_04.07.2019,116000007,4,7,2019,4693,Cladotanytarsus sp.,24,4693,
116000007_19.07.2011,116000007,19,7,2011,4693,Cladotanytarsus sp.,6.4,4693,
116000007_03.07.2018,116000007,3,7,2018,4702,Clinotanypus nervosus,4.8,4702,
116000007_04.07.2019,116000007,4,7,2019,4702,Clinotanypus nervosus,9.6,4702,
116000007_03.07.2018,116000007,3,7,2018,4705,Cloeon dipterum,24,4705,
116000007_04.07.2019,116000007,4,7,2019,4705,Cloeon dipterum,14.4,4705,
116000007_27.06.2017,116000007,27,6,2017,4705,Cloeon dipterum,326.4,4705,
116000007_27.06.2017,116000007,27,6,2017,4723,Coenagrionidae Gen. sp.,9.6,4723,
116000007_12.05.2009,116000007,12,5,2009,4733,Conchapelopia sp.,24,4733,
116000007_27.06.2017,116000007,27,6,2017,4733,Conchapelopia sp.,14.4,4733,
116000007_30.06.2015,116000007,30,6,2015,4733,Conchapelopia sp.,28.8,4733,
116000004_10.03.2011,116000004,10,3,2011,4750,Corophium sp.,235.2,4750,
116000004_11.02.2017,116000004,11,2,2017,4750,Corophium sp.,168.8,4750,
116000004_11.03.2016,116000004,11,3,2016,4750,Corophium sp.,162.4,4750,
116000004_12.02.2014,116000004,12,2,2014,4750,Corophium sp.,177.6,4750,
116000004_17.02.2015,116000004,17,2,2015,4750,Corophium sp.,32,4750,
116000004_21.04.2008,116000004,21,4,2008,4750,Corophium sp.,4.8,4750,
116000004_22.02.2018,116000004,22,2,2018,4750,Corophium sp.,1.6,4750,
116000004_27.03.2013,116000004,27,3,2013,4750,Corophium sp.,120,4750,
116000007_03.07.2018,116000007,3,7,2018,4766,Corynoneura sp.,14.4,4766,
116000007_12.05.2009,116000007,12,5,2009,4775,Cricotopus annulator,112.8,4775,
116000007_19.07.2011,116000007,19,7,2011,4775,Cricotopus annulator,32.8,4775,
116000007_27.06.2017,116000007,27,6,2017,4775,Cricotopus annulator,14.4,4775,
116000007_04.07.2019,116000007,4,7,2019,4777,Cricotopus bicinctus,4.8,4777,
116000007_12.05.2009,116000007,12,5,2009,4777,Cricotopus bicinctus,298.4,4777,
116000007_19.07.2011,116000007,19,7,2011,4777,Cricotopus bicinctus,174.4,4777,
116000007_03.07.2018,116000007,3,7,2018,4806,Cricotopus sylvestris-Gr.,14.4,4806,
116000007_27.06.2017,116000007,27,6,2017,4806,Cricotopus sylvestris-Gr.,14.4,4806,
116000004_11.02.2017,116000004,11,2,2017,4831,Cryptochironomus sp.,4.8,4831,
116000004_12.02.2014,116000004,12,2,2014,4831,Cryptochironomus sp.,4.8,4831,
116000007_19.07.2011,116000007,19,7,2011,4831,Cryptochironomus sp.,68.8,4831,
116000007_27.06.2017,116000007,27,6,2017,4831,Cryptochironomus sp.,48,4831,
116000007_30.06.2010,116000007,30,6,2010,4831,Cryptochironomus sp.,6.4,4831,
116000007_30.06.2015,116000007,30,6,2015,4831,Cryptochironomus sp.,62.4,4831,
116000007_30.07.2008,116000007,30,7,2008,4831,Cryptochironomus sp.,3.2,4831,
116000004_10.03.2011,116000004,10,3,2011,4928,Diamesa cinerella/zernyi-Gr.,9.6,4928,
116000004_11.03.2016,116000004,11,3,2016,4928,Diamesa cinerella/zernyi-Gr.,9.6,4928,
116000004_17.02.2015,116000004,17,2,2015,4928,Diamesa cinerella/zernyi-Gr.,20,4928,
116000004_22.02.2018,116000004,22,2,2018,4928,Diamesa cinerella/zernyi-Gr.,4.8,4928,
116000004_27.03.2013,116000004,27,3,2013,4932,Diamesa hamaticornis,29.6,4932,
116000004_21.04.2008,116000004,21,4,2008,4934,Diamesa insignipes,10.4,4934,
116000004_17.02.2015,116000004,17,2,2015,4940,Diamesa sp.,8,4940,
116000004_22.02.2018,116000004,22,2,2018,4940,Diamesa sp.,2.4,4940,
116000004_11.02.2017,116000004,11,2,2017,4955,Dicranota sp.,0.8,4955,
116000007_19.07.2011,116000007,19,7,2011,4955,Dicranota sp.,24,4955,
116000007_30.06.2010,116000007,30,6,2010,4955,Dicranota sp.,9.6,4955,
116000007_03.07.2018,116000007,3,7,2018,4958,Dicrotendipes nervosus,4.8,4958,
116000007_04.07.2019,116000007,4,7,2019,4958,Dicrotendipes nervosus,14.4,4958,
116000007_27.06.2017,116000007,27,6,2017,4958,Dicrotendipes nervosus,9.6,4958,
116000007_30.06.2010,116000007,30,6,2010,4958,Dicrotendipes nervosus,2.4,4958,
116000007_30.06.2015,116000007,30,6,2015,4958,Dicrotendipes nervosus,153.6,4958,
116000007_03.07.2018,116000007,3,7,2018,4962,Dicrotendipes sp.,4.8,4962,
116000007_04.07.2019,116000007,4,7,2019,4962,Dicrotendipes sp.,24,4962,
116000007_27.06.2017,116000007,27,6,2017,4962,Dicrotendipes sp.,76.8,4962,
116000007_30.07.2008,116000007,30,7,2008,4962,Dicrotendipes sp.,4,4962,
116000007_27.06.2017,116000007,27,6,2017,4963,Dicrotendipes tritomus,163.2,4963,
116000004_10.03.2011,116000004,10,3,2011,4970,Dikerogammarus bispinosus,81.6,4970,
116000004_11.02.2017,116000004,11,2,2017,4970,Dikerogammarus bispinosus,4.8,4970,
116000004_11.03.2016,116000004,11,3,2016,4970,Dikerogammarus bispinosus,35.2,4970,
116000004_12.02.2014,116000004,12,2,2014,4970,Dikerogammarus bispinosus,278.4,4970,
116000004_17.02.2015,116000004,17,2,2015,4970,Dikerogammarus bispinosus,56,4970,
116000004_21.04.2008,116000004,21,4,2008,4970,Dikerogammarus bispinosus,0.8,4970,
116000004_22.02.2018,116000004,22,2,2018,4970,Dikerogammarus bispinosus,28.8,4970,
116000004_27.03.2013,116000004,27,3,2013,4970,Dikerogammarus bispinosus,26.4,4970,
116000004_10.03.2011,116000004,10,3,2011,4974,Dina punctata,9.6,4974,
116000004_11.02.2017,116000004,11,2,2017,4974,Dina punctata,0.8,4974,
116000004_12.02.2014,116000004,12,2,2014,4974,Dina punctata,10.4,4974,
116000004_17.02.2015,116000004,17,2,2015,4974,Dina punctata,4,4974,
116000004_22.02.2018,116000004,22,2,2018,4974,Dina punctata,1.6,4974,
116000004_27.03.2013,116000004,27,3,2013,4974,Dina punctata,12.8,4974,
116000004_11.02.2017,116000004,11,2,2017,5059,Ecdyonurus venosus-Gr.,4.8,5059,
116000004_11.02.2017,116000004,11,2,2017,5075,Eiseniella tetraedra,9.6,5075,
116000004_21.04.2008,116000004,21,4,2008,5075,Eiseniella tetraedra,2.4,5075,
116000004_27.03.2013,116000004,27,3,2013,5075,Eiseniella tetraedra,0.8,5075,
116000007_04.07.2019,116000007,4,7,2019,5075,Eiseniella tetraedra,0.8,5075,
116000007_12.05.2009,116000007,12,5,2009,5075,Eiseniella tetraedra,24,5075,
116000007_19.07.2011,116000007,19,7,2011,5075,Eiseniella tetraedra,3.2,5075,
116000007_30.06.2010,116000007,30,6,2010,5075,Eiseniella tetraedra,6.4,5075,
116000007_30.07.2008,116000007,30,7,2008,5075,Eiseniella tetraedra,2.4,5075,
116000007_04.07.2019,116000007,4,7,2019,5087,Elmis aenea Lv.,9.6,5087,
116000004_11.02.2017,116000004,11,2,2017,5090,Elmis maugetii Lv.,4.8,5090,
116000004_11.02.2017,116000004,11,2,2017,5124,Ephemera danica,4.8,5124,
116000007_12.05.2009,116000007,12,5,2009,5137,Ephemerella sp.,3.2,5137,
116000007_03.07.2018,116000007,3,7,2018,5159,Erpobdella octoculata,19.2,5159,
116000007_12.05.2009,116000007,12,5,2009,5159,Erpobdella octoculata,10.4,5159,
116000007_19.07.2011,116000007,19,7,2011,5159,Erpobdella octoculata,3.2,5159,
116000007_27.06.2017,116000007,27,6,2017,5159,Erpobdella octoculata,25.6,5159,
116000007_30.06.2015,116000007,30,6,2015,5159,Erpobdella octoculata,0.8,5159,
116000007_30.07.2008,116000007,30,7,2008,5159,Erpobdella octoculata,3.2,5159,
116000004_12.02.2014,116000004,12,2,2014,5162,Erpobdellidae Gen. sp.,4.8,5162,
116000007_03.07.2018,116000007,3,7,2018,5162,Erpobdellidae Gen. sp.,100.8,5162,
116000007_04.07.2019,116000007,4,7,2019,5162,Erpobdellidae Gen. sp.,11.2,5162,
116000007_27.06.2017,116000007,27,6,2017,5162,Erpobdellidae Gen. sp.,552,5162,
116000007_30.06.2010,116000007,30,6,2010,5162,Erpobdellidae Gen. sp.,5.6,5162,
116000007_30.06.2015,116000007,30,6,2015,5162,Erpobdellidae Gen. sp.,9.6,5162,
116000004_22.02.2018,116000004,22,2,2018,5167,Esolus parallelepipedus Lv.,2.4,5167,
116000004_27.03.2013,116000004,27,3,2013,5167,Esolus parallelepipedus Lv.,4.8,5167,
116000004_11.03.2016,116000004,11,3,2016,5169,Esolus sp. Lv.,1.6,5169,
116000007_04.07.2019,116000007,4,7,2019,5204,Eukiefferiella claripennis,4.8,5204,
116000007_30.06.2010,116000007,30,6,2010,5204,Eukiefferiella claripennis,1.6,5204,
116000004_11.02.2017,116000004,11,2,2017,5220,Eukiefferiella gracei,4.8,5220,
116000004_17.02.2015,116000004,17,2,2015,5220,Eukiefferiella gracei,16,5220,
116000004_21.04.2008,116000004,21,4,2008,5220,Eukiefferiella gracei,13.6,5220,
116000007_04.07.2019,116000007,4,7,2019,5220,Eukiefferiella gracei,4.8,5220,
116000004_17.02.2015,116000004,17,2,2015,5224,Eukiefferiella devonica/ilkleyensis,4,5224,
116000007_27.06.2017,116000007,27,6,2017,5224,Eukiefferiella devonica/ilkleyensis,4.8,5224,
116000004_11.03.2016,116000004,11,3,2016,5225,Eukiefferiella lobifera,2.4,5225,
116000004_12.02.2014,116000004,12,2,2014,5225,Eukiefferiella lobifera,4.8,5225,
116000004_27.03.2013,116000004,27,3,2013,5225,Eukiefferiella lobifera,19.2,5225,
116000004_11.02.2017,116000004,11,2,2017,5230,Eukiefferiella minor/fittkaui,9.6,5230,
116000004_11.03.2016,116000004,11,3,2016,5281,Fridericia sp.,4,5281,
116000004_27.03.2013,116000004,27,3,2013,5281,Fridericia sp.,105.6,5281,
116000007_04.07.2019,116000007,4,7,2019,5288,Gammarus fossarum,6.4,5288,
116000007_30.07.2008,116000007,30,7,2008,5303,Gerris sp.,3.2,5303,
116000007_03.07.2018,116000007,3,7,2018,5304,Glossiphonia complanata,28.8,5304,
116000007_27.06.2017,116000007,27,6,2017,5304,Glossiphonia complanata,38.4,5304,
116000007_30.06.2015,116000007,30,6,2015,5304,Glossiphonia complanata,4.8,5304,
116000007_30.07.2008,116000007,30,7,2008,5304,Glossiphonia complanata,0.8,5304,
116000007_04.07.2019,116000007,4,7,2019,5325,Glyptotendipes sp.,28.8,5325,
116000007_19.07.2011,116000007,19,7,2011,5325,Glyptotendipes sp.,3.2,5325,
116000007_19.07.2011,116000007,19,7,2011,5359,Gyraulus sp.,3.2,5359,
116000007_03.07.2018,116000007,3,7,2018,5396,Haliplus sp. Lv.,110.4,5396,
116000007_27.06.2017,116000007,27,6,2017,5396,Haliplus sp. Lv.,355.2,5396,
116000007_30.06.2015,116000007,30,6,2015,5396,Haliplus sp. Lv.,4.8,5396,
116000004_12.02.2014,116000004,12,2,2014,5401,Haplotaxis gordioides,67.2,5401,
116000004_27.03.2013,116000004,27,3,2013,5401,Haplotaxis gordioides,1.6,5401,
116000007_03.07.2018,116000007,3,7,2018,5404,Harnischia sp.,9.6,5404,
116000007_30.07.2008,116000007,30,7,2008,5404,Harnischia sp.,1.6,5404,
116000004_21.04.2008,116000004,21,4,2008,5413,Helobdella stagnalis,0.8,5413,
116000007_04.07.2019,116000007,4,7,2019,5413,Helobdella stagnalis,4.8,5413,
116000007_27.06.2017,116000007,27,6,2017,5413,Helobdella stagnalis,4.8,5413,
116000007_30.07.2008,116000007,30,7,2008,5413,Helobdella stagnalis,3.2,5413,
116000004_12.02.2014,116000004,12,2,2014,5442,Hemerodromia sp.,4.8,5442,
116000007_19.07.2011,116000007,19,7,2011,5442,Hemerodromia sp.,3.2,5442,
116000007_27.06.2017,116000007,27,6,2017,5444,Hemiclepsis marginata,57.6,5444,
116000004_10.03.2011,116000004,10,3,2011,5456,Heptagenia sp.,9.6,5456,
116000004_11.03.2016,116000004,11,3,2016,5456,Heptagenia sp.,1.6,5456,
116000004_10.03.2011,116000004,10,3,2011,5457,Heptagenia sulphurea,4.8,5457,
116000004_11.02.2017,116000004,11,2,2017,5457,Heptagenia sulphurea,0.8,5457,
116000004_12.02.2014,116000004,12,2,2014,5457,Heptagenia sulphurea,28.8,5457,
116000004_22.02.2018,116000004,22,2,2018,5457,Heptagenia sulphurea,2.4,5457,
116000004_12.02.2014,116000004,12,2,2014,5458,Heptageniidae Gen. sp.,43.2,5458,
116000004_17.02.2015,116000004,17,2,2015,5458,Heptageniidae Gen. sp.,12,5458,
116000004_22.02.2018,116000004,22,2,2018,5458,Heptageniidae Gen. sp.,2.4,5458,
116000007_30.07.2008,116000007,30,7,2008,5531,Hydraena sp. Ad.,0.8,5531,
116000007_30.07.2008,116000007,30,7,2008,5547,Hydrophilidae Gen. sp. Lv.,0.8,5547,
116000007_27.06.2017,116000007,27,6,2017,5576,Hydroporus palustris Lv.,4.8,5576,
116000007_03.07.2018,116000007,3,7,2018,5588,Hydropsyche angustipennis angustipennis,4.8,5588,
116000007_12.05.2009,116000007,12,5,2009,5588,Hydropsyche angustipennis angustipennis,10.4,5588,
116000007_19.07.2011,116000007,19,7,2011,5588,Hydropsyche angustipennis angustipennis,18.4,5588,
116000007_30.06.2010,116000007,30,6,2010,5588,Hydropsyche angustipennis angustipennis,1.6,5588,
116000007_30.06.2015,116000007,30,6,2015,5588,Hydropsyche angustipennis angustipennis,4.8,5588,
116000004_10.03.2011,116000004,10,3,2011,5589,Hydropsyche bulbifera,4.8,5589,
116000007_12.05.2009,116000007,12,5,2009,5589,Hydropsyche bulbifera,3.2,5589,
116000007_19.07.2011,116000007,19,7,2011,5589,Hydropsyche bulbifera,12,5589,
116000007_30.06.2010,116000007,30,6,2010,5589,Hydropsyche bulbifera,4.8,5589,
116000004_10.03.2011,116000004,10,3,2011,5590,Hydropsyche bulgaromanorum,4.8,5590,
116000004_11.02.2017,116000004,11,2,2017,5590,Hydropsyche bulgaromanorum,4.8,5590,
116000004_17.02.2015,116000004,17,2,2015,5590,Hydropsyche bulgaromanorum,4,5590,
116000004_11.02.2017,116000004,11,2,2017,5592,Hydropsyche contubernalis ssp.,0.8,5592,
116000007_30.07.2008,116000007,30,7,2008,5592,Hydropsyche contubernalis ssp.,1.6,5592,
116000007_12.05.2009,116000007,12,5,2009,5599,Hydropsyche modesta,3.2,5599,
116000007_19.07.2011,116000007,19,7,2011,5599,Hydropsyche modesta,24,5599,
116000007_30.06.2010,116000007,30,6,2010,5599,Hydropsyche modesta,6.4,5599,
116000007_30.06.2015,116000007,30,6,2015,5599,Hydropsyche modesta,4.8,5599,
116000004_10.03.2011,116000004,10,3,2011,5605,Hydropsyche sp.,9.6,5605,
116000004_11.03.2016,116000004,11,3,2016,5605,Hydropsyche sp.,1.6,5605,
116000004_12.02.2014,116000004,12,2,2014,5605,Hydropsyche sp.,14.4,5605,
116000004_27.03.2013,116000004,27,3,2013,5605,Hydropsyche sp.,4.8,5605,
116000007_03.07.2018,116000007,3,7,2018,5605,Hydropsyche sp.,28.8,5605,
116000007_19.07.2011,116000007,19,7,2011,5605,Hydropsyche sp.,140.8,5605,
116000007_30.06.2010,116000007,30,6,2010,5605,Hydropsyche sp.,37.6,5605,
116000007_30.06.2015,116000007,30,6,2015,5605,Hydropsyche sp.,9.6,5605,
116000007_30.07.2008,116000007,30,7,2008,5605,Hydropsyche sp.,1.6,5605,
116000007_03.07.2018,116000007,3,7,2018,5616,Hydroptila sp.,9.6,5616,
116000007_19.07.2011,116000007,19,7,2011,5616,Hydroptila sp.,8.8,5616,
116000007_27.06.2017,116000007,27,6,2017,5616,Hydroptila sp.,38.4,5616,
116000007_30.06.2010,116000007,30,6,2010,5616,Hydroptila sp.,1.6,5616,
116000007_30.07.2008,116000007,30,7,2008,5616,Hydroptila sp.,3.2,5616,
116000004_10.03.2011,116000004,10,3,2011,5634,Hypania invalida,29.6,5634,
116000004_11.02.2017,116000004,11,2,2017,5634,Hypania invalida,28.8,5634,
116000004_11.03.2016,116000004,11,3,2016,5634,Hypania invalida,1.6,5634,
116000004_12.02.2014,116000004,12,2,2014,5634,Hypania invalida,120,5634,
116000004_17.02.2015,116000004,17,2,2015,5634,Hypania invalida,64.8,5634,
116000004_27.03.2013,116000004,27,3,2013,5634,Hypania invalida,24,5634,
116000004_10.03.2011,116000004,10,3,2011,5790,Leuctra sp.,4.8,5790,
116000004_22.02.2018,116000004,22,2,2018,5790,Leuctra sp.,2.4,5790,
116000007_03.07.2018,116000007,3,7,2018,5841,Limnephilus rhombicus rhombicus,4.8,5841,
116000007_03.07.2018,116000007,3,7,2018,5862,Limnodrilus claparedeanus,216,5862,
116000007_04.07.2019,116000007,4,7,2019,5862,Limnodrilus claparedeanus,76.8,5862,
116000007_12.05.2009,116000007,12,5,2009,5862,Limnodrilus claparedeanus,195.2,5862,
116000007_30.06.2010,116000007,30,6,2010,5862,Limnodrilus claparedeanus,64.8,5862,
116000007_30.06.2015,116000007,30,6,2015,5862,Limnodrilus claparedeanus,556.8,5862,
116000007_30.07.2008,116000007,30,7,2008,5862,Limnodrilus claparedeanus,351.2,5862,
116000004_10.03.2011,116000004,10,3,2011,5863,Limnodrilus hoffmeisteri,105.6,5863,
116000007_03.07.2018,116000007,3,7,2018,5863,Limnodrilus hoffmeisteri,158.4,5863,
116000007_04.07.2019,116000007,4,7,2019,5863,Limnodrilus hoffmeisteri,355.2,5863,
116000007_12.05.2009,116000007,12,5,2009,5863,Limnodrilus hoffmeisteri,507.2,5863,
116000007_19.07.2011,116000007,19,7,2011,5863,Limnodrilus hoffmeisteri,320.8,5863,
116000007_27.06.2017,116000007,27,6,2017,5863,Limnodrilus hoffmeisteri,711.2,5863,
116000007_30.06.2010,116000007,30,6,2010,5863,Limnodrilus hoffmeisteri,277.6,5863,
116000007_30.06.2015,116000007,30,6,2015,5863,Limnodrilus hoffmeisteri,932.8,5863,
116000007_30.07.2008,116000007,30,7,2008,5863,Limnodrilus hoffmeisteri,303.2,5863,
116000007_30.06.2010,116000007,30,6,2010,5865,Limnodrilus profundicola,64.8,5865,
116000007_03.07.2018,116000007,3,7,2018,5867,Limnodrilus udekemianus,43.2,5867,
116000007_04.07.2019,116000007,4,7,2019,5867,Limnodrilus udekemianus,76.8,5867,
116000007_30.06.2015,116000007,30,6,2015,5867,Limnodrilus udekemianus,376,5867,
116000004_22.02.2018,116000004,22,2,2018,5873,Limnophyes sp.,2.4,5873,
116000007_03.07.2018,116000007,3,7,2018,5873,Limnophyes sp.,4.8,5873,
116000007_03.07.2018,116000007,3,7,2018,5900,Lumbricidae Gen. sp.,1.6,5900,
116000007_04.07.2019,116000007,4,7,2019,5900,Lumbricidae Gen. sp.,0.8,5900,
116000007_19.07.2011,116000007,19,7,2011,5900,Lumbricidae Gen. sp.,3.2,5900,
116000007_27.06.2017,116000007,27,6,2017,5900,Lumbricidae Gen. sp.,62.4,5900,
116000007_30.06.2010,116000007,30,6,2010,5900,Lumbricidae Gen. sp.,9.6,5900,
116000004_22.02.2018,116000004,22,2,2018,5901,Lumbricillus lineatus,14.4,5901,
116000004_27.03.2013,116000004,27,3,2013,5906,Lumbriculus sp.,33.6,5906,
116000004_11.03.2016,116000004,11,3,2016,5946,Marionina sp.,1.6,5946,
116000004_11.03.2016,116000004,11,3,2016,6002,Micronecta sp.,2.4,6002,
116000004_12.02.2014,116000004,12,2,2014,6002,Micronecta sp.,4.8,6002,
116000007_19.07.2011,116000007,19,7,2011,6002,Micronecta sp.,32.8,6002,
116000007_30.06.2015,116000007,30,6,2015,6002,Micronecta sp.,9.6,6002,
116000004_10.03.2011,116000004,10,3,2011,6004,Micropsectra atrofasciata-Agg.,19.2,6004,
116000004_27.03.2013,116000004,27,3,2013,6004,Micropsectra atrofasciata-Agg.,9.6,6004,
116000004_10.03.2011,116000004,10,3,2011,6020,Micropsectra sp.,9.6,6020,
116000004_27.03.2013,116000004,27,3,2013,6020,Micropsectra sp.,38.4,6020,
116000007_19.07.2011,116000007,19,7,2011,6020,Micropsectra sp.,8.8,6020,
116000007_30.06.2010,116000007,30,6,2010,6020,Micropsectra sp.,4,6020,
116000004_10.03.2011,116000004,10,3,2011,6071,Nais bretscheri,33.6,6071,
116000004_11.02.2017,116000004,11,2,2017,6071,Nais bretscheri,302.4,6071,
116000004_12.02.2014,116000004,12,2,2014,6071,Nais bretscheri,52.8,6071,
116000004_21.04.2008,116000004,21,4,2008,6071,Nais bretscheri,16.8,6071,
116000004_10.03.2011,116000004,10,3,2011,6072,Nais communis,100.8,6072,
116000004_11.02.2017,116000004,11,2,2017,6072,Nais communis,192,6072,
116000004_11.03.2016,116000004,11,3,2016,6072,Nais communis,12,6072,
116000004_22.02.2018,116000004,22,2,2018,6072,Nais communis,14.4,6072,
116000004_27.03.2013,116000004,27,3,2013,6072,Nais communis,33.6,6072,
116000004_10.03.2011,116000004,10,3,2011,6073,Nais elinguis,1224,6073,
116000004_11.02.2017,116000004,11,2,2017,6073,Nais elinguis,686.4,6073,
116000004_11.03.2016,116000004,11,3,2016,6073,Nais elinguis,16.8,6073,
116000004_12.02.2014,116000004,12,2,2014,6073,Nais elinguis,52.8,6073,
116000004_17.02.2015,116000004,17,2,2015,6073,Nais elinguis,0.8,6073,
116000004_21.04.2008,116000004,21,4,2008,6073,Nais elinguis,91.2,6073,
116000004_22.02.2018,116000004,22,2,2018,6073,Nais elinguis,362.4,6073,
116000004_27.03.2013,116000004,27,3,2013,6073,Nais elinguis,499.2,6073,
116000007_12.05.2009,116000007,12,5,2009,6073,Nais elinguis,58.4,6073,
116000004_10.03.2011,116000004,10,3,2011,6074,Nais pardalis,33.6,6074,
116000004_22.02.2018,116000004,22,2,2018,6074,Nais pardalis,14.4,6074,
116000007_03.07.2018,116000007,3,7,2018,6074,Nais pardalis,4.8,6074,
116000007_27.06.2017,116000007,27,6,2017,6074,Nais pardalis,19.2,6074,
116000004_11.02.2017,116000004,11,2,2017,6076,Nais simplex,28.8,6076,
116000007_12.05.2009,116000007,12,5,2009,6076,Nais simplex,13.6,6076,
116000007_27.06.2017,116000007,27,6,2017,6076,Nais simplex,9.6,6076,
116000004_21.04.2008,116000004,21,4,2008,6077,Nais sp.,143.2,6077,
116000007_12.05.2009,116000007,12,5,2009,6077,Nais sp.,103.2,6077,
116000004_11.03.2016,116000004,11,3,2016,6078,Nais variabilis,4.8,6078,
116000004_22.02.2018,116000004,22,2,2018,6078,Nais variabilis,14.4,6078,
116000007_04.07.2019,116000007,4,7,2019,6078,Nais variabilis,14.4,6078,
116000007_12.05.2009,116000007,12,5,2009,6078,Nais variabilis,13.6,6078,
116000007_27.06.2017,116000007,27,6,2017,6084,Nanocladius sp.,4.8,6084,
116000004_17.02.2015,116000004,17,2,2015,6127,Niphargus sp.,16,6127,
116000007_12.05.2009,116000007,12,5,2009,6195,Ophidonais serpentina,13.6,6195,
116000007_03.07.2018,116000007,3,7,2018,6207,Orthetrum cancellatum,1.6,6207,
116000007_27.06.2017,116000007,27,6,2017,6207,Orthetrum cancellatum,9.6,6207,
116000004_11.02.2017,116000004,11,2,2017,6208,Orthocladiinae Gen. sp.,110.4,6208,
116000004_17.02.2015,116000004,17,2,2015,6208,Orthocladiinae Gen. sp.,4,6208,
116000004_10.03.2011,116000004,10,3,2011,6212,Orthocladiini COP,384,6212,
116000004_11.03.2016,116000004,11,3,2016,6212,Orthocladiini COP,6.4,6212,
116000004_17.02.2015,116000004,17,2,2015,6212,Orthocladiini COP,16,6212,
116000004_21.04.2008,116000004,21,4,2008,6212,Orthocladiini COP,15.2,6212,
116000004_22.02.2018,116000004,22,2,2018,6212,Orthocladiini COP,52.8,6212,
116000004_27.03.2013,116000004,27,3,2013,6212,Orthocladiini COP,196.8,6212,
116000007_03.07.2018,116000007,3,7,2018,6212,Orthocladiini COP,9.6,6212,
116000007_12.05.2009,116000007,12,5,2009,6212,Orthocladiini COP,202.4,6212,
116000007_19.07.2011,116000007,19,7,2011,6212,Orthocladiini COP,116.8,6212,
116000004_10.03.2011,116000004,10,3,2011,6230,Orthocladius frigidus,9.6,6230,
116000004_27.03.2013,116000004,27,3,2013,6230,Orthocladius frigidus,19.2,6230,
116000007_12.05.2009,116000007,12,5,2009,6235,Orthocladius oblidens,171.2,6235,
116000004_10.03.2011,116000004,10,3,2011,6239,Orthocladius ashei,67.2,6239,
116000004_11.03.2016,116000004,11,3,2016,6239,Orthocladius ashei,8.8,6239,
116000004_21.04.2008,116000004,21,4,2008,6239,Orthocladius ashei,16,6239,
116000004_22.02.2018,116000004,22,2,2018,6239,Orthocladius ashei,2.4,6239,
116000004_27.03.2013,116000004,27,3,2013,6239,Orthocladius ashei,148.8,6239,
116000004_10.03.2011,116000004,10,3,2011,6240,Orthocladius rivulorum,9.6,6240,
116000004_27.03.2013,116000004,27,3,2013,6240,Orthocladius rivulorum,86.4,6240,
116000004_10.03.2011,116000004,10,3,2011,6241,Orthocladius rubicundus,14.4,6241,
116000004_11.02.2017,116000004,11,2,2017,6241,Orthocladius rubicundus,67.2,6241,
116000004_11.03.2016,116000004,11,3,2016,6241,Orthocladius rubicundus,6.4,6241,
116000004_21.04.2008,116000004,21,4,2008,6241,Orthocladius rubicundus,7.2,6241,
116000004_27.03.2013,116000004,27,3,2013,6241,Orthocladius rubicundus,100.8,6241,
116000004_11.02.2017,116000004,11,2,2017,6243,Orthocladius sp.,105.6,6243,
116000004_12.02.2014,116000004,12,2,2014,6243,Orthocladius sp.,144,6243,
116000004_21.04.2008,116000004,21,4,2008,6243,Orthocladius sp.,48,6243,
116000004_22.02.2018,116000004,22,2,2018,6243,Orthocladius sp.,64.8,6243,
116000004_27.03.2013,116000004,27,3,2013,6243,Orthocladius sp.,100.8,6243,
116000007_12.05.2009,116000007,12,5,2009,6243,Orthocladius sp.,92.8,6243,
116000004_22.02.2018,116000004,22,2,2018,6255,Orthocladius thienemanni,4.8,6255,
116000004_10.03.2011,116000004,10,3,2011,6256,Orthocladius wetterensis,590.4,6256,
116000004_11.02.2017,116000004,11,2,2017,6256,Orthocladius wetterensis,139.2,6256,
116000004_11.03.2016,116000004,11,3,2016,6256,Orthocladius wetterensis,16,6256,
116000004_12.02.2014,116000004,12,2,2014,6256,Orthocladius wetterensis,9.6,6256,
116000004_17.02.2015,116000004,17,2,2015,6256,Orthocladius wetterensis,12,6256,
116000004_21.04.2008,116000004,21,4,2008,6256,Orthocladius wetterensis,90.4,6256,
116000004_22.02.2018,116000004,22,2,2018,6256,Orthocladius wetterensis,12,6256,
116000004_27.03.2013,116000004,27,3,2013,6256,Orthocladius wetterensis,307.2,6256,
116000007_03.07.2018,116000007,3,7,2018,6261,Oulimnius tuberculatus Lv.,4.8,6261,
116000007_12.05.2009,116000007,12,5,2009,6291,Paracladius conversus,109.6,6291,
116000007_30.06.2010,116000007,30,6,2010,6297,Paracladopelma sp.,1.6,6297,
116000004_11.02.2017,116000004,11,2,2017,6309,Paraleptophlebia submarginata,4.8,6309,
116000007_03.07.2018,116000007,3,7,2018,6336,Paratanytarsus sp.,4.8,6336,
116000007_27.06.2017,116000007,27,6,2017,6336,Paratanytarsus sp.,72,6336,
116000007_03.07.2018,116000007,3,7,2018,6338,Paratendipes albimanus,4.8,6338,
116000007_04.07.2019,116000007,4,7,2019,6338,Paratendipes albimanus,67.2,6338,
116000007_27.06.2017,116000007,27,6,2017,6338,Paratendipes albimanus,14.4,6338,
116000004_10.03.2011,116000004,10,3,2011,6347,Paratrichocladius rufiventris,446.4,6347,
116000004_11.02.2017,116000004,11,2,2017,6347,Paratrichocladius rufiventris,14.4,6347,
116000004_11.03.2016,116000004,11,3,2016,6347,Paratrichocladius rufiventris,2.4,6347,
116000004_27.03.2013,116000004,27,3,2013,6347,Paratrichocladius rufiventris,19.2,6347,
116000007_12.05.2009,116000007,12,5,2009,6347,Paratrichocladius rufiventris,144,6347,
116000007_03.07.2018,116000007,3,7,2018,6382,Phaenopsectra sp.,9.6,6382,
116000007_04.07.2019,116000007,4,7,2019,6382,Phaenopsectra sp.,96,6382,
116000007_27.06.2017,116000007,27,6,2017,6382,Phaenopsectra sp.,9.6,6382,
116000004_12.02.2014,116000004,12,2,2014,6418,Pisidium henslowanum,4.8,6418,
116000007_04.07.2019,116000007,4,7,2019,6425,Pisidium sp.,14.4,6425,
116000007_03.07.2018,116000007,3,7,2018,6438,Platycnemis pennipes,14.4,6438,
116000007_12.05.2009,116000007,12,5,2009,6438,Platycnemis pennipes,3.2,6438,
116000004_12.02.2014,116000004,12,2,2014,6476,Polypedilum scalaenum-Gr.,24,6476,
116000007_04.07.2019,116000007,4,7,2019,6476,Polypedilum scalaenum-Gr.,67.2,6476,
116000007_12.05.2009,116000007,12,5,2009,6476,Polypedilum scalaenum-Gr.,44.8,6476,
116000007_19.07.2011,116000007,19,7,2011,6476,Polypedilum scalaenum-Gr.,567.2,6476,
116000007_27.06.2017,116000007,27,6,2017,6476,Polypedilum scalaenum-Gr.,19.2,6476,
116000007_30.06.2010,116000007,30,6,2010,6476,Polypedilum scalaenum-Gr.,26.4,6476,
116000007_30.07.2008,116000007,30,7,2008,6476,Polypedilum scalaenum-Gr.,25.6,6476,
116000007_30.06.2015,116000007,30,6,2015,6488,Polypedilum cultellatum,72,6488,
116000004_11.03.2016,116000004,11,3,2016,6489,Polypedilum laetum,4,6489,
116000004_21.04.2008,116000004,21,4,2008,6489,Polypedilum laetum,4.8,6489,
116000004_27.03.2013,116000004,27,3,2013,6492,Polypedilum nubeculosum,9.6,6492,
116000007_03.07.2018,116000007,3,7,2018,6492,Polypedilum nubeculosum,4.8,6492,
116000007_04.07.2019,116000007,4,7,2019,6492,Polypedilum nubeculosum,110.4,6492,
116000004_10.03.2011,116000004,10,3,2011,6501,Polypedilum sp.,9.6,6501,
116000004_27.03.2013,116000004,27,3,2013,6501,Polypedilum sp.,28.8,6501,
116000007_04.07.2019,116000007,4,7,2019,6501,Polypedilum sp.,120,6501,
116000007_30.06.2010,116000007,30,6,2010,6501,Polypedilum sp.,4,6501,
116000004_10.03.2011,116000004,10,3,2011,6510,Potamanthus luteus,14.4,6510,
116000004_12.02.2014,116000004,12,2,2014,6510,Potamanthus luteus,4.8,6510,
116000004_27.03.2013,116000004,27,3,2013,6510,Potamanthus luteus,4.8,6510,
116000007_03.07.2018,116000007,3,7,2018,6529,Potamothrix bavaricus,24,6529,
116000007_04.07.2019,116000007,4,7,2019,6529,Potamothrix bavaricus,158.4,6529,
116000007_27.06.2017,116000007,27,6,2017,6529,Potamothrix bavaricus,122.4,6529,
116000007_30.06.2015,116000007,30,6,2015,6529,Potamothrix bavaricus,1306.4,6529,
116000007_04.07.2019,116000007,4,7,2019,6531,Potamothrix hammoniensis,76.8,6531,
116000007_12.05.2009,116000007,12,5,2009,6531,Potamothrix hammoniensis,151.2,6531,
116000007_19.07.2011,116000007,19,7,2011,6531,Potamothrix hammoniensis,108,6531,
116000007_27.06.2017,116000007,27,6,2017,6531,Potamothrix hammoniensis,19.2,6531,
116000007_30.06.2010,116000007,30,6,2010,6531,Potamothrix hammoniensis,16.8,6531,
116000007_30.06.2015,116000007,30,6,2015,6531,Potamothrix hammoniensis,1306.4,6531,
116000007_30.07.2008,116000007,30,7,2008,6531,Potamothrix hammoniensis,48,6531,
116000004_10.03.2011,116000004,10,3,2011,6533,Potamothrix moldaviensis,350.4,6533,
116000004_11.02.2017,116000004,11,2,2017,6533,Potamothrix moldaviensis,19.2,6533,
116000004_12.02.2014,116000004,12,2,2014,6533,Potamothrix moldaviensis,321.6,6533,
116000004_17.02.2015,116000004,17,2,2015,6533,Potamothrix moldaviensis,44,6533,
116000004_22.02.2018,116000004,22,2,2018,6533,Potamothrix moldaviensis,14.4,6533,
116000004_27.03.2013,116000004,27,3,2013,6533,Potamothrix moldaviensis,33.6,6533,
116000007_30.06.2015,116000007,30,6,2015,6533,Potamothrix moldaviensis,744.8,6533,
116000007_03.07.2018,116000007,3,7,2018,6534,Potamothrix sp.,14.4,6534,
116000007_27.06.2017,116000007,27,6,2017,6534,Potamothrix sp.,19.2,6534,
116000004_12.02.2014,116000004,12,2,2014,6535,Potamothrix vejdovskyi,134.4,6535,
116000004_27.03.2013,116000004,27,3,2013,6535,Potamothrix vejdovskyi,33.6,6535,
116000007_03.07.2018,116000007,3,7,2018,6571,Procladius sp.,24,6571,
116000007_04.07.2019,116000007,4,7,2019,6571,Procladius sp.,24,6571,
116000007_19.07.2011,116000007,19,7,2011,6571,Procladius sp.,3.2,6571,
116000007_27.06.2017,116000007,27,6,2017,6571,Procladius sp.,24,6571,
116000007_30.06.2015,116000007,30,6,2015,6571,Procladius sp.,153.6,6571,
116000007_12.05.2009,116000007,12,5,2009,6583,Prodiamesa olivacea,10.4,6583,
116000007_30.06.2010,116000007,30,6,2010,6583,Prodiamesa olivacea,1.6,6583,
116000007_30.07.2008,116000007,30,7,2008,6583,Prodiamesa olivacea,1.6,6583,
116000004_22.02.2018,116000004,22,2,2018,6586,Propappus volki,4.8,6586,
116000007_12.05.2009,116000007,12,5,2009,6586,Propappus volki,13.6,6586,
116000007_04.07.2019,116000007,4,7,2019,6620,Psammoryctides albicola,38.4,6620,
116000007_27.06.2017,116000007,27,6,2017,6620,Psammoryctides albicola,19.2,6620,
116000007_30.06.2015,116000007,30,6,2015,6620,Psammoryctides albicola,188,6620,
116000004_10.03.2011,116000004,10,3,2011,6621,Psammoryctides barbatus,52.8,6621,
116000004_17.02.2015,116000004,17,2,2015,6621,Psammoryctides barbatus,45.6,6621,
116000004_22.02.2018,116000004,22,2,2018,6621,Psammoryctides barbatus,4.8,6621,
116000004_27.03.2013,116000004,27,3,2013,6621,Psammoryctides barbatus,9.6,6621,
116000007_03.07.2018,116000007,3,7,2018,6621,Psammoryctides barbatus,19.2,6621,
116000007_04.07.2019,116000007,4,7,2019,6621,Psammoryctides barbatus,120,6621,
116000007_30.06.2015,116000007,30,6,2015,6621,Psammoryctides barbatus,0.8,6621,
116000004_12.02.2014,116000004,12,2,2014,6661,Psychomyia pusilla,4.8,6661,
116000007_30.06.2015,116000007,30,6,2015,6669,Radix auricularia,0.8,6669,
116000004_10.03.2011,116000004,10,3,2011,6698,Rheocricotopus chalybeatus,9.6,6698,
116000007_12.05.2009,116000007,12,5,2009,6698,Rheocricotopus chalybeatus,123.2,6698,
116000007_19.07.2011,116000007,19,7,2011,6698,Rheocricotopus chalybeatus,75.2,6698,
116000007_30.06.2010,116000007,30,6,2010,6698,Rheocricotopus chalybeatus,19.2,6698,
116000004_12.02.2014,116000004,12,2,2014,6699,Rheocricotopus effusus,4.8,6699,
116000004_27.03.2013,116000004,27,3,2013,6700,Rheocricotopus fuscipes,19.2,6700,
116000004_11.03.2016,116000004,11,3,2016,6717,Rheotanytarsus sp.,9.6,6717,
116000004_12.02.2014,116000004,12,2,2014,6717,Rheotanytarsus sp.,33.6,6717,
116000004_27.03.2013,116000004,27,3,2013,6717,Rheotanytarsus sp.,9.6,6717,
116000007_03.07.2018,116000007,3,7,2018,6717,Rheotanytarsus sp.,4.8,6717,
116000007_04.07.2019,116000007,4,7,2019,6717,Rheotanytarsus sp.,14.4,6717,
116000007_19.07.2011,116000007,19,7,2011,6717,Rheotanytarsus sp.,12,6717,
116000004_17.02.2015,116000004,17,2,2015,6845,Simulium colombaschense,20,6845,
116000004_10.03.2011,116000004,10,3,2011,6853,Simulium sp.,4.8,6853,
116000004_11.03.2016,116000004,11,3,2016,6853,Simulium sp.,1.6,6853,
116000004_27.03.2013,116000004,27,3,2013,6853,Simulium sp.,9.6,6853,
116000007_12.05.2009,116000007,12,5,2009,6853,Simulium sp.,3.2,6853,
116000007_30.06.2010,116000007,30,6,2010,6853,Simulium sp.,48,6853,
116000004_11.03.2016,116000004,11,3,2016,6871,Slavina appendiculata,2.4,6871,
116000007_27.06.2017,116000007,27,6,2017,6932,Stratiomys sp.,4.8,6932,
116000004_11.03.2016,116000004,11,3,2016,6934,Stylaria lacustris,1.6,6934,
116000004_22.02.2018,116000004,22,2,2018,6934,Stylaria lacustris,26.4,6934,
116000004_10.03.2011,116000004,10,3,2011,6935,Stylodrilus heringianus,369.6,6935,
116000004_11.02.2017,116000004,11,2,2017,6935,Stylodrilus heringianus,201.6,6935,
116000004_11.03.2016,116000004,11,3,2016,6935,Stylodrilus heringianus,1.6,6935,
116000004_12.02.2014,116000004,12,2,2014,6935,Stylodrilus heringianus,264,6935,
116000004_17.02.2015,116000004,17,2,2015,6935,Stylodrilus heringianus,400,6935,
116000004_21.04.2008,116000004,21,4,2008,6935,Stylodrilus heringianus,0.8,6935,
116000004_22.02.2018,116000004,22,2,2018,6935,Stylodrilus heringianus,14.4,6935,
116000004_27.03.2013,116000004,27,3,2013,6935,Stylodrilus heringianus,184,6935,
116000004_27.03.2013,116000004,27,3,2013,6959,Synorthocladius semivirens,76.8,6959,
116000007_04.07.2019,116000007,4,7,2019,6959,Synorthocladius semivirens,9.6,6959,
116000004_22.02.2018,116000004,22,2,2018,6964,Taeniopterygidae Gen. sp.,2.4,6964,
116000007_30.06.2015,116000007,30,6,2015,6973,Tanypus kraatzi,105.6,6973,
116000007_04.07.2019,116000007,4,7,2019,6974,Tanypus punctipennis,14.4,6974,
116000004_10.03.2011,116000004,10,3,2011,6977,Tanytarsini Gen. sp.,4.8,6977,
116000004_11.03.2016,116000004,11,3,2016,6980,Tanytarsus brundini,14.4,6980,
116000004_11.03.2016,116000004,11,3,2016,7009,Tanytarsus sp.,12,7009,
116000004_22.02.2018,116000004,22,2,2018,7009,Tanytarsus sp.,4.8,7009,
116000007_03.07.2018,116000007,3,7,2018,7009,Tanytarsus sp.,19.2,7009,
116000007_04.07.2019,116000007,4,7,2019,7009,Tanytarsus sp.,110.4,7009,
116000007_27.06.2017,116000007,27,6,2017,7009,Tanytarsus sp.,216,7009,
116000004_11.02.2017,116000004,11,2,2017,7027,Theodoxus sp.,9.6,7027,
116000004_22.02.2018,116000004,22,2,2018,7027,Theodoxus sp.,4.8,7027,
116000007_30.07.2008,116000007,30,7,2008,7034,Theromyzon tessulatum,1.6,7034,
116000007_30.06.2010,116000007,30,6,2010,7047,Thienemanniella sp.,1.6,7047,
116000007_03.07.2018,116000007,3,7,2018,7077,Tipula sp.,4.8,7077,
116000007_04.07.2019,116000007,4,7,2019,7116,Tubifex tubifex,38.4,7116,
116000004_10.03.2011,116000004,10,3,2011,7117,Tubificidae Gen. sp.,331.2,7117,
116000004_11.02.2017,116000004,11,2,2017,7117,Tubificidae Gen. sp.,19.2,7117,
116000004_11.03.2016,116000004,11,3,2016,7117,Tubificidae Gen. sp.,4,7117,
116000004_12.02.2014,116000004,12,2,2014,7117,Tubificidae Gen. sp.,398.4,7117,
116000004_17.02.2015,116000004,17,2,2015,7117,Tubificidae Gen. sp.,44,7117,
116000004_22.02.2018,116000004,22,2,2018,7117,Tubificidae Gen. sp.,28.8,7117,
116000004_27.03.2013,116000004,27,3,2013,7117,Tubificidae Gen. sp.,67.2,7117,
116000007_03.07.2018,116000007,3,7,2018,7117,Tubificidae Gen. sp.,470.4,7117,
116000007_04.07.2019,116000007,4,7,2019,7117,Tubificidae Gen. sp.,1656,7117,
116000007_12.05.2009,116000007,12,5,2009,7117,Tubificidae Gen. sp.,240,7117,
116000007_19.07.2011,116000007,19,7,2011,7117,Tubificidae Gen. sp.,891.2,7117,
116000007_27.06.2017,116000007,27,6,2017,7117,Tubificidae Gen. sp.,892.8,7117,
116000007_30.06.2010,116000007,30,6,2010,7117,Tubificidae Gen. sp.,343.2,7117,
116000007_30.06.2015,116000007,30,6,2015,7117,Tubificidae Gen. sp.,6332,7117,
116000007_30.07.2008,116000007,30,7,2008,7117,Tubificidae Gen. sp.,382.4,7117,
116000004_10.03.2011,116000004,10,3,2011,7121,Tvetenia calvescens,163.2,7121,
116000004_11.03.2016,116000004,11,3,2016,7121,Tvetenia calvescens,2.4,7121,
116000004_12.02.2014,116000004,12,2,2014,7121,Tvetenia calvescens,9.6,7121,
116000004_17.02.2015,116000004,17,2,2015,7121,Tvetenia calvescens,12,7121,
116000004_21.04.2008,116000004,21,4,2008,7121,Tvetenia calvescens,5.6,7121,
116000004_27.03.2013,116000004,27,3,2013,7121,Tvetenia calvescens,86.4,7121,
116000004_27.03.2013,116000004,27,3,2013,7131,Uncinais uncinata,33.6,7131,
116000007_30.06.2010,116000007,30,6,2010,7201,Leptophlebiidae Gen. sp.,1.6,7201,
116000007_30.06.2015,116000007,30,6,2015,7203,Allolobophora sp.,2.4,7203,
116000007_04.07.2019,116000007,4,7,2019,7204,Cryptotendipes sp.,4.8,7204,
116000004_11.02.2017,116000004,11,2,2017,7205,Polypedilum aegyptium,4.8,7205,
116000004_12.02.2014,116000004,12,2,2014,7205,Polypedilum aegyptium,9.6,7205,
116000007_04.07.2019,116000007,4,7,2019,7456,Rhyacophila s. str. sp.,4.8,7456,
116000007_03.07.2018,116000007,3,7,2018,7458,Glossiphoniidae Gen. sp.,67.2,7458,
116000004_10.03.2011,116000004,10,3,2011,7471,Orthocladius rivicola,43.2,7471,
116000007_03.07.2018,116000007,3,7,2018,7476,Cricotopus sp.,4.8,7476,
116000007_12.05.2009,116000007,12,5,2009,7476,Cricotopus sp.,55.2,7476,
116000007_19.07.2011,116000007,19,7,2011,7476,Cricotopus sp.,51.2,7476,
116000007_27.06.2017,116000007,27,6,2017,7476,Cricotopus sp.,19.2,7476,
116000004_10.03.2011,116000004,10,3,2011,7490,Lumbriculidae Gen. sp.,86.4,7490,
116000004_11.02.2017,116000004,11,2,2017,7490,Lumbriculidae Gen. sp.,331.2,7490,
116000004_11.03.2016,116000004,11,3,2016,7490,Lumbriculidae Gen. sp.,79.2,7490,
116000004_12.02.2014,116000004,12,2,2014,7490,Lumbriculidae Gen. sp.,1262.4,7490,
116000004_17.02.2015,116000004,17,2,2015,7490,Lumbriculidae Gen. sp.,1160.8,7490,
116000004_22.02.2018,116000004,22,2,2018,7490,Lumbriculidae Gen. sp.,487.2,7490,
116000004_27.03.2013,116000004,27,3,2013,7490,Lumbriculidae Gen. sp.,693.6,7490,
116000007_27.06.2017,116000007,27,6,2017,7490,Lumbriculidae Gen. sp.,52.8,7490,
116000007_30.06.2015,116000007,30,6,2015,7490,Lumbriculidae Gen. sp.,187.2,7490,
116000007_30.07.2008,116000007,30,7,2008,7493,Psammoryctides moravicus,80.8,7493,
116000004_10.03.2011,116000004,10,3,2011,7517,Dikerogammarus villosus,110.4,7517,
116000004_11.02.2017,116000004,11,2,2017,7517,Dikerogammarus villosus,14.4,7517,
116000004_11.03.2016,116000004,11,3,2016,7517,Dikerogammarus villosus,8,7517,
116000004_12.02.2014,116000004,12,2,2014,7517,Dikerogammarus villosus,225.6,7517,
116000004_17.02.2015,116000004,17,2,2015,7517,Dikerogammarus villosus,24,7517,
116000004_21.04.2008,116000004,21,4,2008,7517,Dikerogammarus villosus,48,7517,
116000004_22.02.2018,116000004,22,2,2018,7517,Dikerogammarus villosus,14.4,7517,
116000004_27.03.2013,116000004,27,3,2013,7517,Dikerogammarus villosus,28,7517,
116000007_03.07.2018,116000007,3,7,2018,7731,Paratanytarsus dissimilis,19.2,7731,
116000007_12.05.2009,116000007,12,5,2009,7731,Paratanytarsus dissimilis,10.4,7731,
116000007_27.06.2017,116000007,27,6,2017,7731,Paratanytarsus dissimilis,81.6,7731,
116000007_04.07.2019,116000007,4,7,2019,7759,Glyptotendipes barbipes,14.4,7759,
116000004_10.03.2011,116000004,10,3,2011,7843,Simulium ornatum,4.8,7843,
116000007_04.07.2019,116000007,4,7,2019,7843,Simulium ornatum,9.6,7843,
116000004_17.02.2015,116000004,17,2,2015,7850,Simulium balcanicum,8,7850,
116000004_11.02.2017,116000004,11,2,2017,7851,Simulium equinum,4.8,7851,
116000004_17.02.2015,116000004,17,2,2015,7852,Simulium lineatum,4,7852,
116000004_10.03.2011,116000004,10,3,2011,7901,Orthocladius obumbratus,72,7901,
116000004_11.02.2017,116000004,11,2,2017,7901,Orthocladius obumbratus,240,7901,
116000004_11.03.2016,116000004,11,3,2016,7901,Orthocladius obumbratus,28.8,7901,
116000004_17.02.2015,116000004,17,2,2015,7901,Orthocladius obumbratus,24,7901,
116000004_21.04.2008,116000004,21,4,2008,7901,Orthocladius obumbratus,319.2,7901,
116000004_22.02.2018,116000004,22,2,2018,7901,Orthocladius obumbratus,24,7901,
116000004_27.03.2013,116000004,27,3,2013,7901,Orthocladius obumbratus,590.4,7901,
116000007_12.05.2009,116000007,12,5,2009,7901,Orthocladius obumbratus,82.4,7901,
116000007_04.07.2019,116000007,4,7,2019,7966,Musculium lacustre,1.6,7966,
116000007_12.05.2009,116000007,12,5,2009,7969,Potthastia longimana,7.2,7969,
116000004_12.02.2014,116000004,12,2,2014,7989,Nais stolci,28.8,7989,
116000004_10.03.2011,116000004,10,3,2011,8013,Theodoxus danubialis danubialis,4.8,8013,
116000004_11.03.2016,116000004,11,3,2016,8095,Micropsectra atrofasciata,2.4,8095,
116000007_30.06.2010,116000007,30,6,2010,8095,Micropsectra atrofasciata,20.8,8095,
116000007_27.06.2017,116000007,27,6,2017,8109,Paratanytarsus tenuis,153.6,8109,
116000004_11.02.2017,116000004,11,2,2017,8142,Hydropsyche incognita,4.8,8142,
116000004_12.02.2014,116000004,12,2,2014,8142,Hydropsyche incognita,1.6,8142,
116000004_17.02.2015,116000004,17,2,2015,8142,Hydropsyche incognita,4,8142,
116000004_27.03.2013,116000004,27,3,2013,8142,Hydropsyche incognita,6.4,8142,
116000004_11.03.2016,116000004,11,3,2016,8180,Cricotopus vierriensis,1.6,8180,
116000007_30.06.2010,116000007,30,6,2010,8180,Cricotopus vierriensis,1.6,8180,
116000004_10.03.2011,116000004,10,3,2011,8251,Potamopyrgus antipodarum,19.2,8251,
116000004_11.03.2016,116000004,11,3,2016,8251,Potamopyrgus antipodarum,8.8,8251,
116000004_12.02.2014,116000004,12,2,2014,8251,Potamopyrgus antipodarum,33.6,8251,
116000004_17.02.2015,116000004,17,2,2015,8251,Potamopyrgus antipodarum,28,8251,
116000004_21.04.2008,116000004,21,4,2008,8251,Potamopyrgus antipodarum,3.2,8251,
116000004_22.02.2018,116000004,22,2,2018,8251,Potamopyrgus antipodarum,4.8,8251,
116000004_27.03.2013,116000004,27,3,2013,8251,Potamopyrgus antipodarum,4.8,8251,
116000007_03.07.2018,116000007,3,7,2018,8251,Potamopyrgus antipodarum,72,8251,
116000007_04.07.2019,116000007,4,7,2019,8251,Potamopyrgus antipodarum,129.6,8251,
116000007_19.07.2011,116000007,19,7,2011,8251,Potamopyrgus antipodarum,8.8,8251,
116000007_27.06.2017,116000007,27,6,2017,8251,Potamopyrgus antipodarum,13065.6,8251,
116000007_30.06.2015,116000007,30,6,2015,8251,Potamopyrgus antipodarum,1377.6,8251,
116000007_27.06.2017,116000007,27,6,2017,8296,Haliplus ruficollis Ad.,24,8296,
116000007_27.06.2017,116000007,27,6,2017,8411,Libellulidae Gen. sp.,4.8,8411,
116000007_27.06.2017,116000007,27,6,2017,8427,Dolichopodidae Gen. sp.,4.8,8427,
116000004_11.03.2016,116000004,11,3,2016,8429,Sphaeriidae Gen. sp.,1.6,8429,
116000004_27.03.2013,116000004,27,3,2013,8429,Sphaeriidae Gen. sp.,4.8,8429,
116000007_03.07.2018,116000007,3,7,2018,8429,Sphaeriidae Gen. sp.,24,8429,
116000007_27.06.2017,116000007,27,6,2017,8429,Sphaeriidae Gen. sp.,96,8429,
116000007_30.06.2015,116000007,30,6,2015,8429,Sphaeriidae Gen. sp.,859.2,8429,
116000007_04.07.2019,116000007,4,7,2019,8661,Physella sp.,19.2,8661,
116000007_19.07.2011,116000007,19,7,2011,8661,Physella sp.,6.4,8661,
116000007_30.06.2015,116000007,30,6,2015,8661,Physella sp.,72.8,8661,
116000007_30.07.2008,116000007,30,7,2008,8661,Physella sp.,3.2,8661,
116000007_03.07.2018,116000007,3,7,2018,8691,Asellus aquaticus,1819.2,8691,
116000007_04.07.2019,116000007,4,7,2019,8691,Asellus aquaticus,187.2,8691,
116000007_12.05.2009,116000007,12,5,2009,8691,Asellus aquaticus,178.4,8691,
116000007_27.06.2017,116000007,27,6,2017,8691,Asellus aquaticus,5208,8691,
116000007_30.06.2010,116000007,30,6,2010,8691,Asellus aquaticus,56.8,8691,
116000007_30.06.2015,116000007,30,6,2015,8691,Asellus aquaticus,220.8,8691,
116000007_30.07.2008,116000007,30,7,2008,8691,Asellus aquaticus,36.8,8691,
116000004_10.03.2011,116000004,10,3,2011,8700,Jaera istri,1113.6,8700,
116000004_11.02.2017,116000004,11,2,2017,8700,Jaera istri,196.8,8700,
116000004_11.03.2016,116000004,11,3,2016,8700,Jaera istri,189.6,8700,
116000004_12.02.2014,116000004,12,2,2014,8700,Jaera istri,3993.6,8700,
116000004_17.02.2015,116000004,17,2,2015,8700,Jaera istri,172,8700,
116000004_21.04.2008,116000004,21,4,2008,8700,Jaera istri,7.2,8700,
116000004_22.02.2018,116000004,22,2,2018,8700,Jaera istri,98.4,8700,
116000004_27.03.2013,116000004,27,3,2013,8700,Jaera istri,532.8,8700,
116000007_04.07.2019,116000007,4,7,2019,8753,Psychodidae Gen. sp.,4.8,8753,
116000007_27.06.2017,116000007,27,6,2017,8753,Psychodidae Gen. sp.,4.8,8753,
116000007_30.06.2015,116000007,30,6,2015,8753,Psychodidae Gen. sp.,4.8,8753,
116000007_03.07.2018,116000007,3,7,2018,8819,Simulium erythrocephalum,33.6,8819,
116000007_12.05.2009,116000007,12,5,2009,8819,Simulium erythrocephalum,7.2,8819,
116000007_30.06.2015,116000007,30,6,2015,8819,Simulium erythrocephalum,24,8819,
116000004_10.03.2011,116000004,10,3,2011,8831,Turbellaria Gen. sp.,14.4,8831,
116000007_03.07.2018,116000007,3,7,2018,8831,Turbellaria Gen. sp.,14.4,8831,
116000007_04.07.2019,116000007,4,7,2019,8831,Turbellaria Gen. sp.,9.6,8831,
116000007_27.06.2017,116000007,27,6,2017,8831,Turbellaria Gen. sp.,38.4,8831,
116000004_11.03.2016,116000004,11,3,2016,8851,Bryozoa Gen. sp.,1.6,8851,
116000007_03.07.2018,116000007,3,7,2018,8852,Piscicolidae Gen. sp.,4.8,8852,
116000004_12.02.2014,116000004,12,2,2014,8918,Echinogammarus sp.,264,8918,
116000004_27.03.2013,116000004,27,3,2013,8918,Echinogammarus sp.,528,8918,
116000004_10.03.2011,116000004,10,3,2011,8961,Dikerogammarus sp.,144,8961,
116000004_11.02.2017,116000004,11,2,2017,8961,Dikerogammarus sp.,14.4,8961,
116000004_11.03.2016,116000004,11,3,2016,8961,Dikerogammarus sp.,7.2,8961,
116000004_12.02.2014,116000004,12,2,2014,8961,Dikerogammarus sp.,225.6,8961,
116000004_17.02.2015,116000004,17,2,2015,8961,Dikerogammarus sp.,28,8961,
116000004_22.02.2018,116000004,22,2,2018,8961,Dikerogammarus sp.,14.4,8961,
116000004_27.03.2013,116000004,27,3,2013,8961,Dikerogammarus sp.,43.2,8961,
116000004_11.03.2016,116000004,11,3,2016,9001,Gymnometriocnemus sp.,1.6,9001,
116000004_11.02.2017,116000004,11,2,2017,9206,Sympotthastia sp.,4.8,9206,
116000004_27.03.2013,116000004,27,3,2013,9206,Sympotthastia sp.,9.6,9206,
116000004_11.03.2016,116000004,11,3,2016,9227,Vejdovskiella sp.,4.8,9227,
116000007_03.07.2018,116000007,3,7,2018,9227,Vejdovskiella sp.,4.8,9227,
116000007_04.07.2019,116000007,4,7,2019,9247,Hydrozoa Gen. sp.,24,9247,
116000007_27.06.2017,116000007,27,6,2017,9247,Hydrozoa Gen. sp.,168,9247,
116000007_30.06.2010,116000007,30,6,2010,9247,Hydrozoa Gen. sp.,1.6,9247,
116000007_30.06.2010,116000007,30,6,2010,9330,Bezzia-Gr. sp.,1.6,9330,
116000007_30.06.2015,116000007,30,6,2015,9599,Ephydridae Gen. sp.,4.8,9599,
116000004_22.02.2018,116000004,22,2,2018,9623,Orthocladius rivicola-Gr.,2.4,9623,
116000004_27.03.2013,116000004,27,3,2013,9673,Micropsectra/Tanytarsus sp.,57.6,9673,
116000007_27.06.2017,116000007,27,6,2017,9673,Micropsectra/Tanytarsus sp.,33.6,9673,
116000007_04.07.2019,116000007,4,7,2019,9684,Tvetenia discoloripes/verralli,14.4,9684,
116000004_11.02.2017,116000004,11,2,2017,9686,Baetis lutheri/vardarensis,0.8,9686,
116000004_17.02.2015,116000004,17,2,2015,9688,Simulium ornatum-Gr.,8,9688,
116000004_11.03.2016,116000004,11,3,2016,9762,Simulium (Wilhelmia) sp.,1.6,9762,
116000004_12.02.2014,116000004,12,2,2014,9762,Simulium (Wilhelmia) sp.,4.8,9762,
116000004_17.02.2015,116000004,17,2,2015,9762,Simulium (Wilhelmia) sp.,20,9762,
116000004_27.03.2013,116000004,27,3,2013,9762,Simulium (Wilhelmia) sp.,9.6,9762,
116000007_04.07.2019,116000007,4,7,2019,9762,Simulium (Wilhelmia) sp.,4.8,9762,
116000007_30.06.2010,116000007,30,6,2010,9762,Simulium (Wilhelmia) sp.,20.8,9762,
116000004_12.02.2014,116000004,12,2,2014,9799,Obesogammarus obesus,52.8,9799,
116000004_17.02.2015,116000004,17,2,2015,9799,Obesogammarus obesus,4,9799,
116000004_11.02.2017,116000004,11,2,2017,9808,Gordiidae Gen. sp.,4.8,9808,
116000004_10.03.2011,116000004,10,3,2011,10323,Gammaridae Gen. sp.,100.8,10323,
116000004_11.02.2017,116000004,11,2,2017,10323,Gammaridae Gen. sp.,9.6,10323,
116000004_11.03.2016,116000004,11,3,2016,10323,Gammaridae Gen. sp.,49.6,10323,
116000004_12.02.2014,116000004,12,2,2014,10323,Gammaridae Gen. sp.,105.6,10323,
116000004_17.02.2015,116000004,17,2,2015,10323,Gammaridae Gen. sp.,64,10323,
116000004_21.04.2008,116000004,21,4,2008,10323,Gammaridae Gen. sp.,187.2,10323,
116000004_22.02.2018,116000004,22,2,2018,10323,Gammaridae Gen. sp.,103.2,10323,
116000004_27.03.2013,116000004,27,3,2013,10323,Gammaridae Gen. sp.,470.4,10323,
116000004_27.03.2013,116000004,27,3,2013,10400,Echinogammarus trichiatus,0.8,10400,
116000004_11.02.2017,116000004,11,2,2017,10525,Microtendipes pedellus-Gr.,19.2,10525,
116000007_12.05.2009,116000007,12,5,2009,10625,Coleoptera Gen. sp. Ad.,3.2,10625,
116000004_10.03.2011,116000004,10,3,2011,11178,Corbicula sp.,9.6,11178,
116000004_11.02.2017,116000004,11,2,2017,11178,Corbicula sp.,9.6,11178,
116000004_11.03.2016,116000004,11,3,2016,11178,Corbicula sp.,2.4,11178,
116000004_12.02.2014,116000004,12,2,2014,11178,Corbicula sp.,108,11178,
116000004_17.02.2015,116000004,17,2,2015,11178,Corbicula sp.,16,11178,
116000004_22.02.2018,116000004,22,2,2018,11178,Corbicula sp.,2.4,11178,
116000004_27.03.2013,116000004,27,3,2013,11178,Corbicula sp.,8,11178,
116000007_30.06.2010,116000007,30,6,2010,16959,Radix balthica,1.6,16959,
116000007_27.06.2017,116000007,27,6,2017,16982,Radix labiata,0.8,16982,
116000007_03.07.2018,116000007,3,7,2018,19391,Pisidium casertanum ssp.,4.8,19391,
116000004_17.02.2015,116000004,17,2,2015,20427,Simulium variegatum-Gr.,8,20427,
116000004_10.03.2011,116000004,10,3,2011,7057,"Thienemannimyia Gr., Gen. indet.",9.6,,
116000004_11.02.2017,116000004,11,2,2017,7025,Theodoxus fluviatilis ssp.,4.8,,
116000004_12.02.2014,116000004,12,2,2014,7025,Theodoxus fluviatilis ssp.,51.2,,
116000004_17.02.2015,116000004,17,2,2015,7025,Theodoxus fluviatilis ssp.,48,,
116000004_21.04.2008,116000004,21,4,2008,8813,Nematoda Gen. sp.,2.4,,
116000004_22.02.2018,116000004,22,2,2018,7025,Theodoxus fluviatilis ssp.,15.2,,
116000004_27.03.2013,116000004,27,3,2013,7025,Theodoxus fluviatilis ssp.,10.4,,
116000007_04.07.2019,116000007,4,7,2019,7057,"Thienemannimyia Gr., Gen. indet.",38.4,,
116000007_12.05.2009,116000007,12,5,2009,8813,Nematoda Gen. sp.,31.2,,
116000007_19.07.2011,116000007,19,7,2011,8813,Nematoda Gen. sp.,3.2,,
116000007_30.06.2010,116000007,30,6,2010,8813,Nematoda Gen. sp.,4,,
116000007_30.06.2010,116000007,30,6,2010,7057,"Thienemannimyia Gr., Gen. indet.",4,,
116000007_30.07.2008,116000007,30,7,2008,8813,Nematoda Gen. sp.,3.2,,
