sample_id,site_id,day,month,year,taxon_id,taxon,abundance,listed in freshwaterecology.com,,
115000001_01.04.1993,115000001,1,4,1993,4528,Caenis sp.,167,4528,,
115000001_01.04.1993,115000001,1,4,1993,4585,Ceratopogonidae Gen. sp.,14,4585,,
115000001_01.04.1993,115000001,1,4,1993,4644,Chironomini Gen. sp.,19,4644,,
115000001_01.04.1993,115000001,1,4,1993,4723,Coenagrionidae Gen. sp.,10,4723,,
115000001_01.04.1993,115000001,1,4,1993,6002,Micronecta sp.,43,6002,,
115000001_01.04.1993,115000001,1,4,1993,6065,Mystacides sp.,8,6065,,
115000001_01.04.1993,115000001,1,4,1993,6068,Naididae Gen. sp.,4,6068,,
115000001_01.04.1993,115000001,1,4,1993,6108,Nemoura sp.,15,6108,,
115000001_01.04.1993,115000001,1,4,1993,6208,Orthocladiinae Gen. sp.,30,6208,,
115000001_01.04.1993,115000001,1,4,1993,6396,Physella acuta,6,6396,,
115000001_01.04.1993,115000001,1,4,1993,6842,Simuliidae Gen. sp.,410,6842,,
115000001_01.04.1993,115000001,1,4,1993,6964,Taeniopterygidae Gen. sp.,37,6964,,
115000001_01.04.1993,115000001,1,4,1993,6972,Tanypodinae Gen. sp.,57,6972,,
115000001_01.04.1993,115000001,1,4,1993,6977,Tanytarsini Gen. sp.,107,6977,,
115000001_01.04.1993,115000001,1,4,1993,7117,Tubificidae Gen. sp.,22,7117,,
115000001_01.04.1993,115000001,1,4,1993,7490,Lumbriculidae Gen. sp.,4,7490,,
115000001_01.04.1993,115000001,1,4,1993,8438,Aeshnidae Gen. sp.,1,8438,,
115000001_01.04.1993,115000001,1,4,1993,8483,Limoniidae Gen. sp.,5,8483,,
115000001_01.04.1993,115000001,1,4,1993,9272,Atyaephyra desmaresti,1,9272,,
115000001_01.04.1993,115000001,1,4,1993,13077,Tyrrhenoleuctra sp.,15,13077,,
115000001_01.04.1993,115000001,1,4,1993,17901,Haliplus sp.,2,,,
115000001_01.04.1993,115000001,1,4,1993,18626,Oulimnius sp.,46,,,
115000001_01.04.1993,115000001,1,4,1993,18642,Peltodytes rotundatus,3,,,
115000001_01.04.1993,115000001,1,4,1993,18707,Scirtidae Gen. sp.,8,,,
115000001_01.04.1994,115000001,1,4,1994,4380,Baetidae Gen. sp.,55,4380,,
115000001_01.04.1994,115000001,1,4,1994,4528,Caenis sp.,129,4528,,
115000001_01.04.1994,115000001,1,4,1994,4585,Ceratopogonidae Gen. sp.,7,4585,,
115000001_01.04.1994,115000001,1,4,1994,4644,Chironomini Gen. sp.,7,4644,,
115000001_01.04.1994,115000001,1,4,1994,4677,Choroterpes picteti,102,4677,,
115000001_01.04.1994,115000001,1,4,1994,4723,Coenagrionidae Gen. sp.,50,4723,,
115000001_01.04.1994,115000001,1,4,1994,5053,Ecdyonurus sp.,2,5053,,
115000001_01.04.1994,115000001,1,4,1994,5137,Ephemerella sp.,22,5137,,
115000001_01.04.1994,115000001,1,4,1994,5900,Lumbricidae Gen. sp.,4,5900,,
115000001_01.04.1994,115000001,1,4,1994,6002,Micronecta sp.,32,6002,,
115000001_01.04.1994,115000001,1,4,1994,6068,Naididae Gen. sp.,1,6068,,
115000001_01.04.1994,115000001,1,4,1994,6108,Nemoura sp.,8,6108,,
115000001_01.04.1994,115000001,1,4,1994,6208,Orthocladiinae Gen. sp.,16,6208,,
115000001_01.04.1994,115000001,1,4,1994,6396,Physella acuta,1,6396,,
115000001_01.04.1994,115000001,1,4,1994,6842,Simuliidae Gen. sp.,27,6842,,
115000001_01.04.1994,115000001,1,4,1994,6972,Tanypodinae Gen. sp.,27,6972,,
115000001_01.04.1994,115000001,1,4,1994,6977,Tanytarsini Gen. sp.,14,6977,,
115000001_01.04.1994,115000001,1,4,1994,7117,Tubificidae Gen. sp.,64,7117,,
115000001_01.04.1994,115000001,1,4,1994,7455,Hydroptilidae Gen. sp.,1,7455,,
115000001_01.04.1994,115000001,1,4,1994,7490,Lumbriculidae Gen. sp.,7,7490,,
115000001_01.04.1994,115000001,1,4,1994,8440,Capniidae Gen. sp.,8,8440,,
115000001_01.04.1994,115000001,1,4,1994,8483,Limoniidae Gen. sp.,1,8483,,
115000001_01.04.1994,115000001,1,4,1994,9048,Isogenus sp.,34,9048,,
115000001_01.04.1994,115000001,1,4,1994,9272,Atyaephyra desmaresti,26,9272,,
115000001_01.04.1994,115000001,1,4,1994,13077,Tyrrhenoleuctra sp.,4,13077,,
115000001_01.04.1994,115000001,1,4,1994,18626,Oulimnius sp.,114,,,
115000001_01.04.1994,115000001,1,4,1994,18642,Peltodytes rotundatus,1,,,
115000001_01.04.1995,115000001,1,4,1995,4310,Ancylus fluviatilis,3,4310,,
115000001_01.04.1995,115000001,1,4,1995,4380,Baetidae Gen. sp.,35,4380,,
115000001_01.04.1995,115000001,1,4,1995,4528,Caenis sp.,28,4528,,
115000001_01.04.1995,115000001,1,4,1995,4585,Ceratopogonidae Gen. sp.,1,4585,,
115000001_01.04.1995,115000001,1,4,1995,4644,Chironomini Gen. sp.,17,4644,,
115000001_01.04.1995,115000001,1,4,1995,4677,Choroterpes picteti,1,4677,,
115000001_01.04.1995,115000001,1,4,1995,5160,Erpobdella sp.,1,5160,,
115000001_01.04.1995,115000001,1,4,1995,5546,Hydrometra stagnorum,1,5546,,
115000001_01.04.1995,115000001,1,4,1995,6208,Orthocladiinae Gen. sp.,152,6208,,
115000001_01.04.1995,115000001,1,4,1995,6842,Simuliidae Gen. sp.,404,6842,,
115000001_01.04.1995,115000001,1,4,1995,6964,Taeniopterygidae Gen. sp.,5,6964,,
115000001_01.04.1995,115000001,1,4,1995,6972,Tanypodinae Gen. sp.,2,6972,,
115000001_01.04.1995,115000001,1,4,1995,7117,Tubificidae Gen. sp.,1,7117,,
115000001_01.04.1995,115000001,1,4,1995,7455,Hydroptilidae Gen. sp.,1,7455,,
115000001_01.04.1995,115000001,1,4,1995,8483,Limoniidae Gen. sp.,4,8483,,
115000001_01.04.1995,115000001,1,4,1995,9048,Isogenus sp.,5,9048,,
115000001_01.04.1995,115000001,1,4,1995,9272,Atyaephyra desmaresti,2,9272,,
115000001_01.04.1995,115000001,1,4,1995,13077,Tyrrhenoleuctra sp.,6,13077,,
115000001_01.04.1995,115000001,1,4,1995,17756,Dytiscidae Gen. sp.,12,,,
115000001_01.04.1995,115000001,1,4,1995,18186,Hydrophilidae Gen. sp.,5,,,
115000001_01.04.1995,115000001,1,4,1995,18491,Noterus sp.,1,,,
115000001_01.04.1995,115000001,1,4,1995,18600,Ochthebius sp.,2,,,
115000001_01.04.1995,115000001,1,4,1995,18626,Oulimnius sp.,32,,,
115000001_01.04.1996,115000001,1,4,1996,4380,Baetidae Gen. sp.,30,4380,,
115000001_01.04.1996,115000001,1,4,1996,4528,Caenis sp.,41,4528,,
115000001_01.04.1996,115000001,1,4,1996,4585,Ceratopogonidae Gen. sp.,7,4585,,
115000001_01.04.1996,115000001,1,4,1996,4677,Choroterpes picteti,271,4677,,
115000001_01.04.1996,115000001,1,4,1996,4723,Coenagrionidae Gen. sp.,1,4723,,
115000001_01.04.1996,115000001,1,4,1996,5053,Ecdyonurus sp.,31,5053,,
115000001_01.04.1996,115000001,1,4,1996,5137,Ephemerella sp.,14,5137,,
115000001_01.04.1996,115000001,1,4,1996,5673,Isoperla sp.,1,5673,,
115000001_01.04.1996,115000001,1,4,1996,6002,Micronecta sp.,20,6002,,
115000001_01.04.1996,115000001,1,4,1996,6108,Nemoura sp.,36,6108,,
115000001_01.04.1996,115000001,1,4,1996,6842,Simuliidae Gen. sp.,1,6842,,
115000001_01.04.1996,115000001,1,4,1996,6972,Tanypodinae Gen. sp.,22,6972,,
115000001_01.04.1996,115000001,1,4,1996,7117,Tubificidae Gen. sp.,12,7117,,
115000001_01.04.1996,115000001,1,4,1996,7490,Lumbriculidae Gen. sp.,8,7490,,
115000001_01.04.1996,115000001,1,4,1996,9048,Isogenus sp.,14,9048,,
115000001_01.04.1996,115000001,1,4,1996,13077,Tyrrhenoleuctra sp.,172,13077,,
115000001_01.04.1996,115000001,1,4,1996,17756,Dytiscidae Gen. sp.,6,,,
115000001_01.04.1996,115000001,1,4,1996,17901,Haliplus sp.,1,,,
115000001_01.04.1996,115000001,1,4,1996,18186,Hydrophilidae Gen. sp.,1,,,
115000001_01.04.1996,115000001,1,4,1996,18626,Oulimnius sp.,24,,,
115000001_01.04.1997,115000001,1,4,1997,4310,Ancylus fluviatilis,1,4310,,
115000001_01.04.1997,115000001,1,4,1997,4371,Athripsodes sp.,2,4371,,
115000001_01.04.1997,115000001,1,4,1997,4380,Baetidae Gen. sp.,219,4380,,
115000001_01.04.1997,115000001,1,4,1997,4528,Caenis sp.,108,4528,,
115000001_01.04.1997,115000001,1,4,1997,4585,Ceratopogonidae Gen. sp.,3,4585,,
115000001_01.04.1997,115000001,1,4,1997,4644,Chironomini Gen. sp.,3,4644,,
115000001_01.04.1997,115000001,1,4,1997,4723,Coenagrionidae Gen. sp.,11,4723,,
115000001_01.04.1997,115000001,1,4,1997,5137,Ephemerella sp.,18,5137,,
115000001_01.04.1997,115000001,1,4,1997,5160,Erpobdella sp.,1,5160,,
115000001_01.04.1997,115000001,1,4,1997,5303,Gerris sp.,1,5303,,
115000001_01.04.1997,115000001,1,4,1997,5546,Hydrometra stagnorum,3,5546,,
115000001_01.04.1997,115000001,1,4,1997,5673,Isoperla sp.,17,5673,,
115000001_01.04.1997,115000001,1,4,1997,6108,Nemoura sp.,4,6108,,
115000001_01.04.1997,115000001,1,4,1997,6208,Orthocladiinae Gen. sp.,1,6208,,
115000001_01.04.1997,115000001,1,4,1997,6396,Physella acuta,1,6396,,
115000001_01.04.1997,115000001,1,4,1997,6842,Simuliidae Gen. sp.,186,6842,,
115000001_01.04.1997,115000001,1,4,1997,6864,Siphlonurus sp.,7,6864,,
115000001_01.04.1997,115000001,1,4,1997,6964,Taeniopterygidae Gen. sp.,36,6964,,
115000001_01.04.1997,115000001,1,4,1997,6972,Tanypodinae Gen. sp.,5,6972,,
115000001_01.04.1997,115000001,1,4,1997,8440,Capniidae Gen. sp.,17,8440,,
115000001_01.04.1997,115000001,1,4,1997,8649,Naucoridae Gen. sp.,1,8649,,
115000001_01.04.1997,115000001,1,4,1997,9272,Atyaephyra desmaresti,21,9272,,
115000001_01.04.1997,115000001,1,4,1997,10709,Procambarus clarkii,1,10709,,
115000001_01.04.1997,115000001,1,4,1997,11202,Parasigara transversa,2,11202,,
115000001_01.04.1997,115000001,1,4,1997,13077,Tyrrhenoleuctra sp.,51,13077,,
115000001_01.04.1997,115000001,1,4,1997,17756,Dytiscidae Gen. sp.,10,,,
115000001_01.04.1997,115000001,1,4,1997,18130,Hydraena sp.,4,,,
115000001_01.04.1997,115000001,1,4,1997,18626,Oulimnius sp.,79,,,
115000001_01.04.1998,115000001,1,4,1998,4310,Ancylus fluviatilis,3,4310,,
115000001_01.04.1998,115000001,1,4,1998,4380,Baetidae Gen. sp.,6,4380,,
115000001_01.04.1998,115000001,1,4,1998,4528,Caenis sp.,45,4528,,
115000001_01.04.1998,115000001,1,4,1998,4585,Ceratopogonidae Gen. sp.,12,4585,,
115000001_01.04.1998,115000001,1,4,1998,4644,Chironomini Gen. sp.,26,4644,,
115000001_01.04.1998,115000001,1,4,1998,5053,Ecdyonurus sp.,2,5053,,
115000001_01.04.1998,115000001,1,4,1998,5137,Ephemerella sp.,4,5137,,
115000001_01.04.1998,115000001,1,4,1998,5673,Isoperla sp.,1,5673,,
115000001_01.04.1998,115000001,1,4,1998,6068,Naididae Gen. sp.,6,6068,,
115000001_01.04.1998,115000001,1,4,1998,6208,Orthocladiinae Gen. sp.,60,6208,,
115000001_01.04.1998,115000001,1,4,1998,6842,Simuliidae Gen. sp.,12,6842,,
115000001_01.04.1998,115000001,1,4,1998,6972,Tanypodinae Gen. sp.,7,6972,,
115000001_01.04.1998,115000001,1,4,1998,6977,Tanytarsini Gen. sp.,42,6977,,
115000001_01.04.1998,115000001,1,4,1998,7117,Tubificidae Gen. sp.,18,7117,,
115000001_01.04.1998,115000001,1,4,1998,7490,Lumbriculidae Gen. sp.,1,7490,,
115000001_01.04.1998,115000001,1,4,1998,8483,Limoniidae Gen. sp.,5,8483,,
115000001_01.04.1998,115000001,1,4,1998,8485,Tabanidae Gen. sp.,1,8485,,
115000001_01.04.1998,115000001,1,4,1998,9272,Atyaephyra desmaresti,7,9272,,
115000001_01.04.1998,115000001,1,4,1998,13055,Thraulus bellus,1,13055,,
115000001_01.04.1998,115000001,1,4,1998,18626,Oulimnius sp.,23,,,
115000001_01.04.1999,115000001,1,4,1999,4371,Athripsodes sp.,1,4371,,
115000001_01.04.1999,115000001,1,4,1999,4380,Baetidae Gen. sp.,13,4380,,
115000001_01.04.1999,115000001,1,4,1999,4528,Caenis sp.,99,4528,,
115000001_01.04.1999,115000001,1,4,1999,4585,Ceratopogonidae Gen. sp.,9,4585,,
115000001_01.04.1999,115000001,1,4,1999,4644,Chironomini Gen. sp.,123,4644,,
115000001_01.04.1999,115000001,1,4,1999,4677,Choroterpes picteti,2,4677,,
115000001_01.04.1999,115000001,1,4,1999,6002,Micronecta sp.,93,6002,,
115000001_01.04.1999,115000001,1,4,1999,6108,Nemoura sp.,16,6108,,
115000001_01.04.1999,115000001,1,4,1999,6208,Orthocladiinae Gen. sp.,2,6208,,
115000001_01.04.1999,115000001,1,4,1999,6396,Physella acuta,3,6396,,
115000001_01.04.1999,115000001,1,4,1999,6842,Simuliidae Gen. sp.,315,6842,,
115000001_01.04.1999,115000001,1,4,1999,6964,Taeniopterygidae Gen. sp.,23,6964,,
115000001_01.04.1999,115000001,1,4,1999,6972,Tanypodinae Gen. sp.,32,6972,,
115000001_01.04.1999,115000001,1,4,1999,6977,Tanytarsini Gen. sp.,60,6977,,
115000001_01.04.1999,115000001,1,4,1999,7490,Lumbriculidae Gen. sp.,1,7490,,
115000001_01.04.1999,115000001,1,4,1999,8411,Libellulidae Gen. sp.,2,8411,,
115000001_01.04.1999,115000001,1,4,1999,8440,Capniidae Gen. sp.,34,8440,,
115000001_01.04.1999,115000001,1,4,1999,8485,Tabanidae Gen. sp.,1,8485,,
115000001_01.04.1999,115000001,1,4,1999,9048,Isogenus sp.,13,9048,,
115000001_01.04.1999,115000001,1,4,1999,9272,Atyaephyra desmaresti,2,9272,,
115000001_01.04.1999,115000001,1,4,1999,10709,Procambarus clarkii,1,10709,,
115000001_01.04.1999,115000001,1,4,1999,13055,Thraulus bellus,1,13055,,
115000001_01.04.1999,115000001,1,4,1999,13077,Tyrrhenoleuctra sp.,22,13077,,
115000001_01.04.1999,115000001,1,4,1999,17749,Dryops sp.,1,,,
115000001_01.04.1999,115000001,1,4,1999,17756,Dytiscidae Gen. sp.,1,,,
115000001_01.04.1999,115000001,1,4,1999,17901,Haliplus sp.,1,,,
115000001_01.04.1999,115000001,1,4,1999,18186,Hydrophilidae Gen. sp.,1,,,
115000001_01.04.1999,115000001,1,4,1999,18626,Oulimnius sp.,6,,,
115000001_01.04.2000,115000001,1,4,2000,4380,Baetidae Gen. sp.,145,4380,,
115000001_01.04.2000,115000001,1,4,2000,4528,Caenis sp.,225,4528,,
115000001_01.04.2000,115000001,1,4,2000,4585,Ceratopogonidae Gen. sp.,8,4585,,
115000001_01.04.2000,115000001,1,4,2000,4644,Chironomini Gen. sp.,163,4644,,
115000001_01.04.2000,115000001,1,4,2000,4677,Choroterpes picteti,15,4677,,
115000001_01.04.2000,115000001,1,4,2000,4723,Coenagrionidae Gen. sp.,8,4723,,
115000001_01.04.2000,115000001,1,4,2000,5605,Hydropsyche sp.,1,5605,,
115000001_01.04.2000,115000001,1,4,2000,6002,Micronecta sp.,39,6002,,
115000001_01.04.2000,115000001,1,4,2000,6118,Nepa cinerea,3,6118,,
115000001_01.04.2000,115000001,1,4,2000,6208,Orthocladiinae Gen. sp.,50,6208,,
115000001_01.04.2000,115000001,1,4,2000,6396,Physella acuta,31,6396,,
115000001_01.04.2000,115000001,1,4,2000,6842,Simuliidae Gen. sp.,2,6842,,
115000001_01.04.2000,115000001,1,4,2000,6964,Taeniopterygidae Gen. sp.,1,6964,,
115000001_01.04.2000,115000001,1,4,2000,6972,Tanypodinae Gen. sp.,19,6972,,
115000001_01.04.2000,115000001,1,4,2000,6977,Tanytarsini Gen. sp.,81,6977,,
115000001_01.04.2000,115000001,1,4,2000,7117,Tubificidae Gen. sp.,18,7117,,
115000001_01.04.2000,115000001,1,4,2000,8411,Libellulidae Gen. sp.,1,8411,,
115000001_01.04.2000,115000001,1,4,2000,9048,Isogenus sp.,2,9048,,
115000001_01.04.2000,115000001,1,4,2000,10709,Procambarus clarkii,2,10709,,
115000001_01.04.2000,115000001,1,4,2000,13077,Tyrrhenoleuctra sp.,13,13077,,
115000001_01.04.2000,115000001,1,4,2000,18626,Oulimnius sp.,1,,,
115000001_01.04.2001,115000001,1,4,2001,4380,Baetidae Gen. sp.,90,4380,,
115000001_01.04.2001,115000001,1,4,2001,4528,Caenis sp.,207,4528,,
115000001_01.04.2001,115000001,1,4,2001,4585,Ceratopogonidae Gen. sp.,10,4585,,
115000001_01.04.2001,115000001,1,4,2001,4644,Chironomini Gen. sp.,4,4644,,
115000001_01.04.2001,115000001,1,4,2001,4677,Choroterpes picteti,13,4677,,
115000001_01.04.2001,115000001,1,4,2001,4723,Coenagrionidae Gen. sp.,2,4723,,
115000001_01.04.2001,115000001,1,4,2001,5053,Ecdyonurus sp.,9,5053,,
115000001_01.04.2001,115000001,1,4,2001,5137,Ephemerella sp.,5,5137,,
115000001_01.04.2001,115000001,1,4,2001,5673,Isoperla sp.,40,5673,,
115000001_01.04.2001,115000001,1,4,2001,6002,Micronecta sp.,7,6002,,
115000001_01.04.2001,115000001,1,4,2001,6108,Nemoura sp.,10,6108,,
115000001_01.04.2001,115000001,1,4,2001,6208,Orthocladiinae Gen. sp.,112,6208,,
115000001_01.04.2001,115000001,1,4,2001,6396,Physella acuta,1,6396,,
115000001_01.04.2001,115000001,1,4,2001,6472,Polycentropus sp.,1,6472,,
115000001_01.04.2001,115000001,1,4,2001,6864,Siphlonurus sp.,5,6864,,
115000001_01.04.2001,115000001,1,4,2001,6972,Tanypodinae Gen. sp.,4,6972,,
115000001_01.04.2001,115000001,1,4,2001,6977,Tanytarsini Gen. sp.,17,6977,,
115000001_01.04.2001,115000001,1,4,2001,7455,Hydroptilidae Gen. sp.,10,7455,,
115000001_01.04.2001,115000001,1,4,2001,7490,Lumbriculidae Gen. sp.,2,7490,,
115000001_01.04.2001,115000001,1,4,2001,8483,Limoniidae Gen. sp.,7,8483,,
115000001_01.04.2001,115000001,1,4,2001,8649,Naucoridae Gen. sp.,1,8649,,
115000001_01.04.2001,115000001,1,4,2001,9048,Isogenus sp.,7,9048,,
115000001_01.04.2001,115000001,1,4,2001,9272,Atyaephyra desmaresti,4,9272,,
115000001_01.04.2001,115000001,1,4,2001,10709,Procambarus clarkii,2,10709,,
115000001_01.04.2001,115000001,1,4,2001,13055,Thraulus bellus,8,13055,,
115000001_01.04.2001,115000001,1,4,2001,13077,Tyrrhenoleuctra sp.,12,13077,,
115000001_01.04.2001,115000001,1,4,2001,13627,Hemimelaena flaviventris,2,13627,,
115000001_01.04.2001,115000001,1,4,2001,17756,Dytiscidae Gen. sp.,8,,,
115000001_01.04.2001,115000001,1,4,2001,17901,Haliplus sp.,1,,,
115000001_01.04.2002,115000001,1,4,2002,4310,Ancylus fluviatilis,1,4310,,
115000001_01.04.2002,115000001,1,4,2002,4371,Athripsodes sp.,1,4371,,
115000001_01.04.2002,115000001,1,4,2002,4380,Baetidae Gen. sp.,131,4380,,
115000001_01.04.2002,115000001,1,4,2002,4585,Ceratopogonidae Gen. sp.,14,4585,,
115000001_01.04.2002,115000001,1,4,2002,4644,Chironomini Gen. sp.,48,4644,,
115000001_01.04.2002,115000001,1,4,2002,4677,Choroterpes picteti,19,4677,,
115000001_01.04.2002,115000001,1,4,2002,5063,Ecnomus sp.,2,5063,,
115000001_01.04.2002,115000001,1,4,2002,5137,Ephemerella sp.,10,5137,,
115000001_01.04.2002,115000001,1,4,2002,5546,Hydrometra stagnorum,1,5546,,
115000001_01.04.2002,115000001,1,4,2002,5673,Isoperla sp.,16,5673,,
115000001_01.04.2002,115000001,1,4,2002,6002,Micronecta sp.,211,6002,,
115000001_01.04.2002,115000001,1,4,2002,6108,Nemoura sp.,9,6108,,
115000001_01.04.2002,115000001,1,4,2002,6208,Orthocladiinae Gen. sp.,34,6208,,
115000001_01.04.2002,115000001,1,4,2002,6964,Taeniopterygidae Gen. sp.,2,6964,,
115000001_01.04.2002,115000001,1,4,2002,6972,Tanypodinae Gen. sp.,53,6972,,
115000001_01.04.2002,115000001,1,4,2002,6977,Tanytarsini Gen. sp.,48,6977,,
115000001_01.04.2002,115000001,1,4,2002,7455,Hydroptilidae Gen. sp.,1,7455,,
115000001_01.04.2002,115000001,1,4,2002,9048,Isogenus sp.,15,9048,,
115000001_01.04.2002,115000001,1,4,2002,13077,Tyrrhenoleuctra sp.,45,13077,,
115000001_01.04.2002,115000001,1,4,2002,17756,Dytiscidae Gen. sp.,6,,,
115000001_01.04.2002,115000001,1,4,2002,18626,Oulimnius sp.,2,,,
115000001_01.04.2003,115000001,1,4,2003,4310,Ancylus fluviatilis,5,4310,,
115000001_01.04.2003,115000001,1,4,2003,4380,Baetidae Gen. sp.,509,4380,,
115000001_01.04.2003,115000001,1,4,2003,4528,Caenis sp.,354,4528,,
115000001_01.04.2003,115000001,1,4,2003,4585,Ceratopogonidae Gen. sp.,2,4585,,
115000001_01.04.2003,115000001,1,4,2003,4644,Chironomini Gen. sp.,58,4644,,
115000001_01.04.2003,115000001,1,4,2003,4677,Choroterpes picteti,82,4677,,
115000001_01.04.2003,115000001,1,4,2003,5053,Ecdyonurus sp.,27,5053,,
115000001_01.04.2003,115000001,1,4,2003,5137,Ephemerella sp.,48,5137,,
115000001_01.04.2003,115000001,1,4,2003,5371,Habrophlebia sp.,6,5371,,
115000001_01.04.2003,115000001,1,4,2003,5605,Hydropsyche sp.,5,5605,,
115000001_01.04.2003,115000001,1,4,2003,5673,Isoperla sp.,69,5673,,
115000001_01.04.2003,115000001,1,4,2003,5900,Lumbricidae Gen. sp.,1,5900,,
115000001_01.04.2003,115000001,1,4,2003,6002,Micronecta sp.,1,6002,,
115000001_01.04.2003,115000001,1,4,2003,6108,Nemoura sp.,3,6108,,
115000001_01.04.2003,115000001,1,4,2003,6208,Orthocladiinae Gen. sp.,118,6208,,
115000001_01.04.2003,115000001,1,4,2003,6842,Simuliidae Gen. sp.,48,6842,,
115000001_01.04.2003,115000001,1,4,2003,6972,Tanypodinae Gen. sp.,81,6972,,
115000001_01.04.2003,115000001,1,4,2003,6977,Tanytarsini Gen. sp.,120,6977,,
115000001_01.04.2003,115000001,1,4,2003,7455,Hydroptilidae Gen. sp.,11,7455,,
115000001_01.04.2003,115000001,1,4,2003,8438,Aeshnidae Gen. sp.,1,8438,,
115000001_01.04.2003,115000001,1,4,2003,8483,Limoniidae Gen. sp.,2,8483,,
115000001_01.04.2003,115000001,1,4,2003,8485,Tabanidae Gen. sp.,6,8485,,
115000001_01.04.2003,115000001,1,4,2003,9048,Isogenus sp.,14,9048,,
115000001_01.04.2003,115000001,1,4,2003,9272,Atyaephyra desmaresti,11,9272,,
115000001_01.04.2003,115000001,1,4,2003,10709,Procambarus clarkii,3,10709,,
115000001_01.04.2003,115000001,1,4,2003,13055,Thraulus bellus,6,13055,,
115000001_01.04.2003,115000001,1,4,2003,13077,Tyrrhenoleuctra sp.,68,13077,,
115000001_01.04.2003,115000001,1,4,2003,13627,Hemimelaena flaviventris,15,13627,,
115000001_01.04.2003,115000001,1,4,2003,17756,Dytiscidae Gen. sp.,11,,,
115000001_01.04.2003,115000001,1,4,2003,18626,Oulimnius sp.,19,,,
115000001_01.04.2004,115000001,1,4,2004,4310,Ancylus fluviatilis,4,4310,,
115000001_01.04.2004,115000001,1,4,2004,4371,Athripsodes sp.,1,4371,,
115000001_01.04.2004,115000001,1,4,2004,4380,Baetidae Gen. sp.,44,4380,,
115000001_01.04.2004,115000001,1,4,2004,4528,Caenis sp.,152,4528,,
115000001_01.04.2004,115000001,1,4,2004,4585,Ceratopogonidae Gen. sp.,13,4585,,
115000001_01.04.2004,115000001,1,4,2004,4644,Chironomini Gen. sp.,12,4644,,
115000001_01.04.2004,115000001,1,4,2004,4677,Choroterpes picteti,34,4677,,
115000001_01.04.2004,115000001,1,4,2004,5053,Ecdyonurus sp.,45,5053,,
115000001_01.04.2004,115000001,1,4,2004,5137,Ephemerella sp.,26,5137,,
115000001_01.04.2004,115000001,1,4,2004,5605,Hydropsyche sp.,1,5605,,
115000001_01.04.2004,115000001,1,4,2004,5673,Isoperla sp.,20,5673,,
115000001_01.04.2004,115000001,1,4,2004,5900,Lumbricidae Gen. sp.,2,5900,,
115000001_01.04.2004,115000001,1,4,2004,6108,Nemoura sp.,1,6108,,
115000001_01.04.2004,115000001,1,4,2004,6208,Orthocladiinae Gen. sp.,28,6208,,
115000001_01.04.2004,115000001,1,4,2004,6842,Simuliidae Gen. sp.,22,6842,,
115000001_01.04.2004,115000001,1,4,2004,6972,Tanypodinae Gen. sp.,1,6972,,
115000001_01.04.2004,115000001,1,4,2004,6977,Tanytarsini Gen. sp.,11,6977,,
115000001_01.04.2004,115000001,1,4,2004,7117,Tubificidae Gen. sp.,8,7117,,
115000001_01.04.2004,115000001,1,4,2004,7455,Hydroptilidae Gen. sp.,3,7455,,
115000001_01.04.2004,115000001,1,4,2004,8483,Limoniidae Gen. sp.,1,8483,,
115000001_01.04.2004,115000001,1,4,2004,9272,Atyaephyra desmaresti,4,9272,,
115000001_01.04.2004,115000001,1,4,2004,10709,Procambarus clarkii,2,10709,,
115000001_01.04.2004,115000001,1,4,2004,13055,Thraulus bellus,1,13055,,
115000001_01.04.2004,115000001,1,4,2004,13077,Tyrrhenoleuctra sp.,10,13077,,
115000001_01.04.2004,115000001,1,4,2004,13627,Hemimelaena flaviventris,2,13627,,
115000001_01.04.2004,115000001,1,4,2004,17756,Dytiscidae Gen. sp.,1,,,
115000001_01.04.2004,115000001,1,4,2004,18626,Oulimnius sp.,1,,,
115000001_01.04.2005,115000001,1,4,2005,4380,Baetidae Gen. sp.,47,4380,,
115000001_01.04.2005,115000001,1,4,2005,4528,Caenis sp.,5,4528,,
115000001_01.04.2005,115000001,1,4,2005,4677,Choroterpes picteti,3,4677,,
115000001_01.04.2005,115000001,1,4,2005,5053,Ecdyonurus sp.,1,5053,,
115000001_01.04.2005,115000001,1,4,2005,5137,Ephemerella sp.,1,5137,,
115000001_01.04.2005,115000001,1,4,2005,5673,Isoperla sp.,9,5673,,
115000001_01.04.2005,115000001,1,4,2005,5900,Lumbricidae Gen. sp.,1,5900,,
115000001_01.04.2005,115000001,1,4,2005,6108,Nemoura sp.,7,6108,,
115000001_01.04.2005,115000001,1,4,2005,6208,Orthocladiinae Gen. sp.,2,6208,,
115000001_01.04.2005,115000001,1,4,2005,6396,Physella acuta,2,6396,,
115000001_01.04.2005,115000001,1,4,2005,6842,Simuliidae Gen. sp.,54,6842,,
115000001_01.04.2005,115000001,1,4,2005,6972,Tanypodinae Gen. sp.,2,6972,,
115000001_01.04.2005,115000001,1,4,2005,7117,Tubificidae Gen. sp.,1,7117,,
115000001_01.04.2005,115000001,1,4,2005,8483,Limoniidae Gen. sp.,5,8483,,
115000001_01.04.2005,115000001,1,4,2005,9272,Atyaephyra desmaresti,8,9272,,
115000001_01.04.2005,115000001,1,4,2005,10709,Procambarus clarkii,3,10709,,
115000001_01.04.2005,115000001,1,4,2005,13077,Tyrrhenoleuctra sp.,49,13077,,
115000001_01.04.2005,115000001,1,4,2005,13625,Guadalgenus franzi,4,13625,,
115000001_01.04.2005,115000001,1,4,2005,13627,Hemimelaena flaviventris,1,13627,,
115000001_01.04.2005,115000001,1,4,2005,17756,Dytiscidae Gen. sp.,6,,,
115000001_01.04.2005,115000001,1,4,2005,18130,Hydraena sp.,1,,,
115000001_01.04.2005,115000001,1,4,2005,18626,Oulimnius sp.,5,,,
115000001_01.04.2006,115000001,1,4,2006,4310,Ancylus fluviatilis,3,4310,,
115000001_01.04.2006,115000001,1,4,2006,4380,Baetidae Gen. sp.,58,4380,,
115000001_01.04.2006,115000001,1,4,2006,4528,Caenis sp.,65,4528,,
115000001_01.04.2006,115000001,1,4,2006,4585,Ceratopogonidae Gen. sp.,13,4585,,
115000001_01.04.2006,115000001,1,4,2006,4644,Chironomini Gen. sp.,35,4644,,
115000001_01.04.2006,115000001,1,4,2006,5053,Ecdyonurus sp.,2,5053,,
115000001_01.04.2006,115000001,1,4,2006,5137,Ephemerella sp.,5,5137,,
115000001_01.04.2006,115000001,1,4,2006,5605,Hydropsyche sp.,2,5605,,
115000001_01.04.2006,115000001,1,4,2006,5673,Isoperla sp.,32,5673,,
115000001_01.04.2006,115000001,1,4,2006,5900,Lumbricidae Gen. sp.,7,5900,,
115000001_01.04.2006,115000001,1,4,2006,5919,Lymnaea sp.,3,5919,,
115000001_01.04.2006,115000001,1,4,2006,6002,Micronecta sp.,11,6002,,
115000001_01.04.2006,115000001,1,4,2006,6068,Naididae Gen. sp.,11,6068,,
115000001_01.04.2006,115000001,1,4,2006,6108,Nemoura sp.,25,6108,,
115000001_01.04.2006,115000001,1,4,2006,6208,Orthocladiinae Gen. sp.,49,6208,,
115000001_01.04.2006,115000001,1,4,2006,6396,Physella acuta,3,6396,,
115000001_01.04.2006,115000001,1,4,2006,6842,Simuliidae Gen. sp.,62,6842,,
115000001_01.04.2006,115000001,1,4,2006,6864,Siphlonurus sp.,1,6864,,
115000001_01.04.2006,115000001,1,4,2006,6972,Tanypodinae Gen. sp.,9,6972,,
115000001_01.04.2006,115000001,1,4,2006,6977,Tanytarsini Gen. sp.,12,6977,,
115000001_01.04.2006,115000001,1,4,2006,7117,Tubificidae Gen. sp.,106,7117,,
115000001_01.04.2006,115000001,1,4,2006,8483,Limoniidae Gen. sp.,12,8483,,
115000001_01.04.2006,115000001,1,4,2006,13077,Tyrrhenoleuctra sp.,23,13077,,
115000001_01.04.2006,115000001,1,4,2006,13625,Guadalgenus franzi,10,13625,,
115000001_01.04.2006,115000001,1,4,2006,13627,Hemimelaena flaviventris,1,13627,,
115000001_01.04.2006,115000001,1,4,2006,17756,Dytiscidae Gen. sp.,15,,,
115000001_01.04.2006,115000001,1,4,2006,17901,Haliplus sp.,5,,,
115000001_01.04.2007,115000001,1,4,2007,4371,Athripsodes sp.,1,4371,,
115000001_01.04.2007,115000001,1,4,2007,4380,Baetidae Gen. sp.,124,4380,,
115000001_01.04.2007,115000001,1,4,2007,4528,Caenis sp.,162,4528,,
115000001_01.04.2007,115000001,1,4,2007,4585,Ceratopogonidae Gen. sp.,1,4585,,
115000001_01.04.2007,115000001,1,4,2007,4644,Chironomini Gen. sp.,30,4644,,
115000001_01.04.2007,115000001,1,4,2007,4677,Choroterpes picteti,60,4677,,
115000001_01.04.2007,115000001,1,4,2007,5053,Ecdyonurus sp.,7,5053,,
115000001_01.04.2007,115000001,1,4,2007,5137,Ephemerella sp.,5,5137,,
115000001_01.04.2007,115000001,1,4,2007,5605,Hydropsyche sp.,5,5605,,
115000001_01.04.2007,115000001,1,4,2007,5673,Isoperla sp.,32,5673,,
115000001_01.04.2007,115000001,1,4,2007,6002,Micronecta sp.,27,6002,,
115000001_01.04.2007,115000001,1,4,2007,6108,Nemoura sp.,5,6108,,
115000001_01.04.2007,115000001,1,4,2007,6396,Physella acuta,5,6396,,
115000001_01.04.2007,115000001,1,4,2007,6972,Tanypodinae Gen. sp.,3,6972,,
115000001_01.04.2007,115000001,1,4,2007,6977,Tanytarsini Gen. sp.,3,6977,,
115000001_01.04.2007,115000001,1,4,2007,7117,Tubificidae Gen. sp.,39,7117,,
115000001_01.04.2007,115000001,1,4,2007,7455,Hydroptilidae Gen. sp.,2,7455,,
115000001_01.04.2007,115000001,1,4,2007,8649,Naucoridae Gen. sp.,2,8649,,
115000001_01.04.2007,115000001,1,4,2007,9272,Atyaephyra desmaresti,41,9272,,
115000001_01.04.2007,115000001,1,4,2007,9321,Rhagionidae Gen. sp.,1,9321,,
115000001_01.04.2007,115000001,1,4,2007,10709,Procambarus clarkii,1,10709,,
115000001_01.04.2007,115000001,1,4,2007,13077,Tyrrhenoleuctra sp.,5,13077,,
115000001_01.04.2007,115000001,1,4,2007,13625,Guadalgenus franzi,6,13625,,
115000001_01.04.2007,115000001,1,4,2007,13627,Hemimelaena flaviventris,3,13627,,
115000001_01.04.2007,115000001,1,4,2007,17756,Dytiscidae Gen. sp.,1,,,
115000001_01.04.2007,115000001,1,4,2007,18626,Oulimnius sp.,17,,,
115000001_01.04.2007,115000001,1,4,2007,18642,Peltodytes rotundatus,1,,,
115000001_01.04.2008,115000001,1,4,2008,4380,Baetidae Gen. sp.,47,4380,,
115000001_01.04.2008,115000001,1,4,2008,4528,Caenis sp.,5,4528,,
115000001_01.04.2008,115000001,1,4,2008,4677,Choroterpes picteti,3,4677,,
115000001_01.04.2008,115000001,1,4,2008,5053,Ecdyonurus sp.,1,5053,,
115000001_01.04.2008,115000001,1,4,2008,5137,Ephemerella sp.,1,5137,,
115000001_01.04.2008,115000001,1,4,2008,5673,Isoperla sp.,9,5673,,
115000001_01.04.2008,115000001,1,4,2008,5900,Lumbricidae Gen. sp.,1,5900,,
115000001_01.04.2008,115000001,1,4,2008,6108,Nemoura sp.,7,6108,,
115000001_01.04.2008,115000001,1,4,2008,6208,Orthocladiinae Gen. sp.,2,6208,,
115000001_01.04.2008,115000001,1,4,2008,6396,Physella acuta,2,6396,,
115000001_01.04.2008,115000001,1,4,2008,6842,Simuliidae Gen. sp.,54,6842,,
115000001_01.04.2008,115000001,1,4,2008,6972,Tanypodinae Gen. sp.,2,6972,,
115000001_01.04.2008,115000001,1,4,2008,7117,Tubificidae Gen. sp.,1,7117,,
115000001_01.04.2008,115000001,1,4,2008,8483,Limoniidae Gen. sp.,5,8483,,
115000001_01.04.2008,115000001,1,4,2008,9272,Atyaephyra desmaresti,8,9272,,
115000001_01.04.2008,115000001,1,4,2008,10709,Procambarus clarkii,3,10709,,
115000001_01.04.2008,115000001,1,4,2008,13077,Tyrrhenoleuctra sp.,49,13077,,
115000001_01.04.2008,115000001,1,4,2008,13625,Guadalgenus franzi,4,13625,,
115000001_01.04.2008,115000001,1,4,2008,13627,Hemimelaena flaviventris,1,13627,,
115000001_01.04.2008,115000001,1,4,2008,17756,Dytiscidae Gen. sp.,6,,,
115000001_01.04.2008,115000001,1,4,2008,18130,Hydraena sp.,1,,,
115000001_01.04.2008,115000001,1,4,2008,18626,Oulimnius sp.,5,,,
115000001_01.04.2009,115000001,1,4,2009,4380,Baetidae Gen. sp.,46,4380,,
115000001_01.04.2009,115000001,1,4,2009,4528,Caenis sp.,17,4528,,
115000001_01.04.2009,115000001,1,4,2009,4644,Chironomini Gen. sp.,3,4644,,
115000001_01.04.2009,115000001,1,4,2009,4723,Coenagrionidae Gen. sp.,3,4723,,
115000001_01.04.2009,115000001,1,4,2009,6002,Micronecta sp.,20,6002,,
115000001_01.04.2009,115000001,1,4,2009,6108,Nemoura sp.,22,6108,,
115000001_01.04.2009,115000001,1,4,2009,6139,Notonecta sp.,2,6139,,
115000001_01.04.2009,115000001,1,4,2009,6208,Orthocladiinae Gen. sp.,6,6208,,
115000001_01.04.2009,115000001,1,4,2009,6396,Physella acuta,2,6396,,
115000001_01.04.2009,115000001,1,4,2009,6842,Simuliidae Gen. sp.,1,6842,,
115000001_01.04.2009,115000001,1,4,2009,6972,Tanypodinae Gen. sp.,5,6972,,
115000001_01.04.2009,115000001,1,4,2009,6977,Tanytarsini Gen. sp.,7,6977,,
115000001_01.04.2009,115000001,1,4,2009,7117,Tubificidae Gen. sp.,44,7117,,
115000001_01.04.2009,115000001,1,4,2009,8483,Limoniidae Gen. sp.,1,8483,,
115000001_01.04.2009,115000001,1,4,2009,9272,Atyaephyra desmaresti,6,9272,,
115000001_01.04.2009,115000001,1,4,2009,17756,Dytiscidae Gen. sp.,5,,,
115000001_01.04.2009,115000001,1,4,2009,17874,Gyrinus sp.,1,,,
115000001_01.04.2009,115000001,1,4,2009,18130,Hydraena sp.,2,,,
115000001_01.04.2009,115000001,1,4,2009,18186,Hydrophilidae Gen. sp.,19,,,
115000001_01.04.2009,115000001,1,4,2009,18642,Peltodytes rotundatus,1,,,
115000001_01.04.2009,115000001,1,4,2009,18707,Scirtidae Gen. sp.,17,,,
115000001_01.04.2010,115000001,1,4,2010,4380,Baetidae Gen. sp.,438,4380,,
115000001_01.04.2010,115000001,1,4,2010,4528,Caenis sp.,3,4528,,
115000001_01.04.2010,115000001,1,4,2010,4723,Coenagrionidae Gen. sp.,3,4723,,
115000001_01.04.2010,115000001,1,4,2010,5546,Hydrometra stagnorum,2,5546,,
115000001_01.04.2010,115000001,1,4,2010,6139,Notonecta sp.,1,6139,,
115000001_01.04.2010,115000001,1,4,2010,6208,Orthocladiinae Gen. sp.,35,6208,,
115000001_01.04.2010,115000001,1,4,2010,6396,Physella acuta,1,6396,,
115000001_01.04.2010,115000001,1,4,2010,6842,Simuliidae Gen. sp.,8,6842,,
115000001_01.04.2010,115000001,1,4,2010,6972,Tanypodinae Gen. sp.,2,6972,,
115000001_01.04.2010,115000001,1,4,2010,7490,Lumbriculidae Gen. sp.,3,7490,,
115000001_01.04.2010,115000001,1,4,2010,8411,Libellulidae Gen. sp.,1,8411,,
115000001_01.04.2010,115000001,1,4,2010,8440,Capniidae Gen. sp.,6,8440,,
115000001_01.04.2010,115000001,1,4,2010,9272,Atyaephyra desmaresti,8,9272,,
115000001_01.04.2010,115000001,1,4,2010,17756,Dytiscidae Gen. sp.,8,,,
115000001_01.04.2011,115000001,1,4,2011,4310,Ancylus fluviatilis,3,4310,,
115000001_01.04.2011,115000001,1,4,2011,4371,Athripsodes sp.,1,4371,,
115000001_01.04.2011,115000001,1,4,2011,4380,Baetidae Gen. sp.,7,4380,,
115000001_01.04.2011,115000001,1,4,2011,4528,Caenis sp.,53,4528,,
115000001_01.04.2011,115000001,1,4,2011,4585,Ceratopogonidae Gen. sp.,2,4585,,
115000001_01.04.2011,115000001,1,4,2011,4644,Chironomini Gen. sp.,1,4644,,
115000001_01.04.2011,115000001,1,4,2011,4677,Choroterpes picteti,1,4677,,
115000001_01.04.2011,115000001,1,4,2011,5053,Ecdyonurus sp.,3,5053,,
115000001_01.04.2011,115000001,1,4,2011,5137,Ephemerella sp.,50,5137,,
115000001_01.04.2011,115000001,1,4,2011,5673,Isoperla sp.,39,5673,,
115000001_01.04.2011,115000001,1,4,2011,5900,Lumbricidae Gen. sp.,3,5900,,
115000001_01.04.2011,115000001,1,4,2011,5919,Lymnaea sp.,1,5919,,
115000001_01.04.2011,115000001,1,4,2011,6002,Micronecta sp.,1,6002,,
115000001_01.04.2011,115000001,1,4,2011,6108,Nemoura sp.,82,6108,,
115000001_01.04.2011,115000001,1,4,2011,6208,Orthocladiinae Gen. sp.,7,6208,,
115000001_01.04.2011,115000001,1,4,2011,6842,Simuliidae Gen. sp.,35,6842,,
115000001_01.04.2011,115000001,1,4,2011,6964,Taeniopterygidae Gen. sp.,2,6964,,
115000001_01.04.2011,115000001,1,4,2011,6977,Tanytarsini Gen. sp.,3,6977,,
115000001_01.04.2011,115000001,1,4,2011,7117,Tubificidae Gen. sp.,16,7117,,
115000001_01.04.2011,115000001,1,4,2011,7455,Hydroptilidae Gen. sp.,1,7455,,
115000001_01.04.2011,115000001,1,4,2011,7490,Lumbriculidae Gen. sp.,2,7490,,
115000001_01.04.2011,115000001,1,4,2011,8440,Capniidae Gen. sp.,29,8440,,
115000001_01.04.2011,115000001,1,4,2011,8483,Limoniidae Gen. sp.,55,8483,,
115000001_01.04.2011,115000001,1,4,2011,8485,Tabanidae Gen. sp.,1,8485,,
115000001_01.04.2011,115000001,1,4,2011,8487,Tipulidae Gen. sp.,1,8487,,
115000001_01.04.2011,115000001,1,4,2011,10709,Procambarus clarkii,2,10709,,
115000001_01.04.2011,115000001,1,4,2011,11202,Parasigara transversa,1,11202,,
115000001_01.04.2011,115000001,1,4,2011,17756,Dytiscidae Gen. sp.,3,,,
115000001_01.04.2012,115000001,1,4,2012,4380,Baetidae Gen. sp.,7,4380,,
115000001_01.04.2012,115000001,1,4,2012,4528,Caenis sp.,19,4528,,
115000001_01.04.2012,115000001,1,4,2012,4585,Ceratopogonidae Gen. sp.,8,4585,,
115000001_01.04.2012,115000001,1,4,2012,4644,Chironomini Gen. sp.,7,4644,,
115000001_01.04.2012,115000001,1,4,2012,4677,Choroterpes picteti,18,4677,,
115000001_01.04.2012,115000001,1,4,2012,5053,Ecdyonurus sp.,14,5053,,
115000001_01.04.2012,115000001,1,4,2012,5137,Ephemerella sp.,8,5137,,
115000001_01.04.2012,115000001,1,4,2012,5605,Hydropsyche sp.,2,5605,,
115000001_01.04.2012,115000001,1,4,2012,5900,Lumbricidae Gen. sp.,1,5900,,
115000001_01.04.2012,115000001,1,4,2012,6108,Nemoura sp.,14,6108,,
115000001_01.04.2012,115000001,1,4,2012,6208,Orthocladiinae Gen. sp.,8,6208,,
115000001_01.04.2012,115000001,1,4,2012,6972,Tanypodinae Gen. sp.,2,6972,,
115000001_01.04.2012,115000001,1,4,2012,7490,Lumbriculidae Gen. sp.,3,7490,,
115000001_01.04.2012,115000001,1,4,2012,8440,Capniidae Gen. sp.,8,8440,,
115000001_01.04.2012,115000001,1,4,2012,8483,Limoniidae Gen. sp.,5,8483,,
115000001_01.04.2012,115000001,1,4,2012,10709,Procambarus clarkii,2,10709,,
115000001_01.04.2012,115000001,1,4,2012,17756,Dytiscidae Gen. sp.,1,,,
115000001_01.04.2012,115000001,1,4,2012,18130,Hydraena sp.,3,,,
115000001_01.04.2013,115000001,1,4,2013,4380,Baetidae Gen. sp.,9,4380,,
115000001_01.04.2013,115000001,1,4,2013,4528,Caenis sp.,12,4528,,
115000001_01.04.2013,115000001,1,4,2013,4644,Chironomini Gen. sp.,17,4644,,
115000001_01.04.2013,115000001,1,4,2013,4742,Corduliidae Gen. sp.,1,4742,,
115000001_01.04.2013,115000001,1,4,2013,6002,Micronecta sp.,2,6002,,
115000001_01.04.2013,115000001,1,4,2013,6972,Tanypodinae Gen. sp.,18,6972,,
115000001_01.04.2013,115000001,1,4,2013,6977,Tanytarsini Gen. sp.,3,6977,,
115000001_01.04.2013,115000001,1,4,2013,7117,Tubificidae Gen. sp.,1,7117,,
115000001_01.04.2013,115000001,1,4,2013,8438,Aeshnidae Gen. sp.,1,8438,,
115000001_01.04.2014,115000001,1,4,2014,4380,Baetidae Gen. sp.,106,4380,,
115000001_01.04.2014,115000001,1,4,2014,4528,Caenis sp.,1,4528,,
115000001_01.04.2014,115000001,1,4,2014,4585,Ceratopogonidae Gen. sp.,1,4585,,
115000001_01.04.2014,115000001,1,4,2014,4644,Chironomini Gen. sp.,3,4644,,
115000001_01.04.2014,115000001,1,4,2014,4677,Choroterpes picteti,5,4677,,
115000001_01.04.2014,115000001,1,4,2014,5053,Ecdyonurus sp.,10,5053,,
115000001_01.04.2014,115000001,1,4,2014,5137,Ephemerella sp.,134,5137,,
115000001_01.04.2014,115000001,1,4,2014,5673,Isoperla sp.,35,5673,,
115000001_01.04.2014,115000001,1,4,2014,6108,Nemoura sp.,17,6108,,
115000001_01.04.2014,115000001,1,4,2014,6208,Orthocladiinae Gen. sp.,34,6208,,
115000001_01.04.2014,115000001,1,4,2014,6842,Simuliidae Gen. sp.,5,6842,,
115000001_01.04.2014,115000001,1,4,2014,6972,Tanypodinae Gen. sp.,5,6972,,
115000001_01.04.2014,115000001,1,4,2014,7455,Hydroptilidae Gen. sp.,4,7455,,
115000001_01.04.2014,115000001,1,4,2014,8440,Capniidae Gen. sp.,8,8440,,
115000001_01.04.2014,115000001,1,4,2014,8483,Limoniidae Gen. sp.,33,8483,,
115000001_01.04.2014,115000001,1,4,2014,17756,Dytiscidae Gen. sp.,2,,,
115000001_01.04.2014,115000001,1,4,2014,18626,Oulimnius sp.,10,,,
115000001_01.04.2015,115000001,1,4,2015,4380,Baetidae Gen. sp.,83,4380,,
115000001_01.04.2015,115000001,1,4,2015,4528,Caenis sp.,2,4528,,
115000001_01.04.2015,115000001,1,4,2015,4585,Ceratopogonidae Gen. sp.,9,4585,,
115000001_01.04.2015,115000001,1,4,2015,4677,Choroterpes picteti,18,4677,,
115000001_01.04.2015,115000001,1,4,2015,5053,Ecdyonurus sp.,10,5053,,
115000001_01.04.2015,115000001,1,4,2015,5137,Ephemerella sp.,3,5137,,
115000001_01.04.2015,115000001,1,4,2015,5546,Hydrometra stagnorum,2,5546,,
115000001_01.04.2015,115000001,1,4,2015,5605,Hydropsyche sp.,3,5605,,
115000001_01.04.2015,115000001,1,4,2015,5673,Isoperla sp.,14,5673,,
115000001_01.04.2015,115000001,1,4,2015,5900,Lumbricidae Gen. sp.,1,5900,,
115000001_01.04.2015,115000001,1,4,2015,6208,Orthocladiinae Gen. sp.,15,6208,,
115000001_01.04.2015,115000001,1,4,2015,6396,Physella acuta,1,6396,,
115000001_01.04.2015,115000001,1,4,2015,6842,Simuliidae Gen. sp.,31,6842,,
115000001_01.04.2015,115000001,1,4,2015,6972,Tanypodinae Gen. sp.,3,6972,,
115000001_01.04.2015,115000001,1,4,2015,6977,Tanytarsini Gen. sp.,6,6977,,
115000001_01.04.2015,115000001,1,4,2015,7117,Tubificidae Gen. sp.,10,7117,,
115000001_01.04.2015,115000001,1,4,2015,8483,Limoniidae Gen. sp.,81,8483,,
115000001_01.04.2015,115000001,1,4,2015,17756,Dytiscidae Gen. sp.,2,,,
115000001_01.04.2015,115000001,1,4,2015,18130,Hydraena sp.,18,,,
115000001_01.04.2015,115000001,1,4,2015,18626,Oulimnius sp.,4,,,
115000001_01.04.2016,115000001,1,4,2016,4380,Baetidae Gen. sp.,136,4380,,
115000001_01.04.2016,115000001,1,4,2016,4528,Caenis sp.,1,4528,,
115000001_01.04.2016,115000001,1,4,2016,4723,Coenagrionidae Gen. sp.,2,4723,,
115000001_01.04.2016,115000001,1,4,2016,4989,Dixa sp.,2,4989,,
115000001_01.04.2016,115000001,1,4,2016,5605,Hydropsyche sp.,1,5605,,
115000001_01.04.2016,115000001,1,4,2016,6139,Notonecta sp.,1,6139,,
115000001_01.04.2016,115000001,1,4,2016,6308,Paraleptophlebia sp.,2,6308,,
115000001_01.04.2016,115000001,1,4,2016,6842,Simuliidae Gen. sp.,90,6842,,
115000001_01.04.2016,115000001,1,4,2016,6972,Tanypodinae Gen. sp.,8,6972,,
115000001_01.04.2016,115000001,1,4,2016,11202,Parasigara transversa,2,11202,,
115000001_01.04.2016,115000001,1,4,2016,17756,Dytiscidae Gen. sp.,1,,,
115000001_01.04.2016,115000001,1,4,2016,18600,Ochthebius sp.,9,,,
115000001_01.04.2017,115000001,1,4,2017,4380,Baetidae Gen. sp.,136,4380,,
115000001_01.04.2017,115000001,1,4,2017,4528,Caenis sp.,1,4528,,
115000001_01.04.2017,115000001,1,4,2017,4723,Coenagrionidae Gen. sp.,2,4723,,
115000001_01.04.2017,115000001,1,4,2017,4989,Dixa sp.,2,4989,,
115000001_01.04.2017,115000001,1,4,2017,5605,Hydropsyche sp.,1,5605,,
115000001_01.04.2017,115000001,1,4,2017,6139,Notonecta sp.,1,6139,,
115000001_01.04.2017,115000001,1,4,2017,6208,Orthocladiinae Gen. sp.,9,6208,,
115000001_01.04.2017,115000001,1,4,2017,6308,Paraleptophlebia sp.,2,6308,,
115000001_01.04.2017,115000001,1,4,2017,6842,Simuliidae Gen. sp.,90,6842,,
115000001_01.04.2017,115000001,1,4,2017,6972,Tanypodinae Gen. sp.,8,6972,,
115000001_01.04.2017,115000001,1,4,2017,11202,Parasigara transversa,2,11202,,
115000001_01.04.2017,115000001,1,4,2017,17756,Dytiscidae Gen. sp.,1,,,
115000001_01.04.2018,115000001,1,4,2018,4310,Ancylus fluviatilis,6,4310,,
115000001_01.04.2018,115000001,1,4,2018,4380,Baetidae Gen. sp.,5,4380,,
115000001_01.04.2018,115000001,1,4,2018,4528,Caenis sp.,10,4528,,
115000001_01.04.2018,115000001,1,4,2018,4585,Ceratopogonidae Gen. sp.,1,4585,,
115000001_01.04.2018,115000001,1,4,2018,4742,Corduliidae Gen. sp.,2,4742,,
115000001_01.04.2018,115000001,1,4,2018,5137,Ephemerella sp.,4,5137,,
115000001_01.04.2018,115000001,1,4,2018,5673,Isoperla sp.,6,5673,,
115000001_01.04.2018,115000001,1,4,2018,6002,Micronecta sp.,3,6002,,
115000001_01.04.2018,115000001,1,4,2018,6068,Naididae Gen. sp.,2,6068,,
115000001_01.04.2018,115000001,1,4,2018,6108,Nemoura sp.,10,6108,,
115000001_01.04.2018,115000001,1,4,2018,6139,Notonecta sp.,1,6139,,
115000001_01.04.2018,115000001,1,4,2018,6308,Paraleptophlebia sp.,1,6308,,
115000001_01.04.2018,115000001,1,4,2018,6842,Simuliidae Gen. sp.,36,6842,,
115000001_01.04.2018,115000001,1,4,2018,7490,Lumbriculidae Gen. sp.,7,7490,,
115000001_01.04.2018,115000001,1,4,2018,8440,Capniidae Gen. sp.,9,8440,,
115000001_01.04.2018,115000001,1,4,2018,8483,Limoniidae Gen. sp.,2,8483,,
115000001_01.04.2018,115000001,1,4,2018,9272,Atyaephyra desmaresti,1,9272,,
115000001_01.04.2018,115000001,1,4,2018,9321,Rhagionidae Gen. sp.,2,9321,,
115000001_01.04.2018,115000001,1,4,2018,17756,Dytiscidae Gen. sp.,5,,,
115000001_01.04.2018,115000001,1,4,2018,18626,Oulimnius sp.,10,,,
115000001_01.04.2019,115000001,1,4,2019,4310,Ancylus fluviatilis,1,4310,,
115000001_01.04.2019,115000001,1,4,2019,4380,Baetidae Gen. sp.,40,4380,,
115000001_01.04.2019,115000001,1,4,2019,4528,Caenis sp.,10,4528,,
115000001_01.04.2019,115000001,1,4,2019,4585,Ceratopogonidae Gen. sp.,2,4585,,
115000001_01.04.2019,115000001,1,4,2019,4674,Chloroperlidae Gen. sp.,4,4674,,
115000001_01.04.2019,115000001,1,4,2019,4742,Corduliidae Gen. sp.,1,4742,,
115000001_01.04.2019,115000001,1,4,2019,5053,Ecdyonurus sp.,1,5053,,
115000001_01.04.2019,115000001,1,4,2019,5137,Ephemerella sp.,1,5137,,
115000001_01.04.2019,115000001,1,4,2019,5673,Isoperla sp.,6,5673,,
115000001_01.04.2019,115000001,1,4,2019,6139,Notonecta sp.,1,6139,,
115000001_01.04.2019,115000001,1,4,2019,6208,Orthocladiinae Gen. sp.,10,6208,,
115000001_01.04.2019,115000001,1,4,2019,6396,Physella acuta,10,6396,,
115000001_01.04.2019,115000001,1,4,2019,6842,Simuliidae Gen. sp.,183,6842,,
115000001_01.04.2019,115000001,1,4,2019,8483,Limoniidae Gen. sp.,2,8483,,
115000001_01.04.2019,115000001,1,4,2019,8487,Tipulidae Gen. sp.,1,8487,,
115000001_01.04.2019,115000001,1,4,2019,17756,Dytiscidae Gen. sp.,3,,,
115000001_01.04.2019,115000001,1,4,2019,18186,Hydrophilidae Gen. sp.,3,,,
115000001_01.04.2019,115000001,1,4,2019,18626,Oulimnius sp.,2,,,
115000002_01.04.1993,115000002,1,4,1993,4528,Caenis sp.,86,4528,,
115000002_01.04.1993,115000002,1,4,1993,4644,Chironomini Gen. sp.,6,4644,,
115000002_01.04.1993,115000002,1,4,1993,4723,Coenagrionidae Gen. sp.,12,4723,,
115000002_01.04.1993,115000002,1,4,1993,5310,Glossiphonia sp.,1,5310,,
115000002_01.04.1993,115000002,1,4,1993,5900,Lumbricidae Gen. sp.,5,5900,,
115000002_01.04.1993,115000002,1,4,1993,6108,Nemoura sp.,108,6108,,
115000002_01.04.1993,115000002,1,4,1993,6208,Orthocladiinae Gen. sp.,211,6208,,
115000002_01.04.1993,115000002,1,4,1993,6396,Physella acuta,1,6396,,
115000002_01.04.1993,115000002,1,4,1993,6842,Simuliidae Gen. sp.,407,6842,,
115000002_01.04.1993,115000002,1,4,1993,6964,Taeniopterygidae Gen. sp.,15,6964,,
115000002_01.04.1993,115000002,1,4,1993,6972,Tanypodinae Gen. sp.,3,6972,,
115000002_01.04.1993,115000002,1,4,1993,6977,Tanytarsini Gen. sp.,1,6977,,
115000002_01.04.1993,115000002,1,4,1993,9272,Atyaephyra desmaresti,17,9272,,
115000002_01.04.1993,115000002,1,4,1993,9321,Rhagionidae Gen. sp.,1,9321,,
115000002_01.04.1993,115000002,1,4,1993,13077,Tyrrhenoleuctra sp.,10,13077,,
115000002_01.04.1993,115000002,1,4,1993,17756,Dytiscidae Gen. sp.,2,,,
115000002_01.04.1993,115000002,1,4,1993,18626,Oulimnius sp.,21,,,
115000002_01.04.1994,115000002,1,4,1994,4310,Ancylus fluviatilis,7,4310,,
115000002_01.04.1994,115000002,1,4,1994,4380,Baetidae Gen. sp.,119,4380,,
115000002_01.04.1994,115000002,1,4,1994,4461,Bithynia sp.,2,4461,,
115000002_01.04.1994,115000002,1,4,1994,4528,Caenis sp.,181,4528,,
115000002_01.04.1994,115000002,1,4,1994,4585,Ceratopogonidae Gen. sp.,19,4585,,
115000002_01.04.1994,115000002,1,4,1994,4644,Chironomini Gen. sp.,5,4644,,
115000002_01.04.1994,115000002,1,4,1994,4677,Choroterpes picteti,78,4677,,
115000002_01.04.1994,115000002,1,4,1994,4723,Coenagrionidae Gen. sp.,1,4723,,
115000002_01.04.1994,115000002,1,4,1994,5053,Ecdyonurus sp.,1,5053,,
115000002_01.04.1994,115000002,1,4,1994,5310,Glossiphonia sp.,2,5310,,
115000002_01.04.1994,115000002,1,4,1994,6108,Nemoura sp.,12,6108,,
115000002_01.04.1994,115000002,1,4,1994,6208,Orthocladiinae Gen. sp.,13,6208,,
115000002_01.04.1994,115000002,1,4,1994,6396,Physella acuta,2,6396,,
115000002_01.04.1994,115000002,1,4,1994,6842,Simuliidae Gen. sp.,1,6842,,
115000002_01.04.1994,115000002,1,4,1994,6972,Tanypodinae Gen. sp.,1,6972,,
115000002_01.04.1994,115000002,1,4,1994,6977,Tanytarsini Gen. sp.,3,6977,,
115000002_01.04.1994,115000002,1,4,1994,7117,Tubificidae Gen. sp.,2,7117,,
115000002_01.04.1994,115000002,1,4,1994,8440,Capniidae Gen. sp.,87,8440,,
115000002_01.04.1994,115000002,1,4,1994,8483,Limoniidae Gen. sp.,4,8483,,
115000002_01.04.1994,115000002,1,4,1994,9048,Isogenus sp.,20,9048,,
115000002_01.04.1994,115000002,1,4,1994,9272,Atyaephyra desmaresti,24,9272,,
115000002_01.04.1994,115000002,1,4,1994,13627,Hemimelaena flaviventris,6,13627,,
115000002_01.04.1994,115000002,1,4,1994,17749,Dryops sp.,1,,,
115000002_01.04.1994,115000002,1,4,1994,17756,Dytiscidae Gen. sp.,1,,,
115000002_01.04.1994,115000002,1,4,1994,18626,Oulimnius sp.,99,,,
115000002_01.04.1995,115000002,1,4,1995,4528,Caenis sp.,89,4528,,
115000002_01.04.1995,115000002,1,4,1995,4644,Chironomini Gen. sp.,3,4644,,
115000002_01.04.1995,115000002,1,4,1995,5900,Lumbricidae Gen. sp.,1,5900,,
115000002_01.04.1995,115000002,1,4,1995,6068,Naididae Gen. sp.,1,6068,,
115000002_01.04.1995,115000002,1,4,1995,6108,Nemoura sp.,17,6108,,
115000002_01.04.1995,115000002,1,4,1995,6208,Orthocladiinae Gen. sp.,201,6208,,
115000002_01.04.1995,115000002,1,4,1995,6842,Simuliidae Gen. sp.,117,6842,,
115000002_01.04.1995,115000002,1,4,1995,6964,Taeniopterygidae Gen. sp.,17,6964,,
115000002_01.04.1995,115000002,1,4,1995,6972,Tanypodinae Gen. sp.,6,6972,,
115000002_01.04.1995,115000002,1,4,1995,8483,Limoniidae Gen. sp.,1,8483,,
115000002_01.04.1995,115000002,1,4,1995,9048,Isogenus sp.,3,9048,,
115000002_01.04.1995,115000002,1,4,1995,9321,Rhagionidae Gen. sp.,1,9321,,
115000002_01.04.1995,115000002,1,4,1995,9600,Sciomyzidae Gen. sp.,2,9600,,
115000002_01.04.1995,115000002,1,4,1995,10709,Procambarus clarkii,24,10709,,
115000002_01.04.1995,115000002,1,4,1995,13077,Tyrrhenoleuctra sp.,7,13077,,
115000002_01.04.1995,115000002,1,4,1995,17756,Dytiscidae Gen. sp.,9,,,
115000002_01.04.1995,115000002,1,4,1995,18626,Oulimnius sp.,88,,,
115000002_01.04.1995,115000002,1,4,1995,18642,Peltodytes rotundatus,1,,,
115000002_01.04.1996,115000002,1,4,1996,4310,Ancylus fluviatilis,4,4310,,
115000002_01.04.1996,115000002,1,4,1996,4380,Baetidae Gen. sp.,1,4380,,
115000002_01.04.1996,115000002,1,4,1996,4528,Caenis sp.,70,4528,,
115000002_01.04.1996,115000002,1,4,1996,4585,Ceratopogonidae Gen. sp.,1,4585,,
115000002_01.04.1996,115000002,1,4,1996,4677,Choroterpes picteti,38,4677,,
115000002_01.04.1996,115000002,1,4,1996,5053,Ecdyonurus sp.,1,5053,,
115000002_01.04.1996,115000002,1,4,1996,6068,Naididae Gen. sp.,100,6068,,
115000002_01.04.1996,115000002,1,4,1996,6108,Nemoura sp.,7,6108,,
115000002_01.04.1996,115000002,1,4,1996,6842,Simuliidae Gen. sp.,132,6842,,
115000002_01.04.1996,115000002,1,4,1996,6964,Taeniopterygidae Gen. sp.,2,6964,,
115000002_01.04.1996,115000002,1,4,1996,6977,Tanytarsini Gen. sp.,6,6977,,
115000002_01.04.1996,115000002,1,4,1996,7117,Tubificidae Gen. sp.,5,7117,,
115000002_01.04.1996,115000002,1,4,1996,7490,Lumbriculidae Gen. sp.,7,7490,,
115000002_01.04.1996,115000002,1,4,1996,8485,Tabanidae Gen. sp.,4,8485,,
115000002_01.04.1996,115000002,1,4,1996,9048,Isogenus sp.,4,9048,,
115000002_01.04.1996,115000002,1,4,1996,9272,Atyaephyra desmaresti,4,9272,,
115000002_01.04.1996,115000002,1,4,1996,13077,Tyrrhenoleuctra sp.,410,13077,,
115000002_01.04.1996,115000002,1,4,1996,17756,Dytiscidae Gen. sp.,5,,,
115000002_01.04.1996,115000002,1,4,1996,18626,Oulimnius sp.,8,,,
115000002_01.04.1997,115000002,1,4,1997,4310,Ancylus fluviatilis,24,4310,,
115000002_01.04.1997,115000002,1,4,1997,4380,Baetidae Gen. sp.,41,4380,,
115000002_01.04.1997,115000002,1,4,1997,4528,Caenis sp.,24,4528,,
115000002_01.04.1997,115000002,1,4,1997,4585,Ceratopogonidae Gen. sp.,13,4585,,
115000002_01.04.1997,115000002,1,4,1997,4644,Chironomini Gen. sp.,7,4644,,
115000002_01.04.1997,115000002,1,4,1997,4723,Coenagrionidae Gen. sp.,1,4723,,
115000002_01.04.1997,115000002,1,4,1997,5137,Ephemerella sp.,6,5137,,
115000002_01.04.1997,115000002,1,4,1997,5303,Gerris sp.,2,5303,,
115000002_01.04.1997,115000002,1,4,1997,5310,Glossiphonia sp.,1,5310,,
115000002_01.04.1997,115000002,1,4,1997,5673,Isoperla sp.,17,5673,,
115000002_01.04.1997,115000002,1,4,1997,6108,Nemoura sp.,38,6108,,
115000002_01.04.1997,115000002,1,4,1997,6208,Orthocladiinae Gen. sp.,1,6208,,
115000002_01.04.1997,115000002,1,4,1997,6396,Physella acuta,2,6396,,
115000002_01.04.1997,115000002,1,4,1997,6842,Simuliidae Gen. sp.,981,6842,,
115000002_01.04.1997,115000002,1,4,1997,6964,Taeniopterygidae Gen. sp.,33,6964,,
115000002_01.04.1997,115000002,1,4,1997,6977,Tanytarsini Gen. sp.,3,6977,,
115000002_01.04.1997,115000002,1,4,1997,7117,Tubificidae Gen. sp.,7,7117,,
115000002_01.04.1997,115000002,1,4,1997,7490,Lumbriculidae Gen. sp.,6,7490,,
115000002_01.04.1997,115000002,1,4,1997,8440,Capniidae Gen. sp.,7,8440,,
115000002_01.04.1997,115000002,1,4,1997,9048,Isogenus sp.,13,9048,,
115000002_01.04.1997,115000002,1,4,1997,9272,Atyaephyra desmaresti,15,9272,,
115000002_01.04.1997,115000002,1,4,1997,13077,Tyrrhenoleuctra sp.,27,13077,,
115000002_01.04.1997,115000002,1,4,1997,18626,Oulimnius sp.,66,,,
115000002_01.04.1998,115000002,1,4,1998,4310,Ancylus fluviatilis,6,4310,,
115000002_01.04.1998,115000002,1,4,1998,4380,Baetidae Gen. sp.,596,4380,,
115000002_01.04.1998,115000002,1,4,1998,4528,Caenis sp.,183,4528,,
115000002_01.04.1998,115000002,1,4,1998,4585,Ceratopogonidae Gen. sp.,6,4585,,
115000002_01.04.1998,115000002,1,4,1998,4644,Chironomini Gen. sp.,35,4644,,
115000002_01.04.1998,115000002,1,4,1998,4723,Coenagrionidae Gen. sp.,2,4723,,
115000002_01.04.1998,115000002,1,4,1998,5053,Ecdyonurus sp.,29,5053,,
115000002_01.04.1998,115000002,1,4,1998,5137,Ephemerella sp.,19,5137,,
115000002_01.04.1998,115000002,1,4,1998,5160,Erpobdella sp.,8,5160,,
115000002_01.04.1998,115000002,1,4,1998,5605,Hydropsyche sp.,150,5605,,
115000002_01.04.1998,115000002,1,4,1998,5673,Isoperla sp.,7,5673,,
115000002_01.04.1998,115000002,1,4,1998,6068,Naididae Gen. sp.,40,6068,,
115000002_01.04.1998,115000002,1,4,1998,6108,Nemoura sp.,1,6108,,
115000002_01.04.1998,115000002,1,4,1998,6208,Orthocladiinae Gen. sp.,17,6208,,
115000002_01.04.1998,115000002,1,4,1998,6842,Simuliidae Gen. sp.,1,6842,,
115000002_01.04.1998,115000002,1,4,1998,6972,Tanypodinae Gen. sp.,24,6972,,
115000002_01.04.1998,115000002,1,4,1998,6977,Tanytarsini Gen. sp.,14,6977,,
115000002_01.04.1998,115000002,1,4,1998,7455,Hydroptilidae Gen. sp.,6,7455,,
115000002_01.04.1998,115000002,1,4,1998,8483,Limoniidae Gen. sp.,1,8483,,
115000002_01.04.1998,115000002,1,4,1998,9272,Atyaephyra desmaresti,6,9272,,
115000002_01.04.1998,115000002,1,4,1998,13077,Tyrrhenoleuctra sp.,62,13077,,
115000002_01.04.1998,115000002,1,4,1998,13627,Hemimelaena flaviventris,8,13627,,
115000002_01.04.1998,115000002,1,4,1998,18626,Oulimnius sp.,17,,,
115000002_01.04.1999,115000002,1,4,1999,4310,Ancylus fluviatilis,1,4310,,
115000002_01.04.1999,115000002,1,4,1999,4380,Baetidae Gen. sp.,2,4380,,
115000002_01.04.1999,115000002,1,4,1999,4528,Caenis sp.,52,4528,,
115000002_01.04.1999,115000002,1,4,1999,4644,Chironomini Gen. sp.,6,4644,,
115000002_01.04.1999,115000002,1,4,1999,5900,Lumbricidae Gen. sp.,1,5900,,
115000002_01.04.1999,115000002,1,4,1999,6002,Micronecta sp.,134,6002,,
115000002_01.04.1999,115000002,1,4,1999,6208,Orthocladiinae Gen. sp.,8,6208,,
115000002_01.04.1999,115000002,1,4,1999,6842,Simuliidae Gen. sp.,1055,6842,,
115000002_01.04.1999,115000002,1,4,1999,6964,Taeniopterygidae Gen. sp.,15,6964,,
115000002_01.04.1999,115000002,1,4,1999,6972,Tanypodinae Gen. sp.,6,6972,,
115000002_01.04.1999,115000002,1,4,1999,6977,Tanytarsini Gen. sp.,738,6977,,
115000002_01.04.1999,115000002,1,4,1999,7117,Tubificidae Gen. sp.,1,7117,,
115000002_01.04.1999,115000002,1,4,1999,8483,Limoniidae Gen. sp.,3,8483,,
115000002_01.04.1999,115000002,1,4,1999,9048,Isogenus sp.,9,9048,,
115000002_01.04.1999,115000002,1,4,1999,10709,Procambarus clarkii,1,10709,,
115000002_01.04.1999,115000002,1,4,1999,13077,Tyrrhenoleuctra sp.,166,13077,,
115000002_01.04.1999,115000002,1,4,1999,17756,Dytiscidae Gen. sp.,1,,,
115000002_01.04.1999,115000002,1,4,1999,18626,Oulimnius sp.,4,,,
115000002_01.04.2000,115000002,1,4,2000,4310,Ancylus fluviatilis,7,4310,,
115000002_01.04.2000,115000002,1,4,2000,4380,Baetidae Gen. sp.,9,4380,,
115000002_01.04.2000,115000002,1,4,2000,4528,Caenis sp.,40,4528,,
115000002_01.04.2000,115000002,1,4,2000,4585,Ceratopogonidae Gen. sp.,1,4585,,
115000002_01.04.2000,115000002,1,4,2000,4644,Chironomini Gen. sp.,6,4644,,
115000002_01.04.2000,115000002,1,4,2000,4677,Choroterpes picteti,1,4677,,
115000002_01.04.2000,115000002,1,4,2000,5160,Erpobdella sp.,1,5160,,
115000002_01.04.2000,115000002,1,4,2000,5605,Hydropsyche sp.,1,5605,,
115000002_01.04.2000,115000002,1,4,2000,6108,Nemoura sp.,2,6108,,
115000002_01.04.2000,115000002,1,4,2000,6208,Orthocladiinae Gen. sp.,35,6208,,
115000002_01.04.2000,115000002,1,4,2000,6842,Simuliidae Gen. sp.,389,6842,,
115000002_01.04.2000,115000002,1,4,2000,6964,Taeniopterygidae Gen. sp.,5,6964,,
115000002_01.04.2000,115000002,1,4,2000,6972,Tanypodinae Gen. sp.,6,6972,,
115000002_01.04.2000,115000002,1,4,2000,6977,Tanytarsini Gen. sp.,4,6977,,
115000002_01.04.2000,115000002,1,4,2000,7117,Tubificidae Gen. sp.,2,7117,,
115000002_01.04.2000,115000002,1,4,2000,8440,Capniidae Gen. sp.,2,8440,,
115000002_01.04.2000,115000002,1,4,2000,9048,Isogenus sp.,13,9048,,
115000002_01.04.2000,115000002,1,4,2000,9272,Atyaephyra desmaresti,5,9272,,
115000002_01.04.2000,115000002,1,4,2000,13077,Tyrrhenoleuctra sp.,156,13077,,
115000002_01.04.2000,115000002,1,4,2000,17756,Dytiscidae Gen. sp.,3,,,
115000002_01.04.2001,115000002,1,4,2001,4310,Ancylus fluviatilis,5,4310,,
115000002_01.04.2001,115000002,1,4,2001,4371,Athripsodes sp.,2,4371,,
115000002_01.04.2001,115000002,1,4,2001,4380,Baetidae Gen. sp.,39,4380,,
115000002_01.04.2001,115000002,1,4,2001,4528,Caenis sp.,25,4528,,
115000002_01.04.2001,115000002,1,4,2001,4677,Choroterpes picteti,1,4677,,
115000002_01.04.2001,115000002,1,4,2001,4723,Coenagrionidae Gen. sp.,1,4723,,
115000002_01.04.2001,115000002,1,4,2001,5137,Ephemerella sp.,10,5137,,
115000002_01.04.2001,115000002,1,4,2001,5160,Erpobdella sp.,1,5160,,
115000002_01.04.2001,115000002,1,4,2001,5303,Gerris sp.,1,5303,,
115000002_01.04.2001,115000002,1,4,2001,5673,Isoperla sp.,21,5673,,
115000002_01.04.2001,115000002,1,4,2001,5900,Lumbricidae Gen. sp.,3,5900,,
115000002_01.04.2001,115000002,1,4,2001,6002,Micronecta sp.,5,6002,,
115000002_01.04.2001,115000002,1,4,2001,6108,Nemoura sp.,17,6108,,
115000002_01.04.2001,115000002,1,4,2001,6208,Orthocladiinae Gen. sp.,849,6208,,
115000002_01.04.2001,115000002,1,4,2001,6396,Physella acuta,2,6396,,
115000002_01.04.2001,115000002,1,4,2001,6842,Simuliidae Gen. sp.,1,6842,,
115000002_01.04.2001,115000002,1,4,2001,6864,Siphlonurus sp.,5,6864,,
115000002_01.04.2001,115000002,1,4,2001,6972,Tanypodinae Gen. sp.,27,6972,,
115000002_01.04.2001,115000002,1,4,2001,7490,Lumbriculidae Gen. sp.,2,7490,,
115000002_01.04.2001,115000002,1,4,2001,9048,Isogenus sp.,6,9048,,
115000002_01.04.2001,115000002,1,4,2001,9272,Atyaephyra desmaresti,8,9272,,
115000002_01.04.2001,115000002,1,4,2001,10709,Procambarus clarkii,1,10709,,
115000002_01.04.2001,115000002,1,4,2001,13055,Thraulus bellus,1,13055,,
115000002_01.04.2001,115000002,1,4,2001,13077,Tyrrhenoleuctra sp.,72,13077,,
115000002_01.04.2001,115000002,1,4,2001,13627,Hemimelaena flaviventris,5,13627,,
115000002_01.04.2001,115000002,1,4,2001,17756,Dytiscidae Gen. sp.,11,,,
115000002_01.04.2001,115000002,1,4,2001,18626,Oulimnius sp.,3,,,
115000002_01.04.2002,115000002,1,4,2002,4310,Ancylus fluviatilis,20,4310,,
115000002_01.04.2002,115000002,1,4,2002,4380,Baetidae Gen. sp.,137,4380,,
115000002_01.04.2002,115000002,1,4,2002,4644,Chironomini Gen. sp.,2,4644,,
115000002_01.04.2002,115000002,1,4,2002,4723,Coenagrionidae Gen. sp.,1,4723,,
115000002_01.04.2002,115000002,1,4,2002,5137,Ephemerella sp.,3,5137,,
115000002_01.04.2002,115000002,1,4,2002,5673,Isoperla sp.,93,5673,,
115000002_01.04.2002,115000002,1,4,2002,5900,Lumbricidae Gen. sp.,1,5900,,
115000002_01.04.2002,115000002,1,4,2002,6068,Naididae Gen. sp.,15,6068,,
115000002_01.04.2002,115000002,1,4,2002,6108,Nemoura sp.,107,6108,,
115000002_01.04.2002,115000002,1,4,2002,6208,Orthocladiinae Gen. sp.,6,6208,,
115000002_01.04.2002,115000002,1,4,2002,6396,Physella acuta,5,6396,,
115000002_01.04.2002,115000002,1,4,2002,6842,Simuliidae Gen. sp.,9,6842,,
115000002_01.04.2002,115000002,1,4,2002,6964,Taeniopterygidae Gen. sp.,29,6964,,
115000002_01.04.2002,115000002,1,4,2002,6972,Tanypodinae Gen. sp.,13,6972,,
115000002_01.04.2002,115000002,1,4,2002,6977,Tanytarsini Gen. sp.,1,6977,,
115000002_01.04.2002,115000002,1,4,2002,7455,Hydroptilidae Gen. sp.,1,7455,,
115000002_01.04.2002,115000002,1,4,2002,7490,Lumbriculidae Gen. sp.,1,7490,,
115000002_01.04.2002,115000002,1,4,2002,9048,Isogenus sp.,93,9048,,
115000002_01.04.2002,115000002,1,4,2002,9272,Atyaephyra desmaresti,4,9272,,
115000002_01.04.2002,115000002,1,4,2002,10709,Procambarus clarkii,4,10709,,
115000002_01.04.2002,115000002,1,4,2002,13077,Tyrrhenoleuctra sp.,122,13077,,
115000002_01.04.2002,115000002,1,4,2002,17756,Dytiscidae Gen. sp.,37,,,
115000002_01.04.2002,115000002,1,4,2002,17901,Haliplus sp.,1,,,
115000002_01.04.2003,115000002,1,4,2003,4310,Ancylus fluviatilis,43,4310,,
115000002_01.04.2003,115000002,1,4,2003,4380,Baetidae Gen. sp.,822,4380,,
115000002_01.04.2003,115000002,1,4,2003,4461,Bithynia sp.,2,4461,,
115000002_01.04.2003,115000002,1,4,2003,4528,Caenis sp.,134,4528,,
115000002_01.04.2003,115000002,1,4,2003,4644,Chironomini Gen. sp.,38,4644,,
115000002_01.04.2003,115000002,1,4,2003,4677,Choroterpes picteti,23,4677,,
115000002_01.04.2003,115000002,1,4,2003,5053,Ecdyonurus sp.,46,5053,,
115000002_01.04.2003,115000002,1,4,2003,5137,Ephemerella sp.,37,5137,,
115000002_01.04.2003,115000002,1,4,2003,5310,Glossiphonia sp.,3,5310,,
115000002_01.04.2003,115000002,1,4,2003,5371,Habrophlebia sp.,2,5371,,
115000002_01.04.2003,115000002,1,4,2003,5605,Hydropsyche sp.,5,5605,,
115000002_01.04.2003,115000002,1,4,2003,5900,Lumbricidae Gen. sp.,3,5900,,
115000002_01.04.2003,115000002,1,4,2003,5919,Lymnaea sp.,2,5919,,
115000002_01.04.2003,115000002,1,4,2003,6002,Micronecta sp.,31,6002,,
115000002_01.04.2003,115000002,1,4,2003,6068,Naididae Gen. sp.,527,6068,,
115000002_01.04.2003,115000002,1,4,2003,6108,Nemoura sp.,18,6108,,
115000002_01.04.2003,115000002,1,4,2003,6208,Orthocladiinae Gen. sp.,110,6208,,
115000002_01.04.2003,115000002,1,4,2003,6396,Physella acuta,2,6396,,
115000002_01.04.2003,115000002,1,4,2003,6842,Simuliidae Gen. sp.,15,6842,,
115000002_01.04.2003,115000002,1,4,2003,6972,Tanypodinae Gen. sp.,44,6972,,
115000002_01.04.2003,115000002,1,4,2003,6977,Tanytarsini Gen. sp.,1,6977,,
115000002_01.04.2003,115000002,1,4,2003,7117,Tubificidae Gen. sp.,8,7117,,
115000002_01.04.2003,115000002,1,4,2003,7455,Hydroptilidae Gen. sp.,11,7455,,
115000002_01.04.2003,115000002,1,4,2003,8483,Limoniidae Gen. sp.,28,8483,,
115000002_01.04.2003,115000002,1,4,2003,9048,Isogenus sp.,69,9048,,
115000002_01.04.2003,115000002,1,4,2003,13055,Thraulus bellus,1,13055,,
115000002_01.04.2003,115000002,1,4,2003,13077,Tyrrhenoleuctra sp.,157,13077,,
115000002_01.04.2003,115000002,1,4,2003,13627,Hemimelaena flaviventris,14,13627,,
115000002_01.04.2003,115000002,1,4,2003,17756,Dytiscidae Gen. sp.,54,,,
115000002_01.04.2003,115000002,1,4,2003,18186,Hydrophilidae Gen. sp.,1,,,
115000002_01.04.2004,115000002,1,4,2004,4310,Ancylus fluviatilis,22,4310,,
115000002_01.04.2004,115000002,1,4,2004,4380,Baetidae Gen. sp.,67,4380,,
115000002_01.04.2004,115000002,1,4,2004,4528,Caenis sp.,37,4528,,
115000002_01.04.2004,115000002,1,4,2004,4585,Ceratopogonidae Gen. sp.,5,4585,,
115000002_01.04.2004,115000002,1,4,2004,4644,Chironomini Gen. sp.,14,4644,,
115000002_01.04.2004,115000002,1,4,2004,4677,Choroterpes picteti,69,4677,,
115000002_01.04.2004,115000002,1,4,2004,5053,Ecdyonurus sp.,31,5053,,
115000002_01.04.2004,115000002,1,4,2004,5137,Ephemerella sp.,16,5137,,
115000002_01.04.2004,115000002,1,4,2004,5673,Isoperla sp.,32,5673,,
115000002_01.04.2004,115000002,1,4,2004,5900,Lumbricidae Gen. sp.,3,5900,,
115000002_01.04.2004,115000002,1,4,2004,6068,Naididae Gen. sp.,39,6068,,
115000002_01.04.2004,115000002,1,4,2004,6108,Nemoura sp.,58,6108,,
115000002_01.04.2004,115000002,1,4,2004,6208,Orthocladiinae Gen. sp.,9,6208,,
115000002_01.04.2004,115000002,1,4,2004,6842,Simuliidae Gen. sp.,5,6842,,
115000002_01.04.2004,115000002,1,4,2004,6972,Tanypodinae Gen. sp.,9,6972,,
115000002_01.04.2004,115000002,1,4,2004,6977,Tanytarsini Gen. sp.,50,6977,,
115000002_01.04.2004,115000002,1,4,2004,7117,Tubificidae Gen. sp.,1,7117,,
115000002_01.04.2004,115000002,1,4,2004,7455,Hydroptilidae Gen. sp.,16,7455,,
115000002_01.04.2004,115000002,1,4,2004,8483,Limoniidae Gen. sp.,2,8483,,
115000002_01.04.2004,115000002,1,4,2004,9048,Isogenus sp.,6,9048,,
115000002_01.04.2004,115000002,1,4,2004,9272,Atyaephyra desmaresti,2,9272,,
115000002_01.04.2004,115000002,1,4,2004,13077,Tyrrhenoleuctra sp.,78,13077,,
115000002_01.04.2004,115000002,1,4,2004,13627,Hemimelaena flaviventris,1,13627,,
115000002_01.04.2004,115000002,1,4,2004,17756,Dytiscidae Gen. sp.,5,,,
115000002_01.04.2004,115000002,1,4,2004,18626,Oulimnius sp.,2,,,
115000002_01.04.2005,115000002,1,4,2005,4310,Ancylus fluviatilis,4,4310,,
115000002_01.04.2005,115000002,1,4,2005,4380,Baetidae Gen. sp.,88,4380,,
115000002_01.04.2005,115000002,1,4,2005,4528,Caenis sp.,6,4528,,
115000002_01.04.2005,115000002,1,4,2005,4585,Ceratopogonidae Gen. sp.,1,4585,,
115000002_01.04.2005,115000002,1,4,2005,4677,Choroterpes picteti,1,4677,,
115000002_01.04.2005,115000002,1,4,2005,4723,Coenagrionidae Gen. sp.,1,4723,,
115000002_01.04.2005,115000002,1,4,2005,5053,Ecdyonurus sp.,2,5053,,
115000002_01.04.2005,115000002,1,4,2005,5673,Isoperla sp.,5,5673,,
115000002_01.04.2005,115000002,1,4,2005,5919,Lymnaea sp.,1,5919,,
115000002_01.04.2005,115000002,1,4,2005,6108,Nemoura sp.,31,6108,,
115000002_01.04.2005,115000002,1,4,2005,6208,Orthocladiinae Gen. sp.,12,6208,,
115000002_01.04.2005,115000002,1,4,2005,6842,Simuliidae Gen. sp.,69,6842,,
115000002_01.04.2005,115000002,1,4,2005,7117,Tubificidae Gen. sp.,2,7117,,
115000002_01.04.2005,115000002,1,4,2005,8483,Limoniidae Gen. sp.,12,8483,,
115000002_01.04.2005,115000002,1,4,2005,10709,Procambarus clarkii,2,10709,,
115000002_01.04.2005,115000002,1,4,2005,13077,Tyrrhenoleuctra sp.,184,13077,,
115000002_01.04.2005,115000002,1,4,2005,13625,Guadalgenus franzi,6,13625,,
115000002_01.04.2005,115000002,1,4,2005,13627,Hemimelaena flaviventris,5,13627,,
115000002_01.04.2005,115000002,1,4,2005,17756,Dytiscidae Gen. sp.,12,,,
115000002_01.04.2005,115000002,1,4,2005,18491,Noterus sp.,5,,,
115000002_01.04.2005,115000002,1,4,2005,18626,Oulimnius sp.,2,,,
115000002_01.04.2006,115000002,1,4,2006,4310,Ancylus fluviatilis,45,4310,,
115000002_01.04.2006,115000002,1,4,2006,4380,Baetidae Gen. sp.,6,4380,,
115000002_01.04.2006,115000002,1,4,2006,4528,Caenis sp.,4,4528,,
115000002_01.04.2006,115000002,1,4,2006,4585,Ceratopogonidae Gen. sp.,17,4585,,
115000002_01.04.2006,115000002,1,4,2006,4677,Choroterpes picteti,10,4677,,
115000002_01.04.2006,115000002,1,4,2006,5053,Ecdyonurus sp.,3,5053,,
115000002_01.04.2006,115000002,1,4,2006,5137,Ephemerella sp.,1,5137,,
115000002_01.04.2006,115000002,1,4,2006,5310,Glossiphonia sp.,1,5310,,
115000002_01.04.2006,115000002,1,4,2006,5605,Hydropsyche sp.,1,5605,,
115000002_01.04.2006,115000002,1,4,2006,5673,Isoperla sp.,6,5673,,
115000002_01.04.2006,115000002,1,4,2006,5900,Lumbricidae Gen. sp.,3,5900,,
115000002_01.04.2006,115000002,1,4,2006,5919,Lymnaea sp.,2,5919,,
115000002_01.04.2006,115000002,1,4,2006,6002,Micronecta sp.,2,6002,,
115000002_01.04.2006,115000002,1,4,2006,6068,Naididae Gen. sp.,75,6068,,
115000002_01.04.2006,115000002,1,4,2006,6108,Nemoura sp.,111,6108,,
115000002_01.04.2006,115000002,1,4,2006,6208,Orthocladiinae Gen. sp.,47,6208,,
115000002_01.04.2006,115000002,1,4,2006,6396,Physella acuta,3,6396,,
115000002_01.04.2006,115000002,1,4,2006,6842,Simuliidae Gen. sp.,98,6842,,
115000002_01.04.2006,115000002,1,4,2006,6964,Taeniopterygidae Gen. sp.,2,6964,,
115000002_01.04.2006,115000002,1,4,2006,6972,Tanypodinae Gen. sp.,6,6972,,
115000002_01.04.2006,115000002,1,4,2006,6977,Tanytarsini Gen. sp.,4,6977,,
115000002_01.04.2006,115000002,1,4,2006,7117,Tubificidae Gen. sp.,9,7117,,
115000002_01.04.2006,115000002,1,4,2006,7455,Hydroptilidae Gen. sp.,8,7455,,
115000002_01.04.2006,115000002,1,4,2006,9321,Rhagionidae Gen. sp.,1,9321,,
115000002_01.04.2006,115000002,1,4,2006,13077,Tyrrhenoleuctra sp.,219,13077,,
115000002_01.04.2006,115000002,1,4,2006,13625,Guadalgenus franzi,1,13625,,
115000002_01.04.2006,115000002,1,4,2006,13627,Hemimelaena flaviventris,18,13627,,
115000002_01.04.2006,115000002,1,4,2006,17756,Dytiscidae Gen. sp.,4,,,
115000002_01.04.2007,115000002,1,4,2007,4371,Athripsodes sp.,1,4371,,
115000002_01.04.2007,115000002,1,4,2007,4380,Baetidae Gen. sp.,114,4380,,
115000002_01.04.2007,115000002,1,4,2007,4461,Bithynia sp.,1,4461,,
115000002_01.04.2007,115000002,1,4,2007,4528,Caenis sp.,133,4528,,
115000002_01.04.2007,115000002,1,4,2007,4585,Ceratopogonidae Gen. sp.,32,4585,,
115000002_01.04.2007,115000002,1,4,2007,4644,Chironomini Gen. sp.,1,4644,,
115000002_01.04.2007,115000002,1,4,2007,4677,Choroterpes picteti,13,4677,,
115000002_01.04.2007,115000002,1,4,2007,5137,Ephemerella sp.,3,5137,,
115000002_01.04.2007,115000002,1,4,2007,5310,Glossiphonia sp.,19,5310,,
115000002_01.04.2007,115000002,1,4,2007,5605,Hydropsyche sp.,3,5605,,
115000002_01.04.2007,115000002,1,4,2007,5673,Isoperla sp.,70,5673,,
115000002_01.04.2007,115000002,1,4,2007,5900,Lumbricidae Gen. sp.,2,5900,,
115000002_01.04.2007,115000002,1,4,2007,6068,Naididae Gen. sp.,34,6068,,
115000002_01.04.2007,115000002,1,4,2007,6108,Nemoura sp.,50,6108,,
115000002_01.04.2007,115000002,1,4,2007,6208,Orthocladiinae Gen. sp.,31,6208,,
115000002_01.04.2007,115000002,1,4,2007,6972,Tanypodinae Gen. sp.,31,6972,,
115000002_01.04.2007,115000002,1,4,2007,7117,Tubificidae Gen. sp.,102,7117,,
115000002_01.04.2007,115000002,1,4,2007,7455,Hydroptilidae Gen. sp.,3,7455,,
115000002_01.04.2007,115000002,1,4,2007,8483,Limoniidae Gen. sp.,17,8483,,
115000002_01.04.2007,115000002,1,4,2007,8485,Tabanidae Gen. sp.,1,8485,,
115000002_01.04.2007,115000002,1,4,2007,13077,Tyrrhenoleuctra sp.,30,13077,,
115000002_01.04.2007,115000002,1,4,2007,13625,Guadalgenus franzi,5,13625,,
115000002_01.04.2007,115000002,1,4,2007,13627,Hemimelaena flaviventris,5,13627,,
115000002_01.04.2007,115000002,1,4,2007,17756,Dytiscidae Gen. sp.,8,,,
115000002_01.04.2007,115000002,1,4,2007,18626,Oulimnius sp.,11,,,
115000002_01.04.2008,115000002,1,4,2008,4310,Ancylus fluviatilis,4,4310,,
115000002_01.04.2008,115000002,1,4,2008,4380,Baetidae Gen. sp.,88,4380,,
115000002_01.04.2008,115000002,1,4,2008,4528,Caenis sp.,6,4528,,
115000002_01.04.2008,115000002,1,4,2008,4585,Ceratopogonidae Gen. sp.,1,4585,,
115000002_01.04.2008,115000002,1,4,2008,4677,Choroterpes picteti,1,4677,,
115000002_01.04.2008,115000002,1,4,2008,4723,Coenagrionidae Gen. sp.,1,4723,,
115000002_01.04.2008,115000002,1,4,2008,5053,Ecdyonurus sp.,2,5053,,
115000002_01.04.2008,115000002,1,4,2008,5673,Isoperla sp.,5,5673,,
115000002_01.04.2008,115000002,1,4,2008,5919,Lymnaea sp.,1,5919,,
115000002_01.04.2008,115000002,1,4,2008,6108,Nemoura sp.,31,6108,,
115000002_01.04.2008,115000002,1,4,2008,6208,Orthocladiinae Gen. sp.,12,6208,,
115000002_01.04.2008,115000002,1,4,2008,6842,Simuliidae Gen. sp.,69,6842,,
115000002_01.04.2008,115000002,1,4,2008,7117,Tubificidae Gen. sp.,2,7117,,
115000002_01.04.2008,115000002,1,4,2008,8483,Limoniidae Gen. sp.,12,8483,,
115000002_01.04.2008,115000002,1,4,2008,10709,Procambarus clarkii,2,10709,,
115000002_01.04.2008,115000002,1,4,2008,13077,Tyrrhenoleuctra sp.,184,13077,,
115000002_01.04.2008,115000002,1,4,2008,13625,Guadalgenus franzi,6,13625,,
115000002_01.04.2008,115000002,1,4,2008,13627,Hemimelaena flaviventris,5,13627,,
115000002_01.04.2008,115000002,1,4,2008,17756,Dytiscidae Gen. sp.,12,,,
115000002_01.04.2008,115000002,1,4,2008,18491,Noterus sp.,5,,,
115000002_01.04.2008,115000002,1,4,2008,18626,Oulimnius sp.,2,,,
115000002_01.04.2009,115000002,1,4,2009,4380,Baetidae Gen. sp.,8,4380,,
115000002_01.04.2009,115000002,1,4,2009,4528,Caenis sp.,6,4528,,
115000002_01.04.2009,115000002,1,4,2009,4585,Ceratopogonidae Gen. sp.,3,4585,,
115000002_01.04.2009,115000002,1,4,2009,4644,Chironomini Gen. sp.,3,4644,,
115000002_01.04.2009,115000002,1,4,2009,5053,Ecdyonurus sp.,1,5053,,
115000002_01.04.2009,115000002,1,4,2009,5673,Isoperla sp.,16,5673,,
115000002_01.04.2009,115000002,1,4,2009,5900,Lumbricidae Gen. sp.,4,5900,,
115000002_01.04.2009,115000002,1,4,2009,6002,Micronecta sp.,3,6002,,
115000002_01.04.2009,115000002,1,4,2009,6108,Nemoura sp.,16,6108,,
115000002_01.04.2009,115000002,1,4,2009,6208,Orthocladiinae Gen. sp.,3,6208,,
115000002_01.04.2009,115000002,1,4,2009,6842,Simuliidae Gen. sp.,16,6842,,
115000002_01.04.2009,115000002,1,4,2009,6972,Tanypodinae Gen. sp.,5,6972,,
115000002_01.04.2009,115000002,1,4,2009,6977,Tanytarsini Gen. sp.,2,6977,,
115000002_01.04.2009,115000002,1,4,2009,7117,Tubificidae Gen. sp.,2,7117,,
115000002_01.04.2009,115000002,1,4,2009,7455,Hydroptilidae Gen. sp.,1,7455,,
115000002_01.04.2009,115000002,1,4,2009,7490,Lumbriculidae Gen. sp.,2,7490,,
115000002_01.04.2009,115000002,1,4,2009,8411,Libellulidae Gen. sp.,1,8411,,
115000002_01.04.2009,115000002,1,4,2009,8440,Capniidae Gen. sp.,20,8440,,
115000002_01.04.2009,115000002,1,4,2009,8483,Limoniidae Gen. sp.,1,8483,,
115000002_01.04.2009,115000002,1,4,2009,10709,Procambarus clarkii,2,10709,,
115000002_01.04.2009,115000002,1,4,2009,17756,Dytiscidae Gen. sp.,3,,,
115000002_01.04.2009,115000002,1,4,2009,17901,Haliplus sp.,2,,,
115000002_01.04.2009,115000002,1,4,2009,17967,Helophorus sp.,1,,,
115000002_01.04.2009,115000002,1,4,2009,18626,Oulimnius sp.,3,,,
115000002_01.04.2010,115000002,1,4,2010,4310,Ancylus fluviatilis,1,4310,,
115000002_01.04.2010,115000002,1,4,2010,4380,Baetidae Gen. sp.,88,4380,,
115000002_01.04.2010,115000002,1,4,2010,4528,Caenis sp.,31,4528,,
115000002_01.04.2010,115000002,1,4,2010,4585,Ceratopogonidae Gen. sp.,1,4585,,
115000002_01.04.2010,115000002,1,4,2010,4644,Chironomini Gen. sp.,9,4644,,
115000002_01.04.2010,115000002,1,4,2010,5137,Ephemerella sp.,1,5137,,
115000002_01.04.2010,115000002,1,4,2010,5546,Hydrometra stagnorum,1,5546,,
115000002_01.04.2010,115000002,1,4,2010,5673,Isoperla sp.,10,5673,,
115000002_01.04.2010,115000002,1,4,2010,6108,Nemoura sp.,15,6108,,
115000002_01.04.2010,115000002,1,4,2010,6208,Orthocladiinae Gen. sp.,13,6208,,
115000002_01.04.2010,115000002,1,4,2010,6842,Simuliidae Gen. sp.,8,6842,,
115000002_01.04.2010,115000002,1,4,2010,6972,Tanypodinae Gen. sp.,4,6972,,
115000002_01.04.2010,115000002,1,4,2010,8438,Aeshnidae Gen. sp.,1,8438,,
115000002_01.04.2010,115000002,1,4,2010,8440,Capniidae Gen. sp.,1,8440,,
115000002_01.04.2010,115000002,1,4,2010,10709,Procambarus clarkii,1,10709,,
115000002_01.04.2010,115000002,1,4,2010,17756,Dytiscidae Gen. sp.,4,,,
115000002_01.04.2010,115000002,1,4,2010,17901,Haliplus sp.,1,,,
115000002_01.04.2011,115000002,1,4,2011,4310,Ancylus fluviatilis,8,4310,,
115000002_01.04.2011,115000002,1,4,2011,4585,Ceratopogonidae Gen. sp.,2,4585,,
115000002_01.04.2011,115000002,1,4,2011,4644,Chironomini Gen. sp.,1,4644,,
115000002_01.04.2011,115000002,1,4,2011,5053,Ecdyonurus sp.,3,5053,,
115000002_01.04.2011,115000002,1,4,2011,5137,Ephemerella sp.,53,5137,,
115000002_01.04.2011,115000002,1,4,2011,5160,Erpobdella sp.,1,5160,,
115000002_01.04.2011,115000002,1,4,2011,5900,Lumbricidae Gen. sp.,5,5900,,
115000002_01.04.2011,115000002,1,4,2011,6068,Naididae Gen. sp.,8,6068,,
115000002_01.04.2011,115000002,1,4,2011,6208,Orthocladiinae Gen. sp.,2,6208,,
115000002_01.04.2011,115000002,1,4,2011,6842,Simuliidae Gen. sp.,7,6842,,
115000002_01.04.2011,115000002,1,4,2011,7490,Lumbriculidae Gen. sp.,2,7490,,
115000002_01.04.2011,115000002,1,4,2011,8411,Libellulidae Gen. sp.,1,8411,,
115000002_01.04.2011,115000002,1,4,2011,8440,Capniidae Gen. sp.,26,8440,,
115000002_01.04.2011,115000002,1,4,2011,8483,Limoniidae Gen. sp.,139,8483,,
115000002_01.04.2011,115000002,1,4,2011,18626,Oulimnius sp.,3,,,
115000002_01.04.2012,115000002,1,4,2012,4310,Ancylus fluviatilis,2,4310,,
115000002_01.04.2012,115000002,1,4,2012,4380,Baetidae Gen. sp.,1,4380,,
115000002_01.04.2012,115000002,1,4,2012,4528,Caenis sp.,5,4528,,
115000002_01.04.2012,115000002,1,4,2012,4585,Ceratopogonidae Gen. sp.,2,4585,,
115000002_01.04.2012,115000002,1,4,2012,4644,Chironomini Gen. sp.,2,4644,,
115000002_01.04.2012,115000002,1,4,2012,4677,Choroterpes picteti,29,4677,,
115000002_01.04.2012,115000002,1,4,2012,5053,Ecdyonurus sp.,13,5053,,
115000002_01.04.2012,115000002,1,4,2012,5137,Ephemerella sp.,2,5137,,
115000002_01.04.2012,115000002,1,4,2012,5160,Erpobdella sp.,1,5160,,
115000002_01.04.2012,115000002,1,4,2012,5546,Hydrometra stagnorum,2,5546,,
115000002_01.04.2012,115000002,1,4,2012,5605,Hydropsyche sp.,1,5605,,
115000002_01.04.2012,115000002,1,4,2012,6108,Nemoura sp.,24,6108,,
115000002_01.04.2012,115000002,1,4,2012,6208,Orthocladiinae Gen. sp.,11,6208,,
115000002_01.04.2012,115000002,1,4,2012,6977,Tanytarsini Gen. sp.,1,6977,,
115000002_01.04.2012,115000002,1,4,2012,7117,Tubificidae Gen. sp.,2,7117,,
115000002_01.04.2012,115000002,1,4,2012,7455,Hydroptilidae Gen. sp.,1,7455,,
115000002_01.04.2012,115000002,1,4,2012,8440,Capniidae Gen. sp.,10,8440,,
115000002_01.04.2012,115000002,1,4,2012,8483,Limoniidae Gen. sp.,5,8483,,
115000002_01.04.2012,115000002,1,4,2012,10709,Procambarus clarkii,2,10709,,
115000002_01.04.2012,115000002,1,4,2012,17756,Dytiscidae Gen. sp.,1,,,
115000002_01.04.2012,115000002,1,4,2012,17901,Haliplus sp.,3,,,
115000002_01.04.2012,115000002,1,4,2012,17967,Helophorus sp.,1,,,
115000002_01.04.2012,115000002,1,4,2012,18626,Oulimnius sp.,6,,,
115000002_01.04.2012,115000002,1,4,2012,18707,Scirtidae Gen. sp.,1,,,
115000002_01.04.2013,115000002,1,4,2013,4380,Baetidae Gen. sp.,1,4380,,
115000002_01.04.2013,115000002,1,4,2013,4528,Caenis sp.,112,4528,,
115000002_01.04.2013,115000002,1,4,2013,4644,Chironomini Gen. sp.,11,4644,,
115000002_01.04.2013,115000002,1,4,2013,4677,Choroterpes picteti,2,4677,,
115000002_01.04.2013,115000002,1,4,2013,6472,Polycentropus sp.,2,6472,,
115000002_01.04.2013,115000002,1,4,2013,6972,Tanypodinae Gen. sp.,1,6972,,
115000002_01.04.2013,115000002,1,4,2013,7117,Tubificidae Gen. sp.,2,7117,,
115000002_01.04.2013,115000002,1,4,2013,8452,Unionidae Gen. sp.,1,8452,,
115000002_01.04.2013,115000002,1,4,2013,10709,Procambarus clarkii,1,10709,,
115000002_01.04.2013,115000002,1,4,2013,13055,Thraulus bellus,4,13055,,
115000002_01.04.2014,115000002,1,4,2014,4380,Baetidae Gen. sp.,50,4380,,
115000002_01.04.2014,115000002,1,4,2014,4528,Caenis sp.,4,4528,,
115000002_01.04.2014,115000002,1,4,2014,4585,Ceratopogonidae Gen. sp.,2,4585,,
115000002_01.04.2014,115000002,1,4,2014,4644,Chironomini Gen. sp.,2,4644,,
115000002_01.04.2014,115000002,1,4,2014,4677,Choroterpes picteti,6,4677,,
115000002_01.04.2014,115000002,1,4,2014,5053,Ecdyonurus sp.,6,5053,,
115000002_01.04.2014,115000002,1,4,2014,5137,Ephemerella sp.,16,5137,,
115000002_01.04.2014,115000002,1,4,2014,5673,Isoperla sp.,16,5673,,
115000002_01.04.2014,115000002,1,4,2014,5900,Lumbricidae Gen. sp.,4,5900,,
115000002_01.04.2014,115000002,1,4,2014,6108,Nemoura sp.,14,6108,,
115000002_01.04.2014,115000002,1,4,2014,6208,Orthocladiinae Gen. sp.,7,6208,,
115000002_01.04.2014,115000002,1,4,2014,6842,Simuliidae Gen. sp.,7,6842,,
115000002_01.04.2014,115000002,1,4,2014,6972,Tanypodinae Gen. sp.,1,6972,,
115000002_01.04.2014,115000002,1,4,2014,7117,Tubificidae Gen. sp.,6,7117,,
115000002_01.04.2014,115000002,1,4,2014,8440,Capniidae Gen. sp.,56,8440,,
115000002_01.04.2014,115000002,1,4,2014,8483,Limoniidae Gen. sp.,17,8483,,
115000002_01.04.2014,115000002,1,4,2014,17756,Dytiscidae Gen. sp.,5,,,
115000002_01.04.2015,115000002,1,4,2015,4528,Caenis sp.,1,4528,,
115000002_01.04.2015,115000002,1,4,2015,4585,Ceratopogonidae Gen. sp.,5,4585,,
115000002_01.04.2015,115000002,1,4,2015,4677,Choroterpes picteti,4,4677,,
115000002_01.04.2015,115000002,1,4,2015,5053,Ecdyonurus sp.,10,5053,,
115000002_01.04.2015,115000002,1,4,2015,5160,Erpobdella sp.,2,5160,,
115000002_01.04.2015,115000002,1,4,2015,5605,Hydropsyche sp.,5,5605,,
115000002_01.04.2015,115000002,1,4,2015,5673,Isoperla sp.,12,5673,,
115000002_01.04.2015,115000002,1,4,2015,5900,Lumbricidae Gen. sp.,3,5900,,
115000002_01.04.2015,115000002,1,4,2015,6208,Orthocladiinae Gen. sp.,2,6208,,
115000002_01.04.2015,115000002,1,4,2015,6842,Simuliidae Gen. sp.,2669,6842,,
115000002_01.04.2015,115000002,1,4,2015,8483,Limoniidae Gen. sp.,4,8483,,
115000002_01.04.2015,115000002,1,4,2015,17756,Dytiscidae Gen. sp.,1,,,
115000002_01.04.2015,115000002,1,4,2015,18186,Hydrophilidae Gen. sp.,1,,,
115000002_01.04.2016,115000002,1,4,2016,4310,Ancylus fluviatilis,7,4310,,
115000002_01.04.2016,115000002,1,4,2016,4380,Baetidae Gen. sp.,42,4380,,
115000002_01.04.2016,115000002,1,4,2016,4528,Caenis sp.,4,4528,,
115000002_01.04.2016,115000002,1,4,2016,4585,Ceratopogonidae Gen. sp.,3,4585,,
115000002_01.04.2016,115000002,1,4,2016,4723,Coenagrionidae Gen. sp.,3,4723,,
115000002_01.04.2016,115000002,1,4,2016,5053,Ecdyonurus sp.,2,5053,,
115000002_01.04.2016,115000002,1,4,2016,5605,Hydropsyche sp.,8,5605,,
115000002_01.04.2016,115000002,1,4,2016,5900,Lumbricidae Gen. sp.,1,5900,,
115000002_01.04.2016,115000002,1,4,2016,6308,Paraleptophlebia sp.,10,6308,,
115000002_01.04.2016,115000002,1,4,2016,6396,Physella acuta,4,6396,,
115000002_01.04.2016,115000002,1,4,2016,6842,Simuliidae Gen. sp.,559,6842,,
115000002_01.04.2016,115000002,1,4,2016,6972,Tanypodinae Gen. sp.,5,6972,,
115000002_01.04.2016,115000002,1,4,2016,7455,Hydroptilidae Gen. sp.,1,7455,,
115000002_01.04.2016,115000002,1,4,2016,8483,Limoniidae Gen. sp.,15,8483,,
115000002_01.04.2016,115000002,1,4,2016,8487,Tipulidae Gen. sp.,1,8487,,
115000002_01.04.2016,115000002,1,4,2016,17756,Dytiscidae Gen. sp.,11,,,
115000002_01.04.2016,115000002,1,4,2016,18600,Ochthebius sp.,8,,,
115000002_01.04.2017,115000002,1,4,2017,4310,Ancylus fluviatilis,7,4310,,
115000002_01.04.2017,115000002,1,4,2017,4380,Baetidae Gen. sp.,42,4380,,
115000002_01.04.2017,115000002,1,4,2017,4528,Caenis sp.,4,4528,,
115000002_01.04.2017,115000002,1,4,2017,4585,Ceratopogonidae Gen. sp.,3,4585,,
115000002_01.04.2017,115000002,1,4,2017,4723,Coenagrionidae Gen. sp.,3,4723,,
115000002_01.04.2017,115000002,1,4,2017,5053,Ecdyonurus sp.,2,5053,,
115000002_01.04.2017,115000002,1,4,2017,5605,Hydropsyche sp.,8,5605,,
115000002_01.04.2017,115000002,1,4,2017,5900,Lumbricidae Gen. sp.,1,5900,,
115000002_01.04.2017,115000002,1,4,2017,6208,Orthocladiinae Gen. sp.,8,6208,,
115000002_01.04.2017,115000002,1,4,2017,6308,Paraleptophlebia sp.,10,6308,,
115000002_01.04.2017,115000002,1,4,2017,6396,Physella acuta,4,6396,,
115000002_01.04.2017,115000002,1,4,2017,6842,Simuliidae Gen. sp.,559,6842,,
115000002_01.04.2017,115000002,1,4,2017,6972,Tanypodinae Gen. sp.,5,6972,,
115000002_01.04.2017,115000002,1,4,2017,7455,Hydroptilidae Gen. sp.,1,7455,,
115000002_01.04.2017,115000002,1,4,2017,8483,Limoniidae Gen. sp.,15,8483,,
115000002_01.04.2017,115000002,1,4,2017,8487,Tipulidae Gen. sp.,1,8487,,
115000002_01.04.2017,115000002,1,4,2017,17756,Dytiscidae Gen. sp.,11,,,
115000002_01.04.2018,115000002,1,4,2018,4310,Ancylus fluviatilis,11,4310,,
115000002_01.04.2018,115000002,1,4,2018,4528,Caenis sp.,4,4528,,
115000002_01.04.2018,115000002,1,4,2018,4585,Ceratopogonidae Gen. sp.,2,4585,,
115000002_01.04.2018,115000002,1,4,2018,4674,Chloroperlidae Gen. sp.,8,4674,,
115000002_01.04.2018,115000002,1,4,2018,5137,Ephemerella sp.,26,5137,,
115000002_01.04.2018,115000002,1,4,2018,5673,Isoperla sp.,55,5673,,
115000002_01.04.2018,115000002,1,4,2018,5900,Lumbricidae Gen. sp.,4,5900,,
115000002_01.04.2018,115000002,1,4,2018,6068,Naididae Gen. sp.,20,6068,,
115000002_01.04.2018,115000002,1,4,2018,6108,Nemoura sp.,201,6108,,
115000002_01.04.2018,115000002,1,4,2018,6208,Orthocladiinae Gen. sp.,34,6208,,
115000002_01.04.2018,115000002,1,4,2018,6842,Simuliidae Gen. sp.,57,6842,,
115000002_01.04.2018,115000002,1,4,2018,8440,Capniidae Gen. sp.,107,8440,,
115000002_01.04.2018,115000002,1,4,2018,8483,Limoniidae Gen. sp.,2,8483,,
115000002_01.04.2018,115000002,1,4,2018,9321,Rhagionidae Gen. sp.,2,9321,,
115000002_01.04.2018,115000002,1,4,2018,10709,Procambarus clarkii,1,10709,,
115000002_01.04.2018,115000002,1,4,2018,18626,Oulimnius sp.,30,,,
115000002_01.04.2019,115000002,1,4,2019,4310,Ancylus fluviatilis,1,4310,,
115000002_01.04.2019,115000002,1,4,2019,4380,Baetidae Gen. sp.,120,4380,,
115000002_01.04.2019,115000002,1,4,2019,4528,Caenis sp.,34,4528,,
115000002_01.04.2019,115000002,1,4,2019,4585,Ceratopogonidae Gen. sp.,6,4585,,
115000002_01.04.2019,115000002,1,4,2019,4641,Chimarra marginata,8,4641,,
115000002_01.04.2019,115000002,1,4,2019,4674,Chloroperlidae Gen. sp.,4,4674,,
115000002_01.04.2019,115000002,1,4,2019,5053,Ecdyonurus sp.,18,5053,,
115000002_01.04.2019,115000002,1,4,2019,5673,Isoperla sp.,13,5673,,
115000002_01.04.2019,115000002,1,4,2019,6208,Orthocladiinae Gen. sp.,10,6208,,
115000002_01.04.2019,115000002,1,4,2019,6842,Simuliidae Gen. sp.,8,6842,,
115000002_01.04.2019,115000002,1,4,2019,6972,Tanypodinae Gen. sp.,1,6972,,
115000002_01.04.2019,115000002,1,4,2019,6977,Tanytarsini Gen. sp.,2,6977,,
115000002_01.04.2019,115000002,1,4,2019,8483,Limoniidae Gen. sp.,3,8483,,
115000002_01.04.2019,115000002,1,4,2019,17756,Dytiscidae Gen. sp.,1,,,
115000002_01.04.2019,115000002,1,4,2019,18186,Hydrophilidae Gen. sp.,1,,,
