,drivers,Response,Estimate,Est.Error,Q0.5,Q99.5,Q2.5,Q97.5,Q5,Q95,Q10,Q90
1,Intercept,spp_richness,0.194481078,0.085413936,-0.026115463,0.423010297,0.028420451,0.361670199,0.054785412,0.335663206,0.08707515,0.3050899
2,sppt_Est,spp_richness,-0.035444329,0.011083357,-0.063317602,-0.004828434,-0.056794388,-0.012953711,-0.053789519,-0.016771827,-0.049482956,-0.021198646
3,stmax_Est,spp_richness,-0.01172838,0.012925073,-0.047872728,0.015584409,-0.040748299,0.009108063,-0.035404522,0.005295542,-0.030060569,0.002028046
4,sppt_mm_12moPrior,spp_richness,0.006204397,0.011945888,-0.024383937,0.044976967,-0.014724839,0.034053071,-0.010791176,0.028496061,-0.006198569,0.022233416
5,stmax_C_12moPrior,spp_richness,0.065168613,0.021396288,0.004203184,0.121179613,0.022617212,0.106993839,0.030317275,0.10095561,0.038242475,0.092335104
6,sstrahler_streamOrder,spp_richness,-0.009809245,0.007357844,-0.029727183,0.006275053,-0.024927302,0.002298764,-0.022656075,0.000741791,-0.019659877,-0.000422324
7,saccumulation_atPoint,spp_richness,-7.46E-05,0.004367222,-0.01247377,0.012481944,-0.009024775,0.009207739,-0.007397989,0.007334218,-0.00552451,0.005389229
8,selevation_atPoint,spp_richness,0.002293373,0.009364454,-0.023932654,0.032144018,-0.015994629,0.023855471,-0.012304845,0.01928207,-0.008035196,0.014319893
9,sslope_mean,spp_richness,-0.001770162,0.006002332,-0.020317813,0.014349203,-0.015163921,0.009824766,-0.012732724,0.007712218,-0.009764709,0.005157185
10,surban_meanPerc_upstr,spp_richness,-0.011639626,0.006537393,-0.028047303,0.002845004,-0.024343493,0.000475357,-0.0223985,-0.000765888,-0.02007612,-0.002951676
11,scrop_meanPerc_upstr,spp_richness,-0.070641736,0.011176742,-0.099630012,-0.04156711,-0.092346236,-0.048493441,-0.089025678,-0.052198849,-0.084867304,-0.056516628
12,sdam_impact_score_lessthan100km,spp_richness,-0.042966447,0.006182784,-0.058981242,-0.027211689,-0.055189187,-0.030495395,-0.052895319,-0.032681549,-0.050763465,-0.035032947
13,Intercept,spp_richness_rarefied,0.036754387,0.039620982,-0.075020746,0.140498467,-0.042930045,0.114768986,-0.02957176,0.100208506,-0.012801241,0.085166707
14,sppt_Est,spp_richness_rarefied,-0.026457955,0.007469244,-0.045211994,-0.005507561,-0.04085872,-0.011426311,-0.038432993,-0.014057901,-0.035892141,-0.016858421
15,stmax_Est,spp_richness_rarefied,0.006482194,0.008140289,-0.008145231,0.0331745,-0.004349245,0.026189842,-0.0026018,0.022488769,-0.001121519,0.018205933
16,sppt_mm_12moPrior,spp_richness_rarefied,-0.003050193,0.006227789,-0.025166955,0.010855343,-0.01890427,0.006518709,-0.015687914,0.004517918,-0.011646573,0.002707759
17,stmax_C_12moPrior,spp_richness_rarefied,0.002944169,0.007055541,-0.014263209,0.029981597,-0.008340145,0.021301403,-0.005896218,0.017000655,-0.003394766,0.012318024
18,sstrahler_streamOrder,spp_richness_rarefied,-0.003244051,0.003559032,-0.014142745,0.003760972,-0.011221291,0.001905812,-0.009772335,0.001174161,-0.008253776,0.00048151
19,saccumulation_atPoint,spp_richness_rarefied,0.002061037,0.002755009,-0.003814281,0.010594897,-0.002279657,0.008393558,-0.001515747,0.007275859,-0.000776571,0.005943675
20,selevation_atPoint,spp_richness_rarefied,-0.001201602,0.004530226,-0.016957704,0.0118914,-0.012221313,0.007555223,-0.009704367,0.005360557,-0.006976475,0.003381365
21,sslope_mean,spp_richness_rarefied,-0.002129373,0.003792333,-0.014674389,0.006357657,-0.011521909,0.003809363,-0.009441818,0.002838371,-0.007378057,0.001600901
22,surban_meanPerc_upstr,spp_richness_rarefied,-0.000847672,0.002531066,-0.009149885,0.00579127,-0.006838899,0.003823233,-0.005654115,0.00289538,-0.004242598,0.001875395
23,scrop_meanPerc_upstr,spp_richness_rarefied,-0.026971969,0.006913825,-0.044635885,-0.009110099,-0.040458186,-0.013205451,-0.038342046,-0.015421574,-0.035828476,-0.018136554
24,sdam_impact_score_lessthan100km,spp_richness_rarefied,0.003041075,0.003314519,-0.003533014,0.013103908,-0.001914698,0.010501515,-0.00114098,0.009250557,-0.000426928,0.007713369
25,Intercept,shannonsH,0.003851389,0.002866169,-0.004279565,0.011041539,-0.00200598,0.009172346,-0.000967559,0.008341521,0.000166913,0.007461157
26,sppt_Est,shannonsH,-0.000158897,0.000572783,-0.002388179,0.001411142,-0.001697573,0.000827439,-0.001304822,0.000595008,-0.000866397,0.000362734
27,stmax_Est,shannonsH,0.000133851,0.000719782,-0.002098629,0.003062221,-0.001260027,0.001974437,-0.000880761,0.001446594,-0.000514417,0.000952846
28,sppt_mm_12moPrior,shannonsH,-2.70E-05,0.000622207,-0.002322902,0.002174391,-0.001448309,0.001322877,-0.001068286,0.000939686,-0.000702386,0.000602888
29,stmax_C_12moPrior,shannonsH,0.000371699,0.000828592,-0.001437737,0.003838591,-0.000764255,0.002649643,-0.000506107,0.00207638,-0.000286273,0.001478747
30,sstrahler_streamOrder,shannonsH,-0.000238423,0.00050339,-0.002119485,0.000953667,-0.001510492,0.000544021,-0.001242758,0.000372206,-0.000952321,0.000208393
31,saccumulation_atPoint,shannonsH,-9.26E-05,0.00029913,-0.001091678,0.000730145,-0.00081234,0.000472635,-0.00065505,0.000352109,-0.00048392,0.00021441
32,selevation_atPoint,shannonsH,-0.000235222,0.000576114,-0.002380716,0.001158206,-0.001788083,0.00068057,-0.001418538,0.000470608,-0.001008456,0.000261956
33,sslope_mean,shannonsH,0.000578962,0.000740539,-0.000674526,0.002994528,-0.000332914,0.002415374,-0.000206017,0.002095206,-8.50E-05,0.001664877
34,surban_meanPerc_upstr,shannonsH,0.000374243,0.000587736,-0.000724937,0.002435295,-0.000415281,0.001870337,-0.000274864,0.001587722,-0.000144132,0.001226241
35,scrop_meanPerc_upstr,shannonsH,-0.004343073,0.001083561,-0.006987227,-0.00142798,-0.00638676,-0.002119195,-0.006083495,-0.002511663,-0.00571167,-0.002950717
36,sdam_impact_score_lessthan100km,shannonsH,0.000191617,0.000441989,-0.000882687,0.001757382,-0.000544561,0.001331745,-0.000367792,0.001090086,-0.000214424,0.000810592
37,Intercept,E10,-0.002360291,0.000931876,-0.004977045,6.75E-05,-0.004233339,-0.000572921,-0.003902507,-0.000845927,-0.003532884,-0.001201197
38,sppt_Est,E10,0.000184385,0.000271771,-0.000216133,0.001151779,-9.90E-05,0.000891329,-5.93E-05,0.000761908,-2.61E-05,0.000597864
39,stmax_Est,E10,8.73E-06,0.000167104,-0.000603811,0.000695549,-0.000343311,0.000410436,-0.000232082,0.000286331,-0.000135259,0.000164544
40,sppt_mm_12moPrior,E10,1.98E-05,0.000156003,-0.000473367,0.00066452,-0.000296954,0.000422088,-0.000208266,0.000300433,-0.000120675,0.000190653
41,stmax_C_12moPrior,E10,6.48E-06,0.000163173,-0.000576669,0.00067387,-0.000341921,0.000407242,-0.000235847,0.000268119,-0.000139207,0.000152344
42,sstrahler_streamOrder,E10,2.06E-07,0.000112609,-0.000409703,0.000413154,-0.00025875,0.000253242,-0.000184842,0.000186711,-0.000117507,0.000114616
43,saccumulation_atPoint,E10,1.49E-05,0.00013091,-0.000429562,0.000526896,-0.000252221,0.000342974,-0.000180115,0.000251168,-0.000106282,0.000158273
44,selevation_atPoint,E10,4.69E-05,0.00014534,-0.000326187,0.000669564,-0.000182773,0.000451988,-0.000126458,0.000335931,-7.23E-05,0.000226873
45,sslope_mean,E10,6.04E-06,0.000114799,-0.000407566,0.000437442,-0.000242177,0.000278065,-0.000171769,0.00019953,-0.000104762,0.000126951
46,surban_meanPerc_upstr,E10,1.23E-05,9.65E-05,-0.000284723,0.000369603,-0.00019022,0.000251676,-0.000138689,0.000190638,-8.40E-05,0.000122029
47,scrop_meanPerc_upstr,E10,-3.41E-05,0.000134728,-0.0005886,0.000349521,-0.000393419,0.000201492,-0.000300218,0.000142341,-0.000194022,8.39E-05
48,sdam_impact_score_lessthan100km,E10,0.000378325,0.000294957,-8.75E-05,0.001123177,-2.49E-05,0.000966085,-7.56E-06,0.000877758,5.68E-07,0.000778195
49,Intercept,abundance,0.004842929,0.003779384,-0.005260825,0.01504307,-0.002679209,0.012322483,-0.001369335,0.010947574,2.42E-05,0.009533714
50,sppt_Est,abundance,3.34E-05,0.000447592,-0.001533353,0.001728381,-0.000944408,0.001116968,-0.000665878,0.000802785,-0.000386851,0.000516063
51,stmax_Est,abundance,-0.000936759,0.001285186,-0.005270884,0.000763972,-0.00426528,0.000324888,-0.003678697,0.000183323,-0.0028864,7.18E-05
52,sppt_mm_12moPrior,abundance,-0.00108461,0.00131711,-0.005179709,0.000615407,-0.004204028,0.000257734,-0.003721197,0.000135107,-0.003088563,4.45E-05
53,stmax_C_12moPrior,abundance,2.84E-05,0.000565283,-0.002006835,0.002162539,-0.001203665,0.0013482,-0.000847619,0.0009777,-0.000483316,0.000572911
54,sstrahler_streamOrder,abundance,-8.12E-05,0.000373901,-0.001564449,0.00105365,-0.001042629,0.000631624,-0.000772249,0.000438014,-0.000527129,0.000260691
55,saccumulation_atPoint,abundance,8.47E-05,0.000375654,-0.00097338,0.001559251,-0.000613465,0.001060136,-0.000430159,0.000802479,-0.000250612,0.000528224
56,selevation_atPoint,abundance,-3.13E-05,0.000440911,-0.001727109,0.001583356,-0.001064983,0.000919233,-0.000765957,0.000636443,-0.000490943,0.000372834
57,sslope_mean,abundance,-0.000225355,0.000516744,-0.002380264,0.000936775,-0.001626539,0.000515081,-0.001315653,0.00033688,-0.000926731,0.000168238
58,surban_meanPerc_upstr,abundance,0.000118226,0.000349922,-0.000801698,0.00146522,-0.000460932,0.001037773,-0.00032333,0.0008177,-0.000188317,0.000578726
59,scrop_meanPerc_upstr,abundance,-0.000228579,0.000556404,-0.002586819,0.000915891,-0.001821664,0.000520658,-0.001406175,0.000357679,-0.000961522,0.000193402
60,sdam_impact_score_lessthan100km,abundance,-0.00043128,0.000600956,-0.002482466,0.000565572,-0.001949773,0.000268847,-0.001677895,0.000155345,-0.001320619,6.55E-05
61,Intercept,turnover,-0.00114971,0.001056559,-0.004093796,0.001833463,-0.003245287,0.00088365,-0.002860413,0.0005649,-0.002478327,0.000161865
62,sppt_Est,turnover,8.92E-05,0.000225664,-0.000408207,0.001079833,-0.000213001,0.000752589,-0.000139375,0.000569121,-7.34E-05,0.000380831
63,stmax_Est,turnover,0.000240396,0.000412646,-0.00034927,0.001887738,-0.000178432,0.001373145,-0.000104645,0.001154014,-4.82E-05,0.000855423
64,sppt_mm_12moPrior,turnover,-0.000502857,0.000559136,-0.002115922,0.000212415,-0.001784544,8.40E-05,-0.001585982,4.13E-05,-0.001328203,1.18E-05
65,stmax_C_12moPrior,turnover,-0.000162128,0.000323448,-0.001528093,0.00038533,-0.001080872,0.000201651,-0.000867043,0.000121565,-0.000622502,5.99E-05
66,sstrahler_streamOrder,turnover,-2.21E-05,0.000141108,-0.000560063,0.000428821,-0.000386638,0.000257721,-0.000278345,0.000187529,-0.000187287,0.000107188
67,saccumulation_atPoint,turnover,-5.90E-05,0.00016727,-0.000729351,0.000367482,-0.000517582,0.000202065,-0.000405936,0.00013762,-0.000272808,7.47E-05
68,selevation_atPoint,turnover,-5.66E-06,0.000149191,-0.00060681,0.000522317,-0.000376577,0.00030824,-0.000257415,0.000221693,-0.000154252,0.000136804
69,sslope_mean,turnover,2.11E-06,0.000148055,-0.000522896,0.000552919,-0.00032567,0.000346558,-0.000236976,0.000252133,-0.00014991,0.000160484
70,surban_meanPerc_upstr,turnover,-2.03E-05,0.000127064,-0.000510799,0.000376561,-0.000337236,0.000231589,-0.000254789,0.000165839,-0.00017044,9.67E-05
71,scrop_meanPerc_upstr,turnover,2.34E-05,0.000162739,-0.000510164,0.000665942,-0.00030461,0.000436727,-0.000210888,0.000326208,-0.000123321,0.000199683
72,sdam_impact_score_lessthan100km,turnover,-9.14E-05,0.000176066,-0.000748257,0.000269823,-0.000569322,0.000140876,-0.000463883,8.99E-05,-0.000347006,4.68E-05
73,Intercept,func_turnover,-0.005839521,0.003992956,-0.01772053,0.004605336,-0.014188183,0.001936398,-0.012528182,0.000533276,-0.010826396,-0.00096324
74,sppt_Est,func_turnover,0.004266977,0.001735359,-9.22E-05,0.008510359,0.000603727,0.00753606,0.001183581,0.007070937,0.001988721,0.006429752
75,stmax_Est,func_turnover,0.00097748,0.00154639,-0.00207164,0.006115144,-0.001219118,0.004771998,-0.000805949,0.004099285,-0.000428315,0.003252319
76,sppt_mm_12moPrior,func_turnover,-0.001678756,0.001679852,-0.006450076,0.001328816,-0.005410029,0.000649988,-0.00480701,0.00035118,-0.004112563,0.000100872
77,stmax_C_12moPrior,func_turnover,-0.00116294,0.001638168,-0.006560476,0.002044296,-0.005122562,0.001225253,-0.004355735,0.000743832,-0.003522596,0.000372908
78,sstrahler_streamOrder,func_turnover,0.000637854,0.000834779,-0.001164264,0.003249316,-0.000675944,0.002556515,-0.000434169,0.002205589,-0.000213943,0.001818426
79,saccumulation_atPoint,func_turnover,-0.000185883,0.000608794,-0.002214839,0.001431746,-0.001597365,0.000957229,-0.001293072,0.000735716,-0.000981739,0.000478051
80,selevation_atPoint,func_turnover,0.000300348,0.000911528,-0.00225991,0.003574049,-0.001340273,0.002515369,-0.000976463,0.00202869,-0.000613301,0.001480098
81,sslope_mean,func_turnover,-0.001322751,0.001168309,-0.004625405,0.000827859,-0.003843215,0.000385544,-0.003451408,0.000183986,-0.002941603,2.63E-05
82,surban_meanPerc_upstr,func_turnover,0.000454224,0.000681632,-0.001044191,0.002550827,-0.000668266,0.002045977,-0.000447955,0.001738924,-0.00025425,0.001409
83,scrop_meanPerc_upstr,func_turnover,0.00451604,0.001458025,0.000476448,0.00832844,0.001581561,0.00726516,0.002089814,0.006853462,0.002638132,0.006358378
84,sdam_impact_score_lessthan100km,func_turnover,-0.000215893,0.000661424,-0.002467453,0.001577459,-0.001768151,0.001037571,-0.001420578,0.000764018,-0.001070307,0.000501579
85,Intercept,func_rich,0.009997272,0.004087313,-0.001417349,0.021354738,0.001988548,0.018189357,0.00337855,0.016702893,0.00495332,0.015024942
86,sppt_Est,func_rich,-0.001638407,0.000938777,-0.003980255,0.000316813,-0.003465481,6.04E-05,-0.003212276,-5.66E-05,-0.002846549,-0.000328179
87,stmax_Est,func_rich,-0.001236147,0.001094475,-0.004418253,0.000834763,-0.003602245,0.00036305,-0.00320716,0.000174856,-0.002769565,1.54E-05
88,sppt_mm_12moPrior,func_rich,0.001780177,0.001360636,-0.00071131,0.005440817,-0.000265019,0.004569739,-9.34E-05,0.004152141,4.19E-05,0.00365856
89,stmax_C_12moPrior,func_rich,0.000598262,0.00100674,-0.001611453,0.003999042,-0.000974385,0.003082989,-0.000674819,0.002585576,-0.000369695,0.00203214
90,sstrahler_streamOrder,func_rich,-1.33E-05,0.00044772,-0.001385123,0.001374634,-0.000964357,0.00093798,-0.000771363,0.000737213,-0.000556095,0.00052315
91,saccumulation_atPoint,func_rich,-9.36E-05,0.000554187,-0.001811052,0.001512156,-0.001323749,0.001014792,-0.001066901,0.000785612,-0.000808861,0.000532831
92,selevation_atPoint,func_rich,-0.001585003,0.000915319,-0.003908859,0.000318933,-0.003359351,3.72E-05,-0.003093988,-5.22E-05,-0.002773091,-0.000312878
93,sslope_mean,func_rich,0.001561218,0.000695231,-8.86E-05,0.003295552,0.00011683,0.00289221,0.000357503,0.002696434,0.00062556,0.002430601
94,surban_meanPerc_upstr,func_rich,-8.42E-05,0.000471152,-0.001586188,0.001243771,-0.001115877,0.000838306,-0.000924306,0.000652258,-0.000700139,0.000456842
95,scrop_meanPerc_upstr,func_rich,-0.002292405,0.00089611,-0.004514143,-4.62E-05,-0.004005738,-0.000451026,-0.003717814,-0.000745253,-0.003416337,-0.00110796
96,sdam_impact_score_lessthan100km,func_rich,-0.000879463,0.000651391,-0.002589873,0.000432212,-0.002221529,0.000204474,-0.001991398,6.95E-05,-0.001754828,-3.33E-05
97,Intercept,func_even,-0.001085227,0.000666637,-0.002896938,0.000744581,-0.002419703,0.000222458,-0.002185824,-1.18E-05,-0.001925228,-0.000258006
98,sppt_Est,func_even,-2.33E-05,0.000120241,-0.000490696,0.000319284,-0.00032979,0.000207586,-0.000251766,0.000150928,-0.000168294,8.86E-05
99,stmax_Est,func_even,7.45E-05,0.000186377,-0.000355075,0.00083879,-0.000184871,0.000601976,-0.000130042,0.000469355,-6.87E-05,0.00032212
100,sppt_mm_12moPrior,func_even,8.48E-05,0.000191428,-0.000284121,0.000885592,-0.000164682,0.000636189,-0.000110605,0.000490499,-5.68E-05,0.000340887
101,stmax_C_12moPrior,func_even,-4.65E-05,0.000159573,-0.000740707,0.000378211,-0.000492282,0.00020862,-0.00035878,0.000146431,-0.00023324,8.24E-05
102,sstrahler_streamOrder,func_even,-5.39E-05,0.000110985,-0.000470179,0.000206065,-0.000343067,0.000112432,-0.000280601,7.50E-05,-0.000203997,4.23E-05
103,saccumulation_atPoint,func_even,-3.40E-05,8.93E-05,-0.000363042,0.000192281,-0.000259097,0.000122406,-0.0002117,8.53E-05,-0.000155239,4.93E-05
104,selevation_atPoint,func_even,-2.07E-05,0.000119713,-0.000478648,0.000341987,-0.000324639,0.000216099,-0.0002489,0.00015133,-0.00016374,9.50E-05
105,sslope_mean,func_even,-0.000134711,0.000191992,-0.000794474,0.000181686,-0.000620853,9.07E-05,-0.000529903,5.42E-05,-0.000424214,2.48E-05
106,surban_meanPerc_upstr,func_even,1.45E-05,8.29E-05,-0.000238961,0.000333328,-0.00014096,0.000220646,-0.000106152,0.00016779,-6.59E-05,0.000113294
107,scrop_meanPerc_upstr,func_even,0.000137762,0.000180239,-0.000136458,0.000742952,-6.82E-05,0.000582632,-4.22E-05,0.000512333,-1.77E-05,0.000409726
108,sdam_impact_score_lessthan100km,func_even,0.000332591,0.000221726,-4.91E-05,0.000883583,-1.23E-05,0.000763157,-1.21E-06,0.00069829,9.07E-06,0.000624934
109,Intercept,func_diverg,0.000730534,0.002821635,-0.007220658,0.008418913,-0.00490708,0.00616187,-0.003866463,0.005260256,-0.002806551,0.004182205
110,sppt_Est,func_diverg,-5.85E-05,0.000542447,-0.002072887,0.001701429,-0.001368529,0.001054667,-0.001037812,0.000761674,-0.000653893,0.000459932
111,stmax_Est,func_diverg,0.000353766,0.000804931,-0.001464392,0.003506066,-0.00078504,0.002582569,-0.000523058,0.002059146,-0.000278286,0.001450938
112,sppt_mm_12moPrior,func_diverg,0.001172706,0.001310933,-0.000696152,0.005128632,-0.00030667,0.004188798,-0.000160269,0.003737463,-4.85E-05,0.003134524
113,stmax_C_12moPrior,func_diverg,1.07E-05,0.000665353,-0.002407995,0.002475604,-0.001495722,0.001540447,-0.001073082,0.001116372,-0.000640176,0.000684674
114,sstrahler_streamOrder,func_diverg,0.000393808,0.000607326,-0.000766708,0.002467712,-0.000426142,0.001951887,-0.000265245,0.001646551,-0.000122946,0.00128602
115,saccumulation_atPoint,func_diverg,-0.000823678,0.000766657,-0.00297389,0.000433873,-0.002460983,0.000155668,-0.002204389,7.31E-05,-0.001911828,9.83E-06
116,selevation_atPoint,func_diverg,-2.96E-06,0.000503884,-0.001832645,0.001779143,-0.001133042,0.00113128,-0.000838822,0.000839401,-0.000537628,0.000538887
117,sslope_mean,func_diverg,-8.30E-05,0.000509804,-0.002056223,0.001456639,-0.001361611,0.000909862,-0.001017873,0.000655502,-0.000676401,0.000410749
118,surban_meanPerc_upstr,func_diverg,-0.000648469,0.000672348,-0.002665831,0.000438839,-0.002186077,0.000217433,-0.001922767,0.000115984,-0.001618126,3.28E-05
119,scrop_meanPerc_upstr,func_diverg,0.000380017,0.000707293,-0.001018356,0.003133226,-0.000548998,0.002250362,-0.000357141,0.001868899,-0.000191194,0.001375757
120,sdam_impact_score_lessthan100km,func_diverg,0.000213263,0.000498432,-0.00096835,0.002132352,-0.000564264,0.001519675,-0.000396918,0.001217424,-0.000222583,0.000901518
121,Intercept,RaoQ,0.084989746,0.062554014,-0.10834595,0.239956319,-0.045005371,0.203419916,-0.021835771,0.184207236,0.006346328,0.160655317
122,sppt_Est,RaoQ,-0.029989522,0.018181237,-0.075180013,0.004581786,-0.064623908,0.000939718,-0.059431503,-0.000167986,-0.053504095,-0.003563481
123,stmax_Est,RaoQ,0.005917237,0.011845297,-0.021656623,0.048785812,-0.0119415,0.036117512,-0.008353115,0.02961053,-0.004736584,0.022107206
124,sppt_mm_12moPrior,RaoQ,0.016994737,0.018219918,-0.011787052,0.072583867,-0.006232495,0.058658819,-0.003432675,0.051922047,-0.001145557,0.043726099
125,stmax_C_12moPrior,RaoQ,0.006365695,0.015578073,-0.032375574,0.067725611,-0.01710599,0.048779534,-0.011974298,0.038241545,-0.006859074,0.027058408
126,sstrahler_streamOrder,RaoQ,0.010084815,0.010194379,-0.008413521,0.040319876,-0.004195846,0.03302055,-0.002426248,0.029003856,-0.000740108,0.024617883
127,saccumulation_atPoint,RaoQ,-0.00746351,0.009072563,-0.035250695,0.009980251,-0.028316914,0.005467461,-0.024731183,0.003410157,-0.020603173,0.001513684
128,selevation_atPoint,RaoQ,-0.026281498,0.0154486,-0.065245475,0.003938286,-0.056489284,0.000283139,-0.051622955,-0.000903016,-0.04615758,-0.004419296
129,sslope_mean,RaoQ,-0.000296488,0.006925299,-0.022718543,0.02220212,-0.015594153,0.014429895,-0.01226266,0.011240578,-0.008554538,0.007668392
130,surban_meanPerc_upstr,RaoQ,-0.002298989,0.006520283,-0.024513641,0.015495489,-0.017988115,0.0094761,-0.014848844,0.00702496,-0.011019924,0.004311127
131,scrop_meanPerc_upstr,RaoQ,0.00058591,0.0081417,-0.025023507,0.02880097,-0.016977752,0.019188358,-0.012577575,0.014875684,-0.008072215,0.01015648
132,sdam_impact_score_lessthan100km,RaoQ,0.005323919,0.007413801,-0.010551727,0.028961807,-0.00587572,0.022913841,-0.003835093,0.01950422,-0.001852842,0.016094925
133,Intercept,FRed,5.43E-05,0.000279148,-0.000761713,0.000763458,-0.000501652,0.00057454,-0.000415029,0.000486782,-0.000311216,0.000394962
134,sppt_Est,FRed,1.81E-05,6.76E-05,-0.000168958,0.00024976,-0.000114041,0.000179064,-8.32E-05,0.000144265,-5.16E-05,0.000105809
135,stmax_Est,FRed,-1.27E-05,8.16E-05,-0.000307733,0.000226355,-0.000210658,0.000143825,-0.000163365,0.000103698,-0.000113549,6.79E-05
136,sppt_mm_12moPrior,FRed,-0.000549629,0.000141215,-0.000935736,-0.00018888,-0.000831032,-0.000282176,-0.000783662,-0.000325785,-0.000732807,-0.000372842
137,stmax_C_12moPrior,FRed,-9.84E-05,0.000127399,-0.000494138,0.000131926,-0.000417166,6.87E-05,-0.000365098,4.23E-05,-0.00028619,1.87E-05
138,sstrahler_streamOrder,FRed,-2.61E-05,5.37E-05,-0.000204555,0.000106778,-0.000151647,6.75E-05,-0.000129821,4.71E-05,-0.000100612,2.76E-05
139,saccumulation_atPoint,FRed,5.88E-06,4.62E-05,-0.000124953,0.000159733,-8.71E-05,0.000114266,-6.92E-05,9.16E-05,-4.59E-05,6.43E-05
140,selevation_atPoint,FRed,6.89E-05,9.00E-05,-0.000100315,0.000349459,-6.95E-05,0.0002772,-5.90E-05,0.000240068,-2.33E-05,0.000197495
141,sslope_mean,FRed,0.000205777,9.79E-05,-1.01E-05,0.0004501,6.94E-06,0.000394126,3.15E-05,0.000364999,7.56E-05,0.000330831
142,surban_meanPerc_upstr,FRed,-3.64E-06,4.18E-05,-0.000136755,0.000124664,-9.80E-05,8.25E-05,-7.84E-05,6.24E-05,-5.64E-05,4.34E-05
143,scrop_meanPerc_upstr,FRed,-4.37E-06,5.71E-05,-0.000173715,0.000177002,-0.000124073,0.000121066,-9.62E-05,9.17E-05,-7.63E-05,6.27E-05
144,sdam_impact_score_lessthan100km,FRed,-8.37E-05,6.50E-05,-0.000252104,4.48E-05,-0.000216064,1.73E-05,-0.000195097,6.79E-06,-0.000170433,-7.15E-07
145,Intercept,alien_SppRich,0.046821485,0.018073721,-0.004686324,0.09342426,0.010913556,0.082272576,0.017102215,0.076315317,0.024100665,0.06970707
146,sppt_Est,alien_SppRich,-0.002567916,0.004402231,-0.013619976,0.008232863,-0.011102279,0.005883493,-0.009929685,0.004649131,-0.00831053,0.003095577
147,stmax_Est,alien_SppRich,-0.004436446,0.003601022,-0.014187034,0.004677006,-0.011519739,0.002579986,-0.010291171,0.001539382,-0.009027021,0.000165064
148,sppt_mm_12moPrior,alien_SppRich,-0.008881589,0.009722043,-0.03403407,0.015552281,-0.02801071,0.009994593,-0.024767208,0.007213755,-0.021291632,0.003545684
149,stmax_C_12moPrior,alien_SppRich,0.032527502,0.015411704,-0.00420938,0.077912205,0.004275072,0.063968568,0.008251605,0.058378864,0.01315517,0.052232047
150,sstrahler_streamOrder,alien_SppRich,0.01840403,0.003703611,0.009225164,0.028245541,0.011151811,0.025783268,0.012268115,0.024601802,0.013727356,0.023151987
151,saccumulation_atPoint,alien_SppRich,0.009826715,0.002618435,0.003290043,0.016538906,0.004724298,0.015014531,0.005514886,0.01410328,0.006441147,0.013164483
152,selevation_atPoint,alien_SppRich,0.017471654,0.007833252,-0.001707377,0.041328229,0.002545893,0.032729987,0.004848463,0.030534386,0.007658868,0.02766075
153,sslope_mean,alien_SppRich,0.004371757,0.00586415,-0.010728864,0.019341501,-0.007073089,0.015773618,-0.00528671,0.013935419,-0.003136614,0.011883409
154,surban_meanPerc_upstr,alien_SppRich,0.008816966,0.003546233,-0.000459686,0.017927094,0.001775513,0.015724167,0.002967056,0.014591923,0.004280481,0.013350416
155,scrop_meanPerc_upstr,alien_SppRich,0.001503166,0.005684694,-0.013168563,0.015970806,-0.009544721,0.012674536,-0.007742506,0.010907463,-0.005707538,0.008840694
156,sdam_impact_score_lessthan100km,alien_SppRich,-0.003219582,0.003670954,-0.013305376,0.006276632,-0.010498588,0.00386267,-0.009193642,0.002769354,-0.007905269,0.001475723
157,Intercept,alien_abund,0.015031168,0.010382427,-0.013293185,0.04394008,-0.004906181,0.0361332,-0.001527155,0.032695128,0.002454244,0.028200464
158,sppt_Est,alien_abund,-0.00011661,0.000681563,-0.002564866,0.001945095,-0.001724501,0.001265356,-0.001385151,0.000922977,-0.000944516,0.000579156
159,stmax_Est,alien_abund,0.000167654,0.000896988,-0.002559467,0.003477714,-0.001570615,0.002373329,-0.001155015,0.001845475,-0.000707331,0.001253501
160,sppt_mm_12moPrior,alien_abund,-0.000591446,0.001278386,-0.005407133,0.002388415,-0.003966098,0.00139166,-0.003256873,0.000930222,-0.002365372,0.00049118
161,stmax_C_12moPrior,alien_abund,0.001684623,0.003205823,-0.003399019,0.014959128,-0.00172281,0.010963676,-0.001056252,0.008904815,-0.000518567,0.006222652
162,sstrahler_streamOrder,alien_abund,0.000311919,0.000675568,-0.001305413,0.002711043,-0.000810861,0.001982853,-0.000572998,0.00162293,-0.000333287,0.001234073
163,saccumulation_atPoint,alien_abund,0.001435871,0.000823893,-0.000209564,0.003509894,-3.02E-05,0.003011987,2.86E-05,0.002780203,0.000267354,0.002499084
164,selevation_atPoint,alien_abund,7.80E-05,0.001222491,-0.003858401,0.004618725,-0.002558911,0.003100296,-0.001796498,0.00223763,-0.001107431,0.001411809
165,sslope_mean,alien_abund,-0.001407356,0.001730423,-0.007074027,0.001563322,-0.005511355,0.000728856,-0.004821758,0.000428438,-0.004001066,0.000160452
166,surban_meanPerc_upstr,alien_abund,0.000804584,0.001022145,-0.001043077,0.004199271,-0.00056247,0.003318881,-0.00033445,0.002807256,-0.000132664,0.002286597
167,scrop_meanPerc_upstr,alien_abund,0.001060569,0.001250176,-0.001107406,0.005029563,-0.000569838,0.004082473,-0.000332517,0.003508886,-0.000122606,0.002875635
168,sdam_impact_score_lessthan100km,alien_abund,0.000546007,0.001218026,-0.002202056,0.005125871,-0.001272865,0.003842264,-0.000840483,0.003094953,-0.000471226,0.002206616
169,Intercept,native_SppRich,0.164408932,0.094796936,-0.097748924,0.442450728,-0.020397241,0.351612192,0.014007468,0.319598276,0.048291228,0.282916137
170,sppt_Est,native_SppRich,0.001028184,0.00830466,-0.02463517,0.02736889,-0.016154871,0.020190688,-0.012300308,0.015629462,-0.008236476,0.011175291
171,stmax_Est,native_SppRich,-5.17E-05,0.009121362,-0.029080597,0.029713959,-0.020187191,0.020012685,-0.015430162,0.015175189,-0.010833636,0.010471286
172,sppt_mm_12moPrior,native_SppRich,-0.030722374,0.022684969,-0.090653897,0.009125069,-0.075519585,0.003192514,-0.068919916,0.000979067,-0.061649869,-0.000652258
173,stmax_C_12moPrior,native_SppRich,0.003040008,0.016210059,-0.046288388,0.065098553,-0.02916663,0.043502062,-0.02061938,0.033221426,-0.012152831,0.022283719
174,sstrahler_streamOrder,native_SppRich,-0.008175766,0.007815833,-0.031224339,0.007986799,-0.024966797,0.003864828,-0.022210889,0.002072207,-0.018953521,0.000538041
175,saccumulation_atPoint,native_SppRich,-0.01310206,0.005893455,-0.027804855,0.000920418,-0.024617612,-0.001177274,-0.022622738,-0.002956415,-0.020586199,-0.005352665
176,selevation_atPoint,native_SppRich,0.003611025,0.01126609,-0.027494171,0.043478889,-0.016375633,0.031917897,-0.012065786,0.024568834,-0.007416998,0.018151587
177,sslope_mean,native_SppRich,0.039531643,0.016348542,-0.000764999,0.079548819,0.004164142,0.070130258,0.010488191,0.06576833,0.017686205,0.060169176
178,surban_meanPerc_upstr,native_SppRich,0.00057311,0.005382619,-0.015435,0.017033051,-0.010704684,0.01226277,-0.008396979,0.009905197,-0.005784407,0.007381901
179,scrop_meanPerc_upstr,native_SppRich,-0.028956372,0.016514449,-0.070300236,0.00479445,-0.06099571,0.000613811,-0.056061104,-0.001022664,-0.050339473,-0.005716762
180,sdam_impact_score_lessthan100km,native_SppRich,0.010960797,0.010434965,-0.008762426,0.040635462,-0.004268163,0.033600208,-0.002482814,0.030103044,-0.000647638,0.025617533
181,Intercept,native_abund,0.000686424,0.004141793,-0.010295789,0.012431262,-0.007385044,0.008921406,-0.006038414,0.007554076,-0.004483485,0.005903413
182,sppt_Est,native_abund,0.000555586,0.000891223,-0.001046448,0.003762833,-0.000575177,0.002823247,-0.000383083,0.002389081,-0.000186422,0.001883523
183,stmax_Est,native_abund,-0.0001606,0.000728648,-0.003011176,0.002021149,-0.002036289,0.001209579,-0.001569708,0.000832045,-0.001032591,0.00049085
184,sppt_mm_12moPrior,native_abund,-0.002332503,0.001929687,-0.007452824,0.000587,-0.006282375,0.000201102,-0.005651614,6.86E-05,-0.004973172,5.51E-07
185,stmax_C_12moPrior,native_abund,-0.001117546,0.001666808,-0.007143535,0.001322963,-0.00551836,0.00065815,-0.004566579,0.00039069,-0.003615007,0.000165726
186,sstrahler_streamOrder,native_abund,-0.000410087,0.000635107,-0.002583157,0.00079947,-0.002027226,0.000459892,-0.001701297,0.000289801,-0.001350059,0.00013947
187,saccumulation_atPoint,native_abund,-0.000359172,0.000569807,-0.002303135,0.000764722,-0.00179816,0.000427815,-0.001518134,0.000275999,-0.00119776,0.000141792
188,selevation_atPoint,native_abund,-3.07E-05,0.000693381,-0.002665488,0.002429747,-0.001646018,0.001466515,-0.001223106,0.00105691,-0.000775357,0.000659495
189,sslope_mean,native_abund,-0.000555347,0.00097758,-0.004327867,0.001324606,-0.003137931,0.000687193,-0.002594625,0.000454681,-0.001972172,0.000233355
190,surban_meanPerc_upstr,native_abund,0.000141573,0.000499735,-0.001265551,0.002038763,-0.000747025,0.001427941,-0.000522231,0.001105839,-0.000324693,0.000778915
191,scrop_meanPerc_upstr,native_abund,0.000193154,0.000637388,-0.001635041,0.002544298,-0.000943681,0.001860158,-0.000643567,0.001445501,-0.00037508,0.001004029
192,sdam_impact_score_lessthan100km,native_abund,5.63E-05,0.000551955,-0.001749881,0.002016492,-0.001116086,0.001383534,-0.00081562,0.001036312,-0.000509481,0.000679384
193,Intercept,EPT_SppRich,0.048425032,0.04747408,-0.083601923,0.175896918,-0.044401531,0.140605775,-0.029440324,0.125836143,-0.011037719,0.107874913
194,sppt_Est,EPT_SppRich,0.019396286,0.008431237,-0.001976675,0.041308479,0.003074826,0.036162467,0.005637132,0.033376768,0.008526344,0.030327091
195,stmax_Est,EPT_SppRich,-0.008873457,0.0090117,-0.032222298,0.014054678,-0.026427235,0.009170298,-0.023601414,0.006112515,-0.020315074,0.002599746
196,sppt_mm_12moPrior,EPT_SppRich,-0.018394096,0.014772049,-0.0565003,0.018857939,-0.04738709,0.010144333,-0.042968767,0.005660619,-0.037652629,0.000618677
197,stmax_C_12moPrior,EPT_SppRich,0.009418232,0.019462344,-0.039959213,0.059298667,-0.028802095,0.047507108,-0.022739744,0.041544841,-0.015456618,0.03441036
198,sstrahler_streamOrder,EPT_SppRich,0.006494367,0.008180032,-0.014091443,0.027292239,-0.009356551,0.0227632,-0.006768502,0.020059922,-0.003969821,0.01703476
199,saccumulation_atPoint,EPT_SppRich,-0.012614129,0.0075205,-0.032069211,0.006127034,-0.02724379,0.002141144,-0.025006725,-0.000374421,-0.02223218,-0.002947611
200,selevation_atPoint,EPT_SppRich,-0.020360087,0.012055912,-0.050308191,0.011297475,-0.043762112,0.00323827,-0.040383585,-0.000398732,-0.035762769,-0.004853507
201,sslope_mean,EPT_SppRich,0.006693269,0.00954041,-0.018335213,0.030964226,-0.01212731,0.025288411,-0.009068831,0.022076735,-0.005557981,0.018894197
202,surban_meanPerc_upstr,EPT_SppRich,-0.00554703,0.007614008,-0.025115986,0.01385061,-0.020304322,0.009307313,-0.017962122,0.007021098,-0.01531469,0.00419928
203,scrop_meanPerc_upstr,EPT_SppRich,-0.018798246,0.010263531,-0.045871092,0.007367698,-0.038814512,0.00145564,-0.03567975,-0.002006693,-0.0320128,-0.005674738
204,sdam_impact_score_lessthan100km,EPT_SppRich,-0.00453829,0.007130601,-0.023054745,0.013787964,-0.018585119,0.009386993,-0.016436456,0.007067878,-0.013588728,0.004468889
205,Intercept,EPT_abund,0.01086664,0.005883348,-0.004888012,0.027402192,-0.00071703,0.022629343,0.001296472,0.020409475,0.003525257,0.018192753
206,sppt_Est,EPT_abund,0.000810021,0.001494576,-0.00303092,0.00459041,-0.002115195,0.003766262,-0.001637248,0.003272019,-0.00113696,0.002729464
207,stmax_Est,EPT_abund,-0.001368356,0.001556279,-0.005471383,0.00250077,-0.004424504,0.001650916,-0.003944725,0.001175503,-0.003382342,0.000636664
208,sppt_mm_12moPrior,EPT_abund,-0.000937636,0.002457795,-0.007186209,0.005497133,-0.005729431,0.003851829,-0.004935505,0.003143676,-0.004062382,0.002219745
209,stmax_C_12moPrior,EPT_abund,0.005496339,0.003019277,-0.002159619,0.013354865,-0.000347881,0.011457892,0.000578249,0.010548819,0.001665011,0.009395721
210,sstrahler_streamOrder,EPT_abund,-0.000385026,0.001433251,-0.00396377,0.00324862,-0.003185146,0.002442774,-0.00275626,0.001996424,-0.002212183,0.001447632
211,saccumulation_atPoint,EPT_abund,-0.000842408,0.001341682,-0.004412851,0.002637428,-0.003536617,0.001796977,-0.003045188,0.001362025,-0.002554579,0.000849744
212,selevation_atPoint,EPT_abund,0.000617891,0.001995353,-0.004483815,0.005797474,-0.003354596,0.004547003,-0.002693212,0.00389814,-0.001970001,0.003132501
213,sslope_mean,EPT_abund,0.000292252,0.001671914,-0.0040048,0.004534208,-0.002958941,0.003544586,-0.002479834,0.003020904,-0.0018583,0.002413609
214,surban_meanPerc_upstr,EPT_abund,0.001180482,0.001331455,-0.002211847,0.004601817,-0.001464308,0.003767329,-0.001022826,0.003351143,-0.000542749,0.002903442
215,scrop_meanPerc_upstr,EPT_abund,-0.002368999,0.001826881,-0.006912478,0.002353521,-0.005931966,0.001213205,-0.005373342,0.000648349,-0.004740627,-5.50E-05
216,sdam_impact_score_lessthan100km,EPT_abund,-0.002129723,0.001262607,-0.005297324,0.001130417,-0.004583266,0.000345788,-0.00418517,-5.35E-05,-0.003750935,-0.000521024
217,Intercept,insect_SppRich,0.141674361,0.062796813,-0.024536198,0.31037499,0.020229524,0.267131944,0.040006596,0.246647107,0.063661213,0.222355588
218,sppt_Est,insect_SppRich,-0.007479367,0.007849814,-0.030308383,0.008525174,-0.02476022,0.004475548,-0.021776401,0.002691533,-0.018432153,0.001028663
219,stmax_Est,insect_SppRich,-0.018369344,0.010382578,-0.044366739,0.003670399,-0.03858099,0.000392891,-0.035509203,-0.000943419,-0.031842484,-0.004087406
220,sppt_mm_12moPrior,insect_SppRich,0.005158357,0.009409066,-0.017220813,0.036096025,-0.010933617,0.027224543,-0.007778604,0.022821303,-0.004388818,0.017963312
221,stmax_C_12moPrior,insect_SppRich,0.044192234,0.016623323,0.000805481,0.086111802,0.009686224,0.075972095,0.015738185,0.071043961,0.022791625,0.064997979
222,sstrahler_streamOrder,insect_SppRich,-0.002474235,0.003517618,-0.012829975,0.005806911,-0.010276293,0.003568505,-0.008997614,0.002518388,-0.007312973,0.001393786
223,saccumulation_atPoint,insect_SppRich,-0.001809677,0.002464052,-0.008850667,0.004170053,-0.007131736,0.00257116,-0.006243319,0.001750665,-0.005178042,0.000904449
224,selevation_atPoint,insect_SppRich,-0.002271955,0.007411602,-0.025671379,0.019093321,-0.019322605,0.011763134,-0.016013012,0.008959706,-0.012145345,0.005568115
225,sslope_mean,insect_SppRich,-0.01126522,0.006246561,-0.027377807,0.002166821,-0.023685603,0.000139454,-0.021794383,-0.000835845,-0.019373542,-0.002856308
226,surban_meanPerc_upstr,insect_SppRich,-0.008367483,0.003986669,-0.01843018,0.000884332,-0.016098931,-0.000409767,-0.014849009,-0.00156227,-0.013464381,-0.003133659
227,scrop_meanPerc_upstr,insect_SppRich,-0.041616635,0.008791679,-0.064435299,-0.018911415,-0.058933351,-0.024769354,-0.056171825,-0.027366978,-0.052907361,-0.030262293
228,sdam_impact_score_lessthan100km,insect_SppRich,-0.023391114,0.004051056,-0.034035276,-0.012587744,-0.031251584,-0.015347976,-0.03002957,-0.016727901,-0.0285479,-0.018258862
229,Intercept,insect_abund,0.006711457,0.004501667,-0.005137542,0.018858208,-0.002079415,0.015719113,-0.000689224,0.014192596,0.001066663,0.012439513
230,sppt_Est,insect_abund,-0.000501514,0.000853249,-0.003469304,0.001396419,-0.002627605,0.000789711,-0.002176998,0.000518927,-0.001717387,0.000282585
231,stmax_Est,insect_abund,-0.007253632,0.001541782,-0.011136598,-0.003102678,-0.010269736,-0.004236852,-0.009750343,-0.004737243,-0.009221217,-0.005269471
232,sppt_mm_12moPrior,insect_abund,-0.001214844,0.001282996,-0.005136935,0.000986173,-0.004217662,0.000476984,-0.003671119,0.00026956,-0.003069794,7.43E-05
233,stmax_C_12moPrior,insect_abund,0.001123008,0.001431664,-0.001375919,0.006073253,-0.000670612,0.004620559,-0.000404323,0.003991333,-0.000173955,0.003216007
234,sstrahler_streamOrder,insect_abund,0.00101638,0.000868751,-0.000588719,0.003481821,-0.000233208,0.002890541,-0.000104082,0.002568868,-3.96E-06,0.002214763
235,saccumulation_atPoint,insect_abund,-0.000172185,0.000702227,-0.002662275,0.001776043,-0.001909282,0.00117035,-0.001506997,0.000874236,-0.001059928,0.000534425
236,selevation_atPoint,insect_abund,8.20E-05,0.000689314,-0.001955539,0.00261274,-0.001301169,0.001727407,-0.000986194,0.001337996,-0.000667536,0.000905601
237,sslope_mean,insect_abund,0.000185668,0.000611212,-0.001503398,0.002265119,-0.000923582,0.001662128,-0.000686213,0.001349842,-0.000434608,0.000989652
238,surban_meanPerc_upstr,insect_abund,0.000236853,0.000527933,-0.001086794,0.001968911,-0.000680949,0.001499442,-0.000481309,0.00125585,-0.000300819,0.000964677
239,scrop_meanPerc_upstr,insect_abund,0.000384552,0.000737166,-0.001337017,0.002841323,-0.000809302,0.00222633,-0.000565695,0.001816912,-0.000336501,0.001421805
240,sdam_impact_score_lessthan100km,insect_abund,-0.00082582,0.000786172,-0.003124742,0.000638032,-0.002538564,0.0002822,-0.002264695,0.000144882,-0.001931779,3.33E-05
