"","StartYear","Response","Estimate","Est.Error","Q0.5","Q99.5","Q2.5","Q97.5","Q5","Q95","Q10","Q90","site_num","country_num"
"53","1990","FRic",0.0206782954518257,0.0236098254695907,-0.0581779038565023,0.0983229916182101,-0.0320338315384725,0.0686898612887,-0.0175332477497006,0.0570307056259528,-0.00589780206247816,0.0469490252467266,155,6
"54","1990","abundance",-0.0190592844896965,0.0295728022000923,-0.121240512278456,0.0687402325816837,-0.0862844088541946,0.0356274087247498,-0.0696310230841042,0.0235061006712774,-0.0530260955276334,0.013309625607852,155,6
"55","1990","turnover",-0.00461982339487272,0.0168129961004672,-0.0646428267404867,0.0538204904975791,-0.0365318517746258,0.0338866365222171,-0.0283016109080516,0.0231731396848691,-0.022007900330395,0.0143949653870716,155,6
"56","1990","FEve",0.000437523262760685,0.0094549083385866,-0.0351068749763038,0.0284795946202282,-0.0236317751929043,0.0185719416686814,-0.0162908624521364,0.0146788572316462,-0.00987505854543998,0.0105786545730688,155,6
"57","1990","spp_richness",0.299552173875551,0.365386718219462,-0.796833606836203,1.34843072827389,-0.454296160765546,1.04594997095093,-0.30582962779378,0.88409609102934,-0.13393085839205,0.734945276982323,155,6
"58","1990","FRed",0.00178574742927422,0.00362828044575337,-0.0143172307643083,0.0125571073523932,-0.00587925135917952,0.00880948850531167,-0.00362594805427318,0.00717246045177421,-0.00170759225087983,0.00565393377209757,155,6
"59","1990","E10",-0.00165176224123721,0.00944848523701754,-0.0308408139476824,0.0352814746792142,-0.0200382167575184,0.0178729751791696,-0.0157066857181395,0.0135517644902613,-0.0115321776503241,0.00918409559417167,155,6
"60","1990","alien_SppRich",0.00267232622377395,0.00186867906177862,3.8297001835689e-05,0.00688546948202134,0.000173544713348585,0.0066771274203044,0.00027494377927991,0.00651899856820841,0.00071228792398798,0.00604421433384894,155,6
"61","1990","F_to",-0.00976775976769683,0.0359110951324634,-0.131858949046232,0.114078102914316,-0.0867153060223009,0.0689287220634113,-0.0655026131137698,0.0481830273780861,-0.0488230066817374,0.0302675880928631,155,6
"62","1990","SppRich_nativeSpp",0.0727682963716487,0.517360631355829,-1.6622318506873,1.65983281773893,-0.980025737499414,1.14386800090579,-0.728603113704726,0.910927246339216,-0.505987020395376,0.66780611277383,155,6
"63","1991","spp_richness",0.236615412486247,0.39595520174574,-0.933943965160034,1.43836130034125,-0.570785186857387,1.01647195185656,-0.431241498132599,0.848077788801868,-0.248402589178439,0.693025842385321,169,6
"64","1991","turnover",-0.00396756258511789,0.0109280263132482,-0.0399144294233019,0.0327887555475919,-0.0246816823370251,0.0220294568033077,-0.0197825254024088,0.015826756734203,-0.0154914879100694,0.00894025018068635,169,6
"65","1991","FRic",0.0188901087633052,0.0202149156870502,-0.0433012014673068,0.0797436343803646,-0.0309259527416989,0.0601291637947462,-0.0157380555394033,0.0502752366939733,-0.00360189099226803,0.0414585612146745,169,6
"66","1991","F_to",-0.0135206535630933,0.0284840208560023,-0.119737812652646,0.106311224800873,-0.0745343318151328,0.0419284406803334,-0.0577327199529344,0.0282134789019387,-0.0434887220577786,0.0160006980877149,169,6
"67","1991","abundance",-0.0105920793274243,0.02708073769527,-0.0940347494800629,0.0804449600159422,-0.0637056177084853,0.0462183472883109,-0.0532325314298471,0.0337228199971271,-0.0421851295718117,0.0209369652130097,169,6
"68","1991","E10",-0.00204129161550779,0.00728831936076648,-0.0248052487751911,0.0196614462623686,-0.0170744796397661,0.0133628759159236,-0.0135617373216173,0.00998409317534056,-0.0101029925603932,0.00657600049749738,169,6
"69","1991","FRed",0.00256719616797078,0.00291179381818467,-0.00656143663758917,0.0115507941761815,-0.00342899530080709,0.00877490298750281,-0.00202270759244409,0.00747213886221926,-0.000798310477542782,0.00611915887501749,169,6
"70","1991","SppRich_nativeSpp",-0.25854141914159,0.462311582956322,-1.69419925285891,1.21022808133583,-1.25157987662601,0.756140929319217,-1.0098794239456,0.51825545280596,-0.782766835653366,0.298246599684427,169,6
"71","1991","FEve",-1.80184040300031e-06,0.00743175893079613,-0.0225152169511404,0.0274414657801002,-0.0145402810259219,0.0160352846867633,-0.0116169404909572,0.0111388350595282,-0.00843460953527673,0.00751536060171308,169,6
"72","1991","alien_SppRich",-0.000521258197984424,0.00287860118142733,-0.00431623272828041,0.00491764080138437,-0.00410747491722501,0.00450117584353739,-0.00394256906945563,0.00403313977745274,-0.00375459373473065,0.00376281799370141,169,6
"73","1992","spp_richness",0.436827627301703,0.379948861032569,-0.689375103865611,1.64679866165997,-0.283121848486168,1.25563446042425,-0.14688229432095,1.08301552313134,0.00884288365632018,0.905966241594396,224,7
"74","1992","FRic",0.00595202183000002,0.0116378878120322,-0.0286351750621597,0.0406383933003549,-0.0171296926448977,0.0298227189890595,-0.0124892429039173,0.02531944668086,-0.00757206146828123,0.020141394722948,224,7
"75","1992","turnover",-0.0026202422663053,0.00752111565499277,-0.0279796735029549,0.0205445684953115,-0.0185696986455672,0.0128208214509982,-0.0152050195782707,0.00874349046822197,-0.0111857130471581,0.00562885467792463,224,7
"76","1992","E10",-0.00343423514974277,0.00513077095743574,-0.0199068033102017,0.0131992389474323,-0.0141050192518407,0.00688818025167484,-0.0116255159005435,0.00470579326821037,-0.0094014584600721,0.00249637863199072,224,7
"77","1992","abundance",-0.00326390362789688,0.0198860468079013,-0.0762411185566332,0.0628052321174394,-0.0422132990319998,0.0384315370370581,-0.0337010300257145,0.0284820515344558,-0.0258865131922092,0.0198321413785852,224,7
"78","1992","FEve",-4.16682700980242e-05,0.00519055943542048,-0.0170841146904893,0.0172570685999927,-0.0111606215365714,0.0107910355728968,-0.00824707202139602,0.00818621671991875,-0.0059468008197415,0.00577056537081929,224,7
"79","1992","FRed",0.000735120261851764,0.00183934280894359,-0.00700064910974401,0.00722753502482733,-0.00286370983894381,0.00457040252707704,-0.0018134978021724,0.00360933778486849,-0.00107483787714735,0.00269731282911525,224,7
"80","1992","SppRich_nativeSpp",0.256302683202126,0.533593644834611,-1.17404146361194,1.84337386657606,-0.692461885089732,1.62785335180421,-0.491745727128932,1.25124145642108,-0.332574060340898,0.928648603713206,224,7
"81","1992","alien_SppRich",-0.000888391083649117,0.00277810819458659,-0.00608801287841394,0.00306270225025178,-0.005657941378361,0.00287593060126184,-0.00504693794189864,0.00270912066727956,-0.00423596449465073,0.00215889754498327,224,7
"82","1992","F_to",-0.0101710452430959,0.0201636506171719,-0.0770002303142349,0.0523857592937334,-0.0542249958135227,0.0297865144776777,-0.0433718206951366,0.0213502837521931,-0.0334205516346239,0.0124531980565569,224,7
"83","1993","FRic",0.0119994850320598,0.00986192017263283,-0.0142433443094139,0.0429724445600155,-0.00637782968160121,0.0330155644998751,-0.00267207624494386,0.0288880912944073,0.000657013252679387,0.0242748508573605,251,8
"84","1993","turnover",-0.0101499280823247,0.00607058520062786,-0.0305578196046011,0.00777172904690851,-0.0234010489207665,0.00208174141390505,-0.0200004170619073,-0.000571105536138274,-0.0171617956170318,-0.00302538980990742,251,8
"85","1993","spp_richness",0.422138713396278,0.386747968382842,-0.57687655296486,1.60282930860207,-0.320385817748535,1.23274333288461,-0.183518698907532,1.08303937918193,-0.0368445501703334,0.916118637970685,251,8
"86","1993","F_to",-0.0110604414429275,0.0152614934334375,-0.061854482778275,0.0359268538491195,-0.0450984736615223,0.0181892447945913,-0.036887671756726,0.0117824348738118,-0.0289516212725441,0.00616376069911713,251,8
"87","1993","SppRich_nativeSpp",0.361937615476593,0.554552724911182,-1.1274697232035,2.30878638764548,-0.684560327217169,1.59700198635139,-0.467481732701569,1.29778694955423,-0.263252798167846,1.01791979948254,251,8
"88","1993","FRed",0.00067216783881983,0.00154674367464499,-0.00454928364972667,0.00617695075297968,-0.00211151173817616,0.00402533017481864,-0.0015311975782905,0.00330621409594047,-0.000950845270905917,0.00246229470446704,251,8
"89","1993","abundance",-0.00252942991490573,0.0129469359856731,-0.0394360768347576,0.0394642601566749,-0.0277815099717189,0.0255869068132779,-0.0232314570841275,0.0185490414506261,-0.0180198460400433,0.0130419329907682,251,8
"90","1993","E10",-0.00126079575544151,0.00428209472839519,-0.0159680876628343,0.0108715810301715,-0.0104264951946658,0.00691062577855701,-0.00841659404275519,0.00517489239423584,-0.00633609050155456,0.00362879679046993,251,8
"91","1993","FEve",0.000231948992845594,0.00406353378558844,-0.0129426458326595,0.0119174813921062,-0.0088932786408533,0.00770048781589581,-0.00680937618720326,0.00620544358182952,-0.00478751480253375,0.00476132029841015,251,8
"92","1993","alien_SppRich",-0.000410973080057657,0.00190417627376878,-0.00415175135297566,0.00388003300539562,-0.00386290407290654,0.00352865479794255,-0.00356183474970295,0.00316627335819391,-0.00274274793529344,0.00274374700703336,251,8
"93","1994","F_to",-0.00585742816908506,0.0134503761415685,-0.0488703859044451,0.0479641395406955,-0.0338227822197506,0.0205955512774729,-0.0278291248610126,0.0139248928661416,-0.0213392035360215,0.00815004738442801,279,8
"94","1994","spp_richness",0.452182213977403,0.331711687863366,-0.458372560590691,1.4509096920292,-0.176503212208985,1.17511507765927,-0.0609583314727948,1.01391298999863,0.0608056891805303,0.858705608821255,279,8
"95","1994","FRic",0.0102608998887602,0.0107995718828174,-0.0204307136081705,0.0478215704882374,-0.0105552511339743,0.0334498843673086,-0.00619365487077861,0.0282165761715252,-0.001643450101032,0.0227761974487069,279,8
"96","1994","E10",-0.00351000508814313,0.00370729583964317,-0.0139490559999687,0.00793229937719397,-0.0111358607283301,0.00393191738881288,-0.00967746708192534,0.00238478705864939,-0.00803296544878964,0.000844839808068214,279,8
"97","1994","FEve",0.00238682673411034,0.00337502879692227,-0.00886908067296196,0.011787494294643,-0.00510960199325767,0.00849832325670055,-0.00340189063852861,0.00736076270529642,-0.00181554178232177,0.00617743455596413,279,8
"98","1994","abundance",0.00300364257174602,0.0193143704408258,-0.0763658112686614,0.0540309121171873,-0.0631155604975692,0.0375569131602603,-0.0237142670512667,0.0297948594860815,-0.0140605495280728,0.0229610466038222,279,8
"99","1994","turnover",-0.00338470804600398,0.00534238474427873,-0.0207713958929704,0.0139987302276115,-0.0140805289699033,0.00766405196685046,-0.0115140647443309,0.00512044368016093,-0.00934200057501922,0.00283041138562321,279,8
"100","1994","FRed",0.000650545547207958,0.00154525765805897,-0.00375341180356535,0.00553848021141922,-0.00222440961230098,0.00422286213302287,-0.001651969074281,0.00348861518660176,-0.00106697532133116,0.00257270762274562,279,8
"101","1994","SppRich_nativeSpp",0.432548179740188,0.492193510802184,-0.865325755982649,2.01328883477166,-0.49791561926965,1.50745539399265,-0.329276446181666,1.25642136236854,-0.140360837852566,1.04005783210966,279,8
"102","1994","alien_SppRich",-0.00120208418436989,0.00178332086455,-0.00477775771104627,0.00181908780169831,-0.00463689735590809,0.00155999279692079,-0.00449332570345905,0.00141829061195005,-0.00382508396036334,0.000975812733181604,279,8
"103","1995","turnover",0.000939206406656759,0.00551263998447407,-0.019293778901464,0.0181433183762897,-0.010328826251188,0.0120104507907279,-0.00754856000694698,0.00958178247402106,-0.00523526337724871,0.00738439119956113,298,8
"104","1995","FRic",0.0144898462189647,0.00945344551996251,-0.0125039732302469,0.0438479535811546,-0.0050195200137033,0.0355397449981197,-0.000198256276551191,0.0305640697762297,0.00374845304232557,0.0257803717653079,298,8
"105","1995","abundance",0.00198479046114074,0.0116983006700811,-0.0309921594381406,0.0425780803878884,-0.0201471237092009,0.0265508831719373,-0.0158597477638478,0.0207113044707022,-0.0116601553987129,0.015936062434351,298,8
"106","1995","F_to",-0.00231793078897494,0.0137596986018574,-0.0436837213356803,0.0369122187713705,-0.0322719215707844,0.0227945281140422,-0.0266876526510712,0.0179020978285041,-0.0198805572434534,0.0135795697735788,298,8
"107","1995","spp_richness",0.348298433016913,0.280815163685412,-0.518064458258937,1.11293364805097,-0.252507042505144,0.885896164211565,-0.119675684471156,0.792135921474469,0.0031525451617702,0.680213475149759,298,8
"108","1995","FRed",0.000748580962055831,0.00114719249460097,-0.0023172066871153,0.00467511961508914,-0.00132060074651246,0.00341343344997612,-0.000946688511817847,0.0027734029703967,-0.000534605474993966,0.00214912719411636,298,8
"109","1995","alien_SppRich",-0.0010257492047532,0.00105914442062758,-0.00267399479940431,0.00176635120952598,-0.00254250969937703,0.00156224388790499,-0.00236008182039304,0.0014425684830098,-0.00209728270931512,0.000971607838638273,298,8
"110","1995","FEve",0.00176522493103089,0.00304186045736983,-0.00777957914135504,0.0104864471932416,-0.00480292545622721,0.00754016071205876,-0.00352893263593089,0.00635792968676455,-0.00202329033145555,0.00522064654795897,298,8
"111","1995","SppRich_nativeSpp",0.164645716547436,0.465716292193224,-1.27237836633901,1.4868625579202,-0.823884829658955,1.04957939460174,-0.611063667885711,0.857757868302867,-0.416906485619273,0.691012999338536,298,8
"112","1995","E10",-0.00352393787821489,0.00387384045297464,-0.0144293686871853,0.00887878752990454,-0.0110878160618604,0.00466916317091815,-0.00974953784291256,0.00273502805329814,-0.00822044709600391,0.00107587011594433,298,8
"113","1996","spp_richness",0.35992020708369,0.170940786422257,-0.148382424439743,0.856865555577522,0.00608136359047221,0.716659285513789,0.0853841930402711,0.642382833246587,0.15358720195765,0.568131534600271,306,8
"114","1996","FEve",-0.000912638560218616,0.00320359272318839,-0.010620062703882,0.00908426842827982,-0.00747196173053038,0.00554372213995385,-0.00615304576421665,0.00431567951897142,-0.00470023956983802,0.00281300630434942,306,8
"115","1996","F_to",-0.00244475595745093,0.0127546967271002,-0.0466383038156095,0.0352308456454281,-0.0295142554498434,0.0227863434410347,-0.0235791427903102,0.0176674059477257,-0.0174727560790211,0.0119599692748045,306,8
"116","1996","E10",-0.00499605939504156,0.00346618168392068,-0.0150140061764025,0.00482688527338296,-0.0118227666619453,0.00203144423939757,-0.0105269911702554,0.000681179185206642,-0.00916683234772097,-0.000727130625504664,306,8
"117","1996","abundance",-0.00108299958209971,0.009543338671646,-0.0300139454194561,0.0325491050343986,-0.0196759929341786,0.0183307251240501,-0.0156284588035059,0.0144591144074645,-0.0118194376086164,0.01021383454134,306,8
"118","1996","FRed",-0.000541583547856385,0.001330331302706,-0.00450330668515976,0.00354116576665209,-0.00318734945637126,0.0021614173658026,-0.00268547547013937,0.00158889876607174,-0.00210870759953871,0.00103646270652663,306,8
"119","1996","FRic",0.0208108372635725,0.00970656619407226,-0.0100614709333009,0.0527283709475297,0.000675181573380506,0.0404313744807308,0.00532384660173411,0.0362840095698917,0.00952872136903147,0.0321560758998713,306,8
"120","1996","SppRich_nativeSpp",0.332155908166786,0.296359491924673,-0.573849133699494,1.18556789577396,-0.302747129284114,0.93391782291475,-0.175582858190001,0.78896096870444,-0.0197018934271354,0.670106378033225,306,8
"121","1996","turnover",-0.00264017918774952,0.00474947283963951,-0.0164739818785273,0.0128042310592383,-0.0120614705264419,0.0072315987964139,-0.00992619236446099,0.00511246032388498,-0.00815289630525069,0.00307511209043133,306,8
"122","1996","alien_SppRich",-0.000255016922763372,0.00124573647332013,-0.00253915393678483,0.00282197782053851,-0.0023626562476954,0.00234139992101656,-0.00209878762607821,0.00183788601944288,-0.00185252824463169,0.00150278357372114,306,8
"123","1997","FRic",0.0113967238180515,0.00871982207423376,-0.0156448246014674,0.0384027067953585,-0.00567949471817448,0.0295387062279872,-0.00220629767307669,0.0258482883533602,0.00162331789074658,0.0215867785813954,306,8
"124","1997","FEve",0.000368692793794674,0.00240067853067764,-0.00693578474693093,0.00726819812643441,-0.00463961214381791,0.00515483465516659,-0.00351570719161838,0.00419253273343455,-0.00253600317149528,0.00330768026093186,306,8
"125","1997","F_to",-0.00827714824699846,0.0119510599713171,-0.047354083857585,0.024691215030459,-0.0360504716527631,0.0149232014648476,-0.0288381149583857,0.0101326793051657,-0.0220394706695739,0.00542699061048011,306,8
"126","1997","turnover",-0.000638543498232795,0.00448550462141525,-0.0143699542030824,0.0136937860785911,-0.00997473616918575,0.00819727397111077,-0.00788724652259149,0.00649718054073132,-0.00594045104187825,0.00450960236359771,306,8
"127","1997","abundance",-0.00118776293099275,0.0113786689492786,-0.0352073577073018,0.0317538733398704,-0.0245894857693403,0.0219366182183059,-0.0194931242926272,0.0174090624389251,-0.0146302216995962,0.0128631333524188,306,8
"128","1997","spp_richness",0.268737669186281,0.118172702712164,-0.101716802399879,0.677633872976283,0.0251000439701321,0.522784107456133,0.0827590400222203,0.462374124925961,0.137055907757774,0.407208574621308,306,8
"129","1997","FRed",-0.000180683881107588,0.00108354554697322,-0.00358972673970335,0.0029325638647908,-0.00231877005573334,0.00191197055525693,-0.00190759060383261,0.0014882911031419,-0.00144046061213149,0.00109101589670583,306,8
"130","1997","SppRich_nativeSpp",0.249969913268822,0.267930238678259,-0.728566594571481,1.10844008151226,-0.366073631864087,0.765008538633715,-0.218321140772424,0.637315341620351,-0.0588641270631187,0.539454975487676,306,8
"131","1997","alien_SppRich",0.00141685724611778,0.00170989996619415,-0.001836159307153,0.00398266944197807,-0.00168982874716248,0.00382013958066112,-0.00161302374596441,0.0033517843815392,-0.00149744494242246,0.00316639696111912,306,8
"132","1997","E10",-0.00255312900542399,0.00422765358501211,-0.0146231893013444,0.0105848475332989,-0.0111491790146786,0.00610506865974003,-0.00918092257965033,0.00436212739650651,-0.00751385971973106,0.00259477698065492,306,8
"133","1998","turnover",0.00103958042628397,0.00529224487199259,-0.0160896912358275,0.0179059167290544,-0.00969714583782488,0.0111463900329185,-0.00719243688823809,0.00921962796355803,-0.00499949253052501,0.00704377468353103,307,8
"134","1998","spp_richness",0.195656595643287,0.167746278388898,-0.318409854499771,0.719975247688148,-0.182651370434381,0.530633042496109,-0.0916936916085051,0.449520304054713,-0.0117767440508087,0.377911898336994,307,8
"135","1998","FRic",0.00959369035143977,0.0134690343110217,-0.031747669644189,0.050102920518891,-0.0164764528522955,0.0374790646592897,-0.0112604909384059,0.031565096891112,-0.00634721716002036,0.0257299025752088,307,8
"136","1998","FEve",0.000973071597036778,0.00281428732348673,-0.00753386084190729,0.00945457009780208,-0.00485499713020395,0.00641828109980794,-0.0036380045145372,0.00538883854706864,-0.00233012262123235,0.00426196721941484,307,8
"137","1998","SppRich_nativeSpp",0.133615371845344,0.302237941025135,-0.745254310458203,1.00895563635027,-0.47728608688813,0.751484022208603,-0.36509813963604,0.614697665900453,-0.233400551032686,0.493065399037731,307,8
"138","1998","F_to",-0.00699614759798358,0.0133420990323755,-0.0491869657907561,0.0332760682593709,-0.0341624987788991,0.0199443721918103,-0.0284426637156525,0.0140970452271993,-0.0225970396162372,0.00910444892922377,307,8
"139","1998","FRed",1.31313482476009e-05,0.00138811496278864,-0.00469429971486175,0.00402838944554188,-0.00299786951272935,0.0026062562963852,-0.00233608858969316,0.0020473100826636,-0.00167686302265094,0.00155004892067557,307,8
"140","1998","E10",-0.00434295493341456,0.0045079669895449,-0.0169066654441269,0.00935095727459593,-0.0129243934348737,0.00565483445152229,-0.0111094327898331,0.00349867649335928,-0.00952967539823635,0.00119979623251615,307,8
"141","1998","abundance",-0.00532898402216997,0.0145136415447843,-0.0471769695783961,0.0520798316328019,-0.0335668125765199,0.024949526020754,-0.0280763942843491,0.0167348945860349,-0.0223520982824396,0.0113328830361989,307,8
"142","1998","alien_SppRich",-0.000793164300789138,0.000659533985487157,-0.00269890433410519,0.00026664836862901,-0.00228124257251217,0.000103783894565321,-0.00206705562756772,2.67989881847924e-05,-0.00188316174621845,-7.29395027201928e-05,307,8
"143","1999","FEve",0.00142141186743209,0.0031995470641843,-0.00898099514808498,0.0104589048975856,-0.00492586661966273,0.00781952986258504,-0.00370902948131058,0.00651880775644669,-0.0023663586308823,0.00523238479995556,307,8
"144","1999","FRic",-0.000817701532061427,0.0146194001895243,-0.0417935437694704,0.0416326680381976,-0.0304994948823369,0.0292590915925111,-0.0244801486731536,0.0236155940366511,-0.0186527572540415,0.0165674413417475,307,8
"145","1999","F_to",-0.000133627304487165,0.0119168005092917,-0.0342524943809684,0.035857063340569,-0.0231553935844365,0.0250503320351753,-0.018495166255026,0.0199312102400921,-0.0141657020466197,0.014436431316146,307,8
"146","1999","FRed",0.000751554496041001,0.00120622301994157,-0.00326299342162434,0.00413611826540567,-0.00187035825627501,0.00300197294486521,-0.00124453189185555,0.00256932217779265,-0.000692798875044526,0.0020903296463433,307,8
"147","1999","spp_richness",0.123330693105711,0.195181912144575,-0.488121157382792,0.696436236585865,-0.299665700096361,0.478562689725769,-0.217076582084483,0.407104148927689,-0.115950028705072,0.340059332547433,307,8
"148","1999","abundance",-0.01386334783526,0.0113407793050257,-0.0466013713055842,0.0195408947495628,-0.0363322351716786,0.00924905343873298,-0.0322216262986827,0.00437066535698241,-0.0273009242547424,-0.000444907184710225,307,8
"149","1999","E10",-0.00335576768869769,0.00485529417603311,-0.0167586958971865,0.0133754547436254,-0.0123926975774572,0.00728625469251312,-0.010833255279563,0.00464295548824985,-0.00901183937477097,0.00260536988633507,307,8
"150","1999","turnover",0.00203245699697596,0.00462563982247229,-0.0120120549645973,0.0165069227580116,-0.00743234760695111,0.0109965182134666,-0.00562099184403011,0.00918165036819541,-0.00365788433057357,0.0073310472750616,307,8
"151","1999","alien_SppRich",-0.000396613347628387,0.000774110859307939,-0.00203301817516279,0.00119298284466774,-0.0018157871960861,0.00105270448851194,-0.00166035292068768,0.000736824770171007,-0.00151265917147662,0.000553731521802784,307,8
"152","1999","SppRich_nativeSpp",-0.0096345918733386,0.336427893075761,-0.970149984864657,1.19586829823645,-0.694903633440802,0.619426117285247,-0.552639269760901,0.505604275644427,-0.409049140683322,0.369480831368241,307,8
"153","2000","FRic",-0.000342575738889037,0.0128976684027282,-0.0495210290579648,0.0360424314676697,-0.0275897162963237,0.0252006168566958,-0.0211142487840895,0.019503520858257,-0.0155462522212734,0.0144633296593924,307,8
"154","2000","SppRich_nativeSpp",-0.00885809090258538,0.317054032286685,-1.02214967667415,0.818088811820558,-0.664419344188893,0.626775146909726,-0.533139905067964,0.493056371005131,-0.400809547764257,0.361781442592506,307,8
"155","2000","F_to",0.0054585335244064,0.0113977686447082,-0.0291408403076613,0.0402852734111205,-0.0178342531416554,0.0283928315790103,-0.0129276016148075,0.0239480104256162,-0.00801622419288976,0.0191438739898012,307,8
"156","2000","spp_richness",0.0978489905505042,0.221120868419955,-0.623346965480301,0.667745678838863,-0.466363613370557,0.497912554099142,-0.315393897088575,0.405455759888102,-0.17378870841117,0.333886759197501,307,8
"157","2000","abundance",-0.0116475213197528,0.00996564913701255,-0.0415303884654707,0.0200477373744745,-0.0317030391022331,0.00845255504947803,-0.0275639403238969,0.00410823247414205,-0.0235188457164582,-1.14366013874272e-05,307,8
"158","2000","alien_SppRich",-0.00160630563725751,0.00207578104094655,-0.00436193970880773,0.002480922627226,-0.00420791223368292,0.00227903022741239,-0.0040233741653299,0.00218836437330631,-0.00374039515476095,0.00200590626738368,307,8
"159","2000","turnover",0.00305234969902813,0.00417635956365526,-0.010250498681682,0.0150417711919679,-0.00586717002084179,0.0111424869770469,-0.0038687872466505,0.0094846714699794,-0.00177529880303002,0.00796440203883038,307,8
"160","2000","FEve",0.000641872942700595,0.00312988707344792,-0.00781091781664466,0.00978720029946564,-0.00538472093449504,0.00715015060613634,-0.00421787308776706,0.00582350959566198,-0.00308086610744627,0.00450234191149488,307,8
"161","2000","E10",-0.00193550782493965,0.00485922044443188,-0.0148180798274493,0.0149735106180153,-0.010863933566083,0.00876501648463653,-0.00904663030011982,0.00647894552936397,-0.00748732108244183,0.00407517269501215,307,8
"162","2000","FRed",0.000835364910887615,0.00114978142648164,-0.00302801318997812,0.00422980875012941,-0.00155683240351556,0.00310753373319725,-0.00103247079277428,0.00261656808956203,-0.00053349683505057,0.0021758374170564,307,8
"163","2001","FRic",-0.0109848491547853,0.0136449490179748,-0.0704851059624784,0.0281525771507375,-0.0373553581612076,0.0142962406501404,-0.0315012690704621,0.00977689550707828,-0.0258861235565475,0.00454296953127703,307,8
"164","2001","abundance",-0.00818214902155714,0.0116000538976547,-0.0466016853621866,0.0249745800841777,-0.0323079684834638,0.0147592851636598,-0.0268732405277707,0.0100275385191048,-0.0217742569232321,0.00546647274316372,307,8
"165","2001","SppRich_nativeSpp",-0.218442739670828,0.289838073023752,-1.15130786634237,0.672433047012986,-0.825617529514487,0.365677828672594,-0.715952361601395,0.213405220270664,-0.573257969506667,0.110368527178138,307,8
"166","2001","FEve",-0.000354357066508033,0.00300551197042402,-0.00905348232419714,0.00914217057247528,-0.00606434118951012,0.00589119901846219,-0.00488984871330806,0.00468489925443011,-0.00381736085461146,0.00338065867883793,307,8
"167","2001","turnover",-0.000631340777607227,0.0043798593619668,-0.0128254896932093,0.0136403542638765,-0.00904888967631202,0.00888554210252224,-0.00758178725192648,0.00633536790645212,-0.005848443880821,0.00446936779599033,307,8
"168","2001","alien_SppRich",-0.000960096495982859,0.00143047312693247,-0.00354920620334087,0.00153776319082715,-0.00343777454687852,0.00131534355696915,-0.00334532780985989,0.00119142018024985,-0.00309956490928878,0.000851164167155597,307,8
"169","2001","spp_richness",0.0194613299677108,0.202567026327978,-0.631699436318145,0.560180230779455,-0.446568089525372,0.378317024505869,-0.344914418642169,0.30826499923674,-0.233813907270853,0.243446808932253,307,8
"170","2001","F_to",0.00145172446989563,0.0113903116369346,-0.0336501992067828,0.0374674395430593,-0.0202135392541507,0.0269753637620333,-0.0152651991821808,0.0211265189922058,-0.0108723124631983,0.0153327559209389,307,8
"171","2001","FRed",0.000172534732709569,0.00132252698205193,-0.00511588827944285,0.00401991511914154,-0.0025461845039309,0.00256024547662755,-0.00184953043021152,0.00204610410772723,-0.00127605158085589,0.00156103372043524,307,8
"172","2001","E10",-0.000991866914881968,0.00347994871978207,-0.0102274162529983,0.0100277446225664,-0.00752575905220123,0.00679727548075177,-0.00617228730212727,0.00517699353262836,-0.00495989105467214,0.00340164908707587,307,8
"173","2002","FRic",0.000711653837336898,0.0133386864812332,-0.0405863526243868,0.0417437574872853,-0.0252632374067522,0.0275862381981241,-0.0203304016012355,0.0223673777482154,-0.0152979896090113,0.0166169112777824,305,8
"174","2002","SppRich_nativeSpp",-0.117888039163512,0.318469271114795,-1.0842446928566,0.86229639966191,-0.777992548495319,0.517192629961238,-0.641274099891217,0.380747846570797,-0.494898647508304,0.255939696019351,305,8
"175","2002","spp_richness",0.0341260512974479,0.234807189036412,-0.592690049529865,0.760684738376659,-0.423329618039174,0.513937343336975,-0.352090993961459,0.420224836295178,-0.256229588743525,0.327048269911078,305,8
"176","2002","abundance",-0.00606261013540061,0.0108961664683815,-0.0425315562759823,0.0243816818984325,-0.0309458320700021,0.013706938407588,-0.0245900806551352,0.00980478263062353,-0.0194846338504008,0.00633289889602106,305,8
"177","2002","FRed",-0.000279405959042019,0.0012905576104222,-0.00433792343771468,0.00358183083577393,-0.00290451718290168,0.00232242152175604,-0.00237775226023095,0.00177074114752979,-0.00177668937238775,0.0012434181304815,305,8
"178","2002","alien_SppRich",0.00131309702317754,0.00157188254507912,-0.0014218382639196,0.0044018997670799,-0.000966301219955972,0.00425589902880936,-0.000596663161540107,0.00411020222182382,-0.000457767777711319,0.00377137763595193,305,8
"179","2002","FEve",-0.000603394392136912,0.00287161437445253,-0.0081778353018181,0.00896847468651363,-0.00588542608706812,0.00582921953750824,-0.0048812466696665,0.00442678931122627,-0.00384302086229505,0.00297365764412115,305,8
"180","2002","turnover",-0.00162560349146384,0.00495430869263324,-0.0154422460699031,0.0135788038280639,-0.0113910416084531,0.00872056739882226,-0.00968076648798215,0.00661178561740162,-0.00761854550064053,0.00431917957595524,305,8
"181","2002","F_to",0.00712001740025467,0.00959500021538998,-0.0264876706519804,0.0352483154638797,-0.0124036273255847,0.0273931823537704,-0.00812841265330398,0.0232609223061226,-0.00414074791864293,0.0183580540475805,305,8
"182","2002","E10",0.000571844021023946,0.00416922132023161,-0.0167592583492443,0.0125495532249804,-0.00774424572297678,0.00842153000242958,-0.00581313223756924,0.00678873777545167,-0.0038885777373359,0.00528873331501875,305,8
"183","2003","FRic",-0.00196515944724894,0.0128045049883447,-0.0384639930110601,0.0391073192865802,-0.0281956499408643,0.0236122621960969,-0.0228165958715588,0.0181285500349046,-0.0170246212424823,0.0126605980159342,305,8
"184","2003","SppRich_nativeSpp",-0.0826137500093165,0.37465430195038,-1.1884122563675,1.20531002478158,-0.798735025315269,0.744953240249,-0.641419959069208,0.540625039213273,-0.492559479474151,0.365922101022689,305,8
"185","2003","abundance",-0.0024701662375295,0.010175798121936,-0.0392138762037389,0.0237954190071219,-0.0268060857923163,0.0150987998395631,-0.0207924517664731,0.0118895334210133,-0.0146829696943556,0.00870964385366067,305,8
"186","2003","FRed",-0.000757301120082449,0.00106813210976073,-0.00437027911212691,0.00253691720636414,-0.00291806827796148,0.00145746119514212,-0.00242243367528178,0.000989536133192113,-0.0019694710988947,0.000495262261834647,305,8
"187","2003","alien_SppRich",0.00128238119669892,0.00115101104413601,-0.00113462665926624,0.00367730147474252,-0.000862818450464504,0.00322266162194511,-0.000694179876876197,0.00299500764011723,-0.00051945971101961,0.00273703345239068,305,8
"188","2003","spp_richness",0.0568226541831471,0.27232903626986,-0.722142723450516,0.945379776163259,-0.465446675889558,0.628938523751927,-0.358992342502987,0.517522391815625,-0.25931606823202,0.387217441731596,305,8
"189","2003","FEve",-0.00171641087397083,0.00323515866105685,-0.0112931250986659,0.00748378999542582,-0.00827370328554855,0.00481646914262717,-0.00702151773686862,0.00347494646346488,-0.00554043844078222,0.00220061638400786,305,8
"190","2003","F_to",0.00268428727622401,0.00838103766264063,-0.0243877193692226,0.027884178774403,-0.0149506795497677,0.0196458934900838,-0.0107053738443699,0.0162210646313715,-0.00711465054099184,0.0125051622392191,305,8
"191","2003","turnover",-0.00438282971533292,0.00299688672612519,-0.0128956751592853,0.00513127699720344,-0.010224537829907,0.00175737705054863,-0.00895404371570899,0.000493499440064353,-0.00778817758023444,-0.000739125369656714,305,8
"192","2003","E10",0.00131999814890059,0.00340702891728629,-0.00867571660952582,0.0112266906484274,-0.00535883669326202,0.00838110551180381,-0.00406032240856626,0.00704462233793992,-0.00265476866267961,0.00549331736228156,305,8
"193","2004","FRic",0.000403780043755827,0.00992064936690191,-0.0260199396815304,0.0294110230427073,-0.0195397907318623,0.024096985008824,-0.0154777109630976,0.0185393761481622,-0.011305441498807,0.0124143682739549,305,8
"194","2004","abundance",-0.00320331432319366,0.0110298576844189,-0.0406857573976809,0.0319650459301569,-0.0258767412975384,0.0163837991667615,-0.0216051065995629,0.0128290846104677,-0.0170630122374511,0.00909720355949955,305,8
"195","2004","spp_richness",-0.017546318729979,0.279757466299548,-0.955357867469942,0.834703968761799,-0.702027651830111,0.52404052972356,-0.502588810920924,0.415435476446273,-0.330378026689621,0.286402409144625,305,8
"196","2004","FEve",-0.0012346426279931,0.00274285740820877,-0.009223352694016,0.0067787271114765,-0.00692592918621901,0.00448531621921879,-0.00573428153709804,0.00314637029673673,-0.00457891524877326,0.0020452883236017,305,8
"197","2004","SppRich_nativeSpp",-0.0674342092244503,0.394188109553327,-1.31434545290176,1.161507069164,-0.88195641639565,0.743538457704282,-0.694251198086429,0.592349609764372,-0.530368188742648,0.410917967596497,305,8
"198","2004","F_to",0.0107275807101294,0.00935142070943184,-0.0178341445111174,0.0412128242475643,-0.00641607233723363,0.0307827251507547,-0.00322848341560838,0.0261935689665622,0.000204028754844759,0.0219140620570498,305,8
"199","2004","FRed",8.55421622679289e-05,0.00117044663347418,-0.0033611296465942,0.00382208662984503,-0.00222653030843366,0.00257967633387886,-0.00169036305490927,0.00207425031618228,-0.00123856667061929,0.00146061854692733,305,8
"200","2004","turnover",0.00236953829498207,0.00728982070103909,-0.0199459709719762,0.02325340487237,-0.0126191346617167,0.0171987558675093,-0.00940897998555231,0.0141549698360882,-0.00637548028762808,0.0111228539337949,305,8
"201","2004","alien_SppRich",2.04277961913252e-05,0.00141004211991429,-0.00231896569486356,0.00264735531065663,-0.0021612828704418,0.00248568150847854,-0.00201681885850712,0.0023138101439359,-0.00183120710088053,0.00203091830886997,305,8
"202","2004","E10",-0.000416188771820658,0.00329980883770976,-0.00967453276673306,0.010247975378138,-0.0065091989428292,0.00696041204578221,-0.00537444376899024,0.00518066287686578,-0.00425413786563767,0.00363453848185687,305,8
"203","2005","FRic",0.00237431658759855,0.00895852227597299,-0.0245575926884037,0.0299719742344601,-0.0161281519406835,0.0190485780637906,-0.0125648394927231,0.0155707175913525,-0.00868800632749204,0.0126098779735502,304,8
"204","2005","abundance",0.00249612356881713,0.0092310484016895,-0.0283097427506146,0.0270796191962408,-0.0185366522273124,0.0188275520280038,-0.0140780889982023,0.0157607039541888,-0.0094870700163558,0.0127483800068894,304,8
"205","2005","SppRich_nativeSpp",-0.191048714995679,0.301583231777251,-1.04400271483267,0.740191599436039,-0.806624673013768,0.431149037489676,-0.678185116236059,0.300020721277551,-0.558581382775036,0.162723629095247,304,8
"206","2005","FEve",-0.00252813408363345,0.00341796258192516,-0.0121276649881071,0.00848201477082174,-0.00946765613494312,0.00437133860915715,-0.00811409020253963,0.00298831888792042,-0.00662512161767736,0.00142736376347821,304,8
"207","2005","spp_richness",-0.0781677002930884,0.254208127620009,-0.885221308772417,0.672628697417427,-0.622102670003211,0.414948037854027,-0.493678850931465,0.301892269384131,-0.374738216449611,0.20461713979527,304,8
"208","2005","E10",-0.00153746229364861,0.00414659586248091,-0.0125962262407011,0.0116079107777634,-0.00941171125186323,0.00740179463166184,-0.00796904089752759,0.00549669229183355,-0.00639221434585743,0.00360671451749315,304,8
"209","2005","F_to",-0.00151440790980142,0.0147886536724757,-0.0385535471071288,0.0558730654517901,-0.0281964624687498,0.0288790626546243,-0.0235627522612099,0.0229081756212309,-0.018364456010166,0.0166807722532353,304,8
"210","2005","alien_SppRich",0.00096271730971513,0.00174347248507508,-0.00234385776707718,0.0049551055226274,-0.00172626344377708,0.00467600085381273,-0.00151328793797204,0.00419277234193656,-0.00130710961246356,0.00341866389924254,304,8
"211","2005","FRed",0.00181210156479368,0.0020102733450495,-0.00536325816571814,0.00938850271005082,-0.00189205688040251,0.00614067327100986,-0.0010858681202551,0.00513043966306086,-0.000276366648580473,0.00417283748436317,304,8
"212","2005","turnover",0.00642074249761922,0.00710327775563177,-0.0160880223895144,0.0290218606669466,-0.00777833628729537,0.0207465760218271,-0.00501967882604204,0.0173915096368972,-0.00194025317250263,0.0147671996761531,304,8
"213","2006","spp_richness",-0.154830862641573,0.307731944956538,-1.19061957910234,0.743192258721572,-0.800050866867579,0.448545749551036,-0.65129478727536,0.337410825887303,-0.525089874947302,0.198653780895583,305,8
"214","2006","abundance",0.00154399959779839,0.0106113541402343,-0.0377819345731707,0.0322174263707194,-0.0214019460132198,0.0196390694723367,-0.0162062106738158,0.0160713151682612,-0.0108633010685934,0.0128820962824327,305,8
"215","2006","alien_SppRich",-0.00177255698512725,0.00133411594570278,-0.0037989346909937,0.00119106717469983,-0.0036228731419629,0.000942890158765478,-0.00351486215546376,0.00077171773043453,-0.00333049282624055,5.04665698980458e-05,305,8
"216","2006","FEve",-0.00134047303618872,0.00234931948542508,-0.00839523290910045,0.00665456254721679,-0.00600250908167312,0.00347578340344873,-0.00498168442643184,0.00240352799408725,-0.00405071988369105,0.0013944118843348,305,8
"217","2006","FRed",0.000836416601910669,0.0010263064758826,-0.00233484007556493,0.00421202195162529,-0.00122877759668389,0.00288816043540002,-0.000785854168247861,0.00244552822540297,-0.000345815316217283,0.00202525249571443,305,8
"218","2006","SppRich_nativeSpp",-0.274441539903654,0.311503574546922,-1.24459915911821,0.632076857175953,-0.942515853138361,0.345386883690933,-0.787477773748741,0.215248386797644,-0.648630189830008,0.0955705948040441,305,8
"219","2006","F_to",0.0011405756151007,0.0112825722811384,-0.0342599937306203,0.0449944650715789,-0.0189441373478855,0.0264203370784518,-0.0149248610802733,0.0204832141178956,-0.0107842187869909,0.014330985548639,305,8
"220","2006","turnover",-0.0010006987815676,0.00465856501848533,-0.0142927191469722,0.0127767280266635,-0.0102383967628672,0.00878120921272178,-0.00839301007885317,0.00673066156615289,-0.00650755169373844,0.00478569752443992,305,8
"221","2006","FRic",0.00393719618127404,0.00873638429479172,-0.0281134493646022,0.0273563428156776,-0.0152167326345283,0.0201105361161323,-0.0108932300107571,0.01695440468811,-0.00641096995897087,0.0136644598444321,305,8
"222","2006","E10",-0.00233739759751222,0.00471005739758068,-0.0218335159742433,0.0124703352275435,-0.0131262129775742,0.00679202802823948,-0.00866948695106655,0.00460661957548537,-0.00657454940880971,0.00236933967764365,305,8
"223","2007","spp_richness",-0.192004690939494,0.33281136005148,-1.49467770456978,0.645652831218108,-0.946626594316908,0.388577167764811,-0.779704419817848,0.280216990125734,-0.604923482128472,0.172908574389637,304,8
"224","2007","abundance",0.00795274081830587,0.00840038272361664,-0.0198983198240146,0.0323323479405756,-0.0102363434319616,0.023786235392955,-0.0066373012896544,0.0207022963298211,-0.00210190762050855,0.0175827461031518,304,8
"225","2007","SppRich_nativeSpp",-0.366995476326988,0.345504954720784,-1.48749046129839,0.586785783718936,-1.14185026909449,0.247102304797303,-0.992149315050819,0.132067088131849,-0.805247660059193,0.0197983831647621,304,8
"226","2007","F_to",0.013061141741108,0.0161805127764745,-0.0283203626831978,0.0631384035291951,-0.0174567337610901,0.0484036597270059,-0.0116758780564369,0.0415230618171662,-0.00588752762445876,0.0335377136597671,304,8
"227","2007","FRic",0.00878796602514729,0.00885833940706243,-0.0225032541267372,0.0314425058313985,-0.0110407012199644,0.0242067763122587,-0.00632116325901596,0.0215596640518202,-0.00225886485505613,0.0189062943133014,304,8
"228","2007","alien_SppRich",-0.000274148819261918,0.00256095956585803,-0.00509340838063584,0.0035056429430617,-0.00493470526921042,0.00338408294095695,-0.00480893478192528,0.00329185370037213,-0.0044834638369836,0.00310316573188279,304,8
"229","2007","FEve",-0.000834174667740078,0.00244818629953552,-0.00847074501602892,0.00653700759697106,-0.00565538923450496,0.00411403526797299,-0.00473767676402782,0.00313485357632501,-0.00373394687849228,0.0020978928954692,304,8
"230","2007","E10",-0.00191338160420914,0.0050733637716236,-0.0173698524966883,0.0130980343167871,-0.0117012037795419,0.0086369182312845,-0.00967234870530333,0.006686950474961,-0.00772378486060083,0.00446621462014593,304,8
"231","2007","turnover",-0.00319372041635088,0.00464256350744374,-0.0159644955358875,0.011138555642769,-0.0123413169014029,0.00680878034784893,-0.0101495675564367,0.00477125021591193,-0.00861551720479509,0.00251081443495121,304,8
"232","2007","FRed",-0.00023551098721954,0.00156661064970892,-0.00472435292253641,0.00474396368082283,-0.00337618206975111,0.00304413639202154,-0.00270908927532743,0.00238088927958995,-0.00204083988412442,0.00162026342059196,304,8
"233","2008","FRic",0.010304278529942,0.00852191187005894,-0.0168811986347905,0.0351338481905576,-0.00863726044166604,0.0270975212074615,-0.00447630565465785,0.0233696931589156,4.9829042249419e-06,0.0197811044404014,302,8
"234","2008","E10",-0.00059082457786602,0.00370721133049962,-0.0115209147819078,0.0111190112390945,-0.00779517263278299,0.00728328302229844,-0.00624355458348222,0.00576163121563938,-0.00481190710219957,0.00398345639388369,302,8
"235","2008","abundance",0.0063090768278482,0.0108126836175538,-0.0259994923225356,0.0401588224048828,-0.016660004979173,0.0281356057197382,-0.0114165848872662,0.0232469546881165,-0.00656559665925356,0.0191905668905262,302,8
"236","2008","spp_richness",-0.127564393413675,0.295546250637915,-1.1016761242485,0.601243596263885,-0.816361977147965,0.378388557287388,-0.655963098558309,0.286017551010118,-0.496965403763773,0.19512264505823,302,8
"237","2008","SppRich_nativeSpp",-0.297426060096281,0.304968509979961,-1.15123225515494,0.428850046740712,-1.01622470214999,0.193317157545446,-0.890511054382021,0.0970284876443802,-0.735843104518491,0.0176234221417496,302,8
"238","2008","FEve",-0.00115633004542123,0.00276975544774612,-0.00948447744207884,0.00682321512507275,-0.00694751910617419,0.00436627050454888,-0.00583216919175085,0.00334893031163431,-0.00450551612420115,0.00220769049390405,302,8
"239","2008","F_to",0.00266556368902598,0.0144953202569317,-0.0390959702891069,0.0487218491706544,-0.0245993744281965,0.0334874104286027,-0.0194769436357336,0.02680210489018,-0.0144212618773377,0.0205252838070739,302,8
"240","2008","alien_SppRich",0.000311637299705699,0.00243687393114278,-0.00323325584961037,0.00488166784916033,-0.00291137032481838,0.00466003629032543,-0.00272236114110475,0.00428382241100385,-0.00242652528196502,0.00391460225715954,302,8
"241","2008","FRed",-0.000317599911680185,0.00121183452708444,-0.00376981347723727,0.00367759636318608,-0.0027563350624613,0.0021390883205374,-0.00227927704511308,0.00154536715416252,-0.00179577174114609,0.0010705504548488,302,8
"242","2008","turnover",-0.00175481296697551,0.00533530025667972,-0.0172286805190145,0.0143851882006878,-0.0127186758536762,0.00891625857811672,-0.0106648900619534,0.00671029345252976,-0.00838849782470851,0.00465811978842702,302,8
"243","2009","FRic",0.00568780148878045,0.0103379767769251,-0.0270987955826291,0.035519151801785,-0.0202078342793139,0.0245449411036321,-0.0127630413590825,0.0212487029738343,-0.00652737657272997,0.0171069173414918,303,8
"244","2009","spp_richness",-0.042406954659977,0.283080885785298,-0.936813586659119,0.754964172109682,-0.694800574002977,0.446325446402378,-0.552317704948314,0.356911771412712,-0.403154715477224,0.272144126469678,303,8
"245","2009","E10",-0.00139749753471377,0.00352981474591982,-0.0106019655279262,0.0148726142515673,-0.007333421115605,0.00695477961589636,-0.00607248613197139,0.00460667379027468,-0.00502009591039102,0.00267293983338494,303,8
"246","2009","F_to",-0.0020849764054722,0.010257461214974,-0.0271767795471296,0.03038737421795,-0.0208424135222774,0.0214929739243074,-0.0175906265898679,0.0160705637137966,-0.0138933020921654,0.0107851974157298,303,8
"247","2009","abundance",0.00082387944650281,0.0105183992350564,-0.0271800864123563,0.0495686375059315,-0.0191536359075243,0.0222201854322812,-0.015053751705169,0.0173164893041778,-0.0109212894526802,0.0127044409476682,303,8
"248","2009","alien_SppRich",-0.000364957161427765,0.001109431153537,-0.00305388925984917,0.00149178496445981,-0.00276566800603084,0.0012822199600108,-0.00260319352470879,0.00118493421972262,-0.00174316208199971,0.00100090379382001,303,8
"249","2009","SppRich_nativeSpp",-0.117428790660878,0.426908937707199,-1.54985199270932,1.22306801749385,-1.09242509059021,0.760705952733013,-0.843057429750457,0.54530954403386,-0.603091442080833,0.327859951487802,303,8
"250","2009","turnover",-0.00136968123434891,0.00447787972204007,-0.016312318520444,0.0134057416765908,-0.0106952089013293,0.0079379048268529,-0.0085232256252621,0.00580521552357015,-0.00639708939520174,0.00371546082907085,303,8
"251","2009","FEve",-0.000813531149588661,0.00309805033895476,-0.00986491646534042,0.00894758639681399,-0.00711678701681523,0.00571750850049855,-0.00582014413997487,0.00438011997047074,-0.0043625573074934,0.00298315877925788,303,8
"252","2009","FRed",-0.000217278004537502,0.00138352637040093,-0.00445186700493881,0.0045912278029043,-0.00290576087085221,0.00272127029784249,-0.00231766886039396,0.00201788644801946,-0.00176108568125448,0.00135551674036771,303,8
"253","2010","spp_richness",0.0306071512336905,0.241882642579796,-0.80389452748027,0.708576283577514,-0.475457035349486,0.484667023336749,-0.375993115349161,0.394219533625232,-0.268448038915542,0.313171373228966,299,8
"254","2010","abundance",-0.0033327534901541,0.0110735440668739,-0.0378769535658846,0.0377328798940901,-0.0238322431119206,0.0211362316730326,-0.0191034065776241,0.0148687788808376,-0.0152134847723514,0.00965688341995263,299,8
"255","2010","FEve",-0.00200981930688436,0.00580779973450207,-0.0194096647184007,0.0154974974817928,-0.0138101985236011,0.0103354631469138,-0.0113286775005775,0.00737284924408616,-0.0091347592241755,0.00491164481348836,299,8
"256","2010","alien_SppRich",-0.000223013616700384,0.00207467954667037,-0.00295915251437879,0.0034956362713698,-0.00284916381214455,0.00337094015090691,-0.00270961978279077,0.00328414100103221,-0.00241832910450635,0.0031269208621424,299,8
"257","2010","F_to",0.00260714186297891,0.0105128060530282,-0.0284002763746948,0.0351669764494294,-0.0188573493859577,0.0250740256047357,-0.0136746888284612,0.0201560593303247,-0.00939320101420074,0.0149961187929659,299,8
"258","2010","FRic",0.00275103518265394,0.0115816057239477,-0.0423182577348438,0.033795582249485,-0.0241776764543675,0.0237878955378187,-0.0165822204195339,0.0193595303432839,-0.0107764414184322,0.0150445061767125,299,8
"259","2010","FRed",-0.000247640089683223,0.00169439982563687,-0.00562474045183852,0.00454761199794316,-0.00393403805602792,0.00309686196539831,-0.00307626184425653,0.00234531323285963,-0.00226697628792381,0.00168888866591368,299,8
"260","2010","E10",2.53868783002023e-07,0.00369461739646708,-0.00999830848136782,0.0123935954002764,-0.00689037996608615,0.00820682935232117,-0.00555465302631909,0.0062570680750881,-0.00427335066539273,0.0044480148501265,299,8
"261","2010","turnover",-0.00183594909352103,0.00534512187825853,-0.022287354079916,0.0134322530770652,-0.0132279036059272,0.00805828221781252,-0.0105460677264713,0.00619441820529324,-0.00806070467768163,0.00413164740817662,299,8
"262","2011","spp_richness",0.0574652955952774,0.338145122466629,-0.999411306129912,0.952527391122374,-0.691062750986993,0.68469423093664,-0.527623503489946,0.575503781477214,-0.365488634664092,0.452988348023981,289,7
"263","2011","FEve",0.00175135391980529,0.00715934837418625,-0.02109029223231,0.0240972085715364,-0.0131876446116075,0.0163973929306868,-0.00984010796297182,0.0132257827830332,-0.00681544498706755,0.00997736472603266,289,7
"264","2011","alien_SppRich",-0.000669651105306035,0.00160927187335759,-0.00382984217662395,0.00191159312119512,-0.00349070923041938,0.00159986266246768,-0.00327712172310132,0.00143659856484974,-0.00309388061774567,0.00118186520262327,289,7
"265","2011","abundance",-0.0119277272112928,0.0153380514620457,-0.0677846454320219,0.0343404030673418,-0.0423502867864743,0.0191688975906901,-0.0348862549429908,0.0130662233204182,-0.0285956288398058,0.00585414674692999,289,7
"266","2011","E10",0.000840261725193732,0.00416947924172223,-0.0117090497705285,0.0145180785163086,-0.0076577535974361,0.00944715341323789,-0.00593514123865245,0.00748264698890979,-0.0040004406877108,0.00568273899826608,289,7
"267","2011","FRic",0.00888100812047695,0.0129770936930051,-0.0277209389868602,0.0572064445078099,-0.0171192951052094,0.0343619820995899,-0.0117706246349034,0.0287330699138372,-0.00577676572628649,0.0229659229264764,289,7
"268","2011","FRed",-0.00190989540336918,0.002050235872419,-0.00917906911507717,0.00405913057063336,-0.00596403783725796,0.00210944055126751,-0.00514356262001022,0.00131314498428372,-0.00424704971351609,0.000457257182540985,289,7
"269","2011","F_to",0.00549023251324513,0.0119404414550709,-0.0310295442548772,0.0412000605580638,-0.0200018316906358,0.0301364823846617,-0.0140507660524451,0.0246465228309953,-0.00880277388319467,0.0195026675249288,289,7
"270","2011","turnover",-0.00116651356813018,0.0067761774405897,-0.0218583563901112,0.0204088418394871,-0.0157496835584454,0.0120748759277572,-0.0125689742424241,0.00903353354059823,-0.009284951490886,0.0064115775605775,289,7
"271","2012","FEve",0.00453374757328345,0.00532669669983492,-0.0110767202592203,0.0210963276488841,-0.00583778701482526,0.0159157702974057,-0.00403902890691861,0.0135478415662206,-0.00169877480309318,0.0110885256708666,264,7
"272","2012","turnover",-0.00163868222719092,0.0103940395147659,-0.0317166819227373,0.0328025244599337,-0.023046976423162,0.0185099347046813,-0.0181207143734832,0.0135749559722834,-0.0134764557984181,0.00937545974794509,264,7
"273","2012","FRed",-0.00214970501704526,0.00249791977415823,-0.0100823316062724,0.00546840576543647,-0.00736381050965458,0.00273243440043384,-0.00622839839591375,0.00167397907860648,-0.00509543951427437,0.000693695326492808,264,7
"274","2012","alien_SppRich",-0.000997526821342681,0.00150038756277824,-0.00333714557752297,0.00349571973265751,-0.00312946873955387,0.0031156338729547,-0.00293037573546837,0.00182374811100663,-0.00266471238428265,0.000831992367398749,264,7
"275","2012","F_to",0.00377671333093656,0.0151313992714259,-0.0412113964904282,0.0590526905593815,-0.0266401928583827,0.0354383251054342,-0.0197800202341331,0.027241171716569,-0.0135304679739443,0.0205481132238726,264,7
"276","2012","E10",0.000359434777164747,0.00587452359960432,-0.0173742874956003,0.0225113664333976,-0.0115648454256786,0.0125814714283653,-0.00880442147933087,0.00950636413872702,-0.00638910944632244,0.00671932691882788,264,7
"277","2012","FRic",0.0135974385141728,0.0178403236647371,-0.0486783287414148,0.0701726070876109,-0.0215911636316641,0.0521026479586796,-0.0143234575856388,0.0437936311669478,-0.00593410077564895,0.0346378614072428,264,7
"278","2012","abundance",-0.0150804173361763,0.0194115990366297,-0.0793583984798371,0.0438415634289733,-0.0550260074773678,0.0243347860758925,-0.0455011601121343,0.0164794047265957,-0.0367883906962564,0.00813330764542475,264,7
"279","2012","spp_richness",0.0703419387863524,0.376660550245494,-1.01027205918482,1.12907057994145,-0.729612709438886,0.817137022559066,-0.566893812128857,0.661930744899836,-0.419488090151547,0.510019142500013,264,7
"280","2013","E10",0.00241971064296382,0.0148712868708021,-0.0554220343776626,0.0440659368334618,-0.0342826878485936,0.0252742511505757,-0.0235599557161985,0.0205285961287215,-0.0140611910003994,0.0161993967221249,138,7
"281","2013","spp_richness",-0.0115449615840786,0.428627536795499,-1.1930762899768,1.44342442982597,-0.801160283388069,0.945654843806896,-0.656943461237057,0.709036268269837,-0.502387479702719,0.50897433409613,138,7
"282","2013","turnover",-0.000644218395624619,0.0199738806608843,-0.0619934462021671,0.0594940401546206,-0.0422284137479928,0.0392611275630049,-0.0324192656841273,0.0300381586438874,-0.0247167744672219,0.0220499824989137,138,7
"283","2013","FEve",0.00514806116148127,0.00810986506396856,-0.022986696183553,0.0307524650560608,-0.0121376785207441,0.0215180394796864,-0.00772128233031554,0.0177178701276322,-0.00404213761805994,0.0141208935435967,138,7
"284","2013","alien_SppRich",-0.000135459538490657,0.00290597893863697,-0.0050757657989669,0.00613613340916708,-0.0046894156006544,0.00559525953592705,-0.00400253402215745,0.00515303868289855,-0.00334762883156798,0.0042040157450668,138,7
"285","2013","F_to",-0.0095687586634057,0.0255810151952023,-0.0863665611666231,0.0636622800718926,-0.0651312904026621,0.0410072490330228,-0.05314823990498,0.0301765703841873,-0.0414597836452829,0.0202146681592042,138,7
"286","2013","abundance",-0.00792314243802886,0.039797357018945,-0.0887403781418481,0.166423262898665,-0.062721351465827,0.137253999091928,-0.052493620966954,0.0563961172684791,-0.0428184924566692,0.0291015411528659,138,7
"287","2013","FRed",-0.00752310591274197,0.0056315620013029,-0.0272823521741709,0.0114045466788652,-0.0212187711801802,0.00226974738841807,-0.0173809567586269,2.60622681027695e-05,-0.0139652052460961,-0.00183245411734109,138,7
"288","2013","FRic",0.0474534890309811,0.070349322139658,-0.0717878114105216,0.229609074372779,-0.0376344242327302,0.222354368408172,-0.0256340205964101,0.218227545352137,-0.0138186423314956,0.205069907522364,138,7
"289","2014","FEve",0.0013701929066185,0.0140387750541586,-0.0423065193977777,0.0472351855071731,-0.0263443244057352,0.0306039805398762,-0.0200329313062298,0.0239743439032293,-0.0148476671598085,0.0178530418344063,72,7
"290","2014","F_to",-0.0162513399462711,0.034161648336587,-0.11197280410521,0.0961014197871024,-0.0826176565258279,0.0550610083076375,-0.0693707789160004,0.0402151540422931,-0.0561520878183504,0.025671423527002,72,7
"291","2014","E10",0.00452283947117642,0.0187799978481706,-0.0587719307914177,0.0644804845665422,-0.0358020781482888,0.043026768551675,-0.0262608896942474,0.0346469596558637,-0.0175771430034125,0.0254352362035544,72,7
"292","2014","spp_richness",-0.359615875628983,0.43844103809328,-1.61575708107296,1.15682789844188,-1.17383473174408,0.596504752012447,-1.01060934047907,0.399342005498704,-0.84507242268489,0.168414727147248,72,7
"293","2014","alien_SppRich",-0.00328129357856627,0.00343723912973963,-0.00983313279704755,0.0022481092777516,-0.00944532101492344,0.00196540516492707,-0.00912194313166272,0.00152057458024531,-0.00861059045232261,0.00121216426398137,72,7
"294","2014","FRic",0.0212349901750652,0.0425032334282405,-0.0960683420732262,0.174894146801858,-0.0544298857861578,0.113758511008325,-0.0405550271669106,0.0943480539305857,-0.026790239295634,0.0736386182017967,72,7
"295","2014","abundance",-0.0103940183427812,0.0382237075544627,-0.125888421803518,0.112576690370986,-0.0900129194276906,0.0667513588202054,-0.0720759978168053,0.0506625611305286,-0.0561426663149322,0.0346594970702146,72,7
"296","2014","FRed",-0.00560338103196183,0.00705219891494472,-0.0274980802454418,0.0168433224897262,-0.0205610422798745,0.00878829245400069,-0.0172770072647281,0.0052183347586823,-0.0138430280838341,0.00226287389925058,72,7
"297","2014","turnover",-0.000792813227877203,0.0313877713459038,-0.0950304678675222,0.116857951770413,-0.0646830983362979,0.0649181010140367,-0.0505700826992518,0.0480108471255952,-0.0363181475795492,0.0340323395542919,72,7
