"","drivers","Response","Estimate","Est.Error","Q0.5","Q99.5","Q2.5","Q97.5","Q5","Q95","Q10","Q90"
"1","Intercept","spp_richness",0.238854559447735,0.125656114023993,-0.079026715446014,0.647355783097464,0.0049709735325288,0.492454339038429,0.0433193913334967,0.441621240313254,0.085565496536901,0.389742747471997
"2","sppt_Est","spp_richness",-0.0013837920449356,0.0175071520986377,-0.0464132913934843,0.0426381862751381,-0.0356394785863512,0.0325890988879102,-0.0301787628538919,0.0271278759954266,-0.0239248888520303,0.0210584288477731
"3","stmax_Est","spp_richness",0.0353795320426167,0.0180948268200783,-0.0106302615985832,0.0815771412682666,0.000184981259779359,0.0710449492176248,0.00550552307246836,0.0651892214793743,0.0123876972869936,0.0591650973697184
"4","sppt_mm_12moPrior","spp_richness",-0.00905224323811609,0.0299977324161462,-0.0874697029167795,0.0701433475949897,-0.0688728176436166,0.049588862919258,-0.0587154647442589,0.040054452758411,-0.0471704324755612,0.0292944962980899
"5","stmax_C_12moPrior","spp_richness",0.0454509515861212,0.0410976281424157,-0.0607050555442648,0.15421447452868,-0.034481446147827,0.126154707653344,-0.0220890823601058,0.113329565126888,-0.00668184743017455,0.0978785344313461
"6","sstrahler_streamOrder","spp_richness",0.0203445769919973,0.0166086208785791,-0.0231432146884675,0.0634802520639875,-0.0118861242096899,0.0534467879311712,-0.00667886558255106,0.0477286399015061,-0.000569092354563725,0.0415753220039922
"7","saccumulation_atPoint","spp_richness",-0.0300192300460418,0.0152995749976188,-0.0697078139544115,0.00873630425867966,-0.0598600188628318,-0.000365693926237458,-0.0553139844233273,-0.00502161738557429,-0.0498068073014239,-0.0105425246872969
"8","selevation_atPoint","spp_richness",-0.00816711027665896,0.0248905665305028,-0.0735624376082518,0.0547630768926601,-0.0557930284806738,0.0418790038329819,-0.0490859197153879,0.0329684464735244,-0.0402622769195106,0.0232964110856727
"9","sslope_mean","spp_richness",0.0164637168162014,0.0194937611440318,-0.0330449368055501,0.065988699515327,-0.0224534564444319,0.0544963561889099,-0.0155982173386214,0.0481297340207413,-0.00845130098841022,0.041247134720864
"10","surban_meanPerc_upstr","spp_richness",-0.00918240659168562,0.0152800979450675,-0.0483215285918593,0.0301775204254097,-0.0397104796988941,0.0206243637694409,-0.0341017398486697,0.0158274738132631,-0.0283913871447378,0.0104169517278905
"11","scrop_meanPerc_upstr","spp_richness",-0.0342784502650497,0.0213677397005167,-0.0889843916322864,0.0196737936302228,-0.0759190107947194,0.00776887301766696,-0.0698966241461523,0.00136977370057821,-0.061728807685488,-0.00699249530108368
"12","sdam_impact_score_lessthan100km","spp_richness",-0.0295144600636567,0.0144461084338304,-0.0672545725082791,0.00811645529002334,-0.058110395214323,-0.00155912341146939,-0.0535414118548859,-0.00580893671240107,-0.0481124286847346,-0.0110094740683852
"13","Intercept","spp_richness_rarefied",0.0572357545570292,0.0860420864322705,-0.191682090815212,0.303078111857753,-0.119219064301168,0.22922886976334,-0.0821097499162324,0.195993396029354,-0.0467979322668333,0.163016453985038
"14","sppt_Est","spp_richness_rarefied",-0.0382979146115213,0.0132829542609462,-0.071503027082763,-0.00559638396402869,-0.0638528981345867,-0.0123529235398423,-0.0599401346325884,-0.0165017947722361,-0.0553366413865083,-0.0211044775313503
"15","stmax_Est","spp_richness_rarefied",0.0464333289788805,0.0139803160193997,0.010374259527777,0.0825160800744569,0.0192804260285885,0.0736640113565403,0.0239454278088573,0.0690607053960158,0.0284814800864141,0.0643461202601874
"16","sppt_mm_12moPrior","spp_richness_rarefied",-0.0122582697259091,0.0225540704505571,-0.0709372589185866,0.0440621496108642,-0.0567107172696746,0.031308855744234,-0.0490631953046305,0.0249047479486217,-0.0410387377703557,0.0171589749597514
"17","stmax_C_12moPrior","spp_richness_rarefied",0.00483013558169275,0.0302567331138689,-0.0744015672373417,0.0837849934056955,-0.0539647098700346,0.0641264354082683,-0.0445249009531006,0.0539856354368167,-0.0334249607710451,0.0433884932309403
"18","sstrahler_streamOrder","spp_richness_rarefied",0.0130581569859784,0.0125405716215862,-0.0182998310793105,0.0458969281582039,-0.0109841857335199,0.0376183870737318,-0.00718004748852889,0.0336350211010737,-0.00306582745901587,0.0291123802210991
"19","saccumulation_atPoint","spp_richness_rarefied",-0.0110746268292263,0.0116441554276161,-0.0412770888693459,0.0192330244760816,-0.0336804965716081,0.0119827411622033,-0.0302282077702648,0.00813762877652563,-0.026015780341369,0.00377391701514763
"20","selevation_atPoint","spp_richness_rarefied",-0.0194465032172079,0.0185187504473287,-0.0681591160933135,0.0284695801382423,-0.0558378704709322,0.0171016014321339,-0.0503926571540439,0.011381076323982,-0.0429495624274487,0.00460810784413232
"21","sslope_mean","spp_richness_rarefied",-0.00128784287348373,0.0147189467476119,-0.0389941539718876,0.0373973981065199,-0.0301776832634789,0.0281793908767304,-0.0253751818057289,0.0229019335044319,-0.0200921692580259,0.0174007376955485
"22","surban_meanPerc_upstr","spp_richness_rarefied",-0.0029640197174772,0.0116176665592417,-0.0331274623721262,0.0261893178062251,-0.0256655185686278,0.0196272137569609,-0.0220215299373556,0.016222069414044,-0.0178192538811575,0.0118483863369911
"23","scrop_meanPerc_upstr","spp_richness_rarefied",-0.0560803699987734,0.0161876428120484,-0.0969896601595257,-0.0132184126110981,-0.0876971089411464,-0.0245832224300396,-0.0826722435013469,-0.0295715395210278,-0.0768530342547574,-0.0353377883372871
"24","sdam_impact_score_lessthan100km","spp_richness_rarefied",0.011116757975596,0.0112107338195627,-0.0179661459133794,0.0404815413416898,-0.0109527547271128,0.0335668298057432,-0.00715531848540278,0.0296304290425465,-0.00307817123510976,0.025444920089211
"25","Intercept","shannonsH",-0.00301912650746082,0.00666285867779042,-0.0231479297211735,0.0129715954117257,-0.0179611511052664,0.00880842682481423,-0.0148467238485413,0.00694492272157322,-0.0116423407622174,0.00495958909562483
"26","sppt_Est","shannonsH",-0.00285260010058438,0.00131765970561183,-0.00616355418094157,0.000554958061214298,-0.00544615349390928,-0.000229729216334564,-0.00503739389553785,-0.000680165084583476,-0.00452977766883517,-0.00115842032499613
"27","stmax_Est","shannonsH",0.00285520200137494,0.00132759831002026,-0.000515280833044366,0.00623724904516594,0.000207130400067473,0.00538961594491031,0.000654004202121294,0.00500489693247655,0.00114882912028531,0.0045506562862959
"28","sppt_mm_12moPrior","shannonsH",-0.000155040495339162,0.00212773078281736,-0.00550025207794023,0.00525669410503182,-0.00430883118729385,0.00404068622590459,-0.00366920311676886,0.00333787136907849,-0.00289376664097381,0.00256842955463183
"29","stmax_C_12moPrior","shannonsH",0.00287177932001034,0.00275996419345146,-0.00428995754901929,0.00993162475426623,-0.00260481104467503,0.00839985015614766,-0.00170112295437842,0.00745271604581655,-0.000583050301136097,0.00636815298187815
"30","sstrahler_streamOrder","shannonsH",0.000581402271743668,0.00124433994862338,-0.00259170574629635,0.00392031776312277,-0.00180634571014127,0.00305242022718742,-0.0014330660454135,0.00261671331531622,-0.00100296795015948,0.0021858834771595
"31","saccumulation_atPoint","shannonsH",-0.000435336341181612,0.00117442315914452,-0.00347214538492317,0.00263115916290943,-0.00270434477637342,0.0018641865620544,-0.00235007145029472,0.00144953438627353,-0.00194847098465024,0.00106796619505122
"32","selevation_atPoint","shannonsH",-7.62903693706876e-05,0.00178889969132696,-0.0045966608063784,0.00459289509313118,-0.00353423399822644,0.00346670454732804,-0.00298192483427205,0.00287962533993166,-0.0023533198609096,0.00222840992400577
"33","sslope_mean","shannonsH",0.00107458818491551,0.00147130963764035,-0.00252558988273976,0.00485447352255003,-0.00182008660575821,0.00399142626562561,-0.00137431749493608,0.00350559854773861,-0.000836049354697913,0.00297476744363148
"34","surban_meanPerc_upstr","shannonsH",0.000590301645656197,0.00117652624021944,-0.00241692564816442,0.00364326454545507,-0.00170092008318272,0.00287834773131744,-0.00134955040027459,0.00251748776242901,-0.000916598696672136,0.00210663095958
"35","scrop_meanPerc_upstr","shannonsH",-0.00603826530235181,0.00161282265882983,-0.0101816860998179,-0.00191591144234741,-0.00919427259892973,-0.00285030372684708,-0.008672784655606,-0.00340065779471358,-0.0081039019435278,-0.00397457949704604
"36","sdam_impact_score_lessthan100km","shannonsH",0.00131097401354461,0.00110798713266456,-0.0015623342844792,0.00421811384469039,-0.000877290104997713,0.00351106710699028,-0.000517810924112311,0.00317435120650689,-9.44695818133061e-05,0.00273482847271782
"37","Intercept","E10",-0.00360611006431812,0.00118528528639344,-0.00732286370525926,-0.000583727510147739,-0.0059730433285938,-0.00138053263932425,-0.00550751152235915,-0.00177636221245666,-0.00506234052108928,-0.0021825768959615
"38","sppt_Est","E10",-0.000384174164481505,0.00037157352556406,-0.0013507117123087,0.000554058845010991,-0.0011119374765276,0.000342994369388196,-0.000994735912070987,0.000218809816003193,-0.000859156841696631,9.34542200559132e-05
"39","stmax_Est","E10",-0.000143516169621326,0.000374138612547397,-0.00112071534458412,0.000831998173481379,-0.000880016410983745,0.000589213648395649,-0.000762878422447774,0.000468860373699365,-0.000620022077188524,0.000334595178308334
"40","sppt_mm_12moPrior","E10",0.000111879895159558,0.000586014478594491,-0.00144545146863591,0.00161644764438956,-0.00105479850972829,0.0012415243714166,-0.000866769452420991,0.00106447091981482,-0.00063446926539265,0.000852364935729965
"41","stmax_C_12moPrior","E10",-0.000258738540002409,0.00068227631659004,-0.00209442699778015,0.00145901163362618,-0.00164432455085653,0.00107139834360449,-0.0013919918716351,0.000853778701560204,-0.00113213217003693,0.000599650152177496
"42","sstrahler_streamOrder","E10",-0.000213091433525847,0.000361928551591494,-0.00114532750129173,0.000707938340179848,-0.000933268407910578,0.000488023841877356,-0.000812204272975798,0.000376889067021927,-0.000679007087236244,0.000248155981321634
"43","saccumulation_atPoint","E10",0.000157762239008843,0.000336717579400875,-0.000694939448484198,0.00104024006010498,-0.00049284399568108,0.000827800943302298,-0.000391482160783041,0.000707878918015197,-0.000277967529163891,0.000584825909397812
"44","selevation_atPoint","E10",0.000382745579120027,0.000469439743960244,-0.000879215293954017,0.00159087872085722,-0.000535783067416014,0.00130783351153063,-0.000386646878472117,0.00115301764885301,-0.000214812376426743,0.000981999304892899
"45","sslope_mean","E10",-9.83199576976636e-05,0.000416017301708893,-0.00117232544478989,0.000967030455437176,-0.000927984362545557,0.000720375153532658,-0.000784952812940352,0.000587371047725323,-0.000631304754363476,0.000430095492919394
"46","surban_meanPerc_upstr","E10",0.000377756052431137,0.000333043391347425,-0.000487695156021957,0.00119853394984251,-0.000279259598283394,0.00101572373110342,-0.000169731727716403,0.000920641788246193,-5.35223053959431e-05,0.000801952107962705
"47","scrop_meanPerc_upstr","E10",-0.00076032403651378,0.000459211962706651,-0.00191546496723631,0.000459644211105036,-0.00164699183685167,0.000144673659143269,-0.00150557967222125,-3.01337516693112e-06,-0.00134451119697738,-0.000167549848080798
"48","sdam_impact_score_lessthan100km","E10",0.00053946637972548,0.000319256091834789,-0.000284757391990483,0.00136352133498516,-8.69701478316198e-05,0.00116362671820863,2.3847672991506e-05,0.00107799914258413,0.000135497095395862,0.000956062356772583
"49","Intercept","abundance",0.013627762051607,0.00500048598865938,0.00097069133824715,0.0277972878609509,0.00399434299861211,0.0237931498852858,0.00569233796373894,0.0220381654198767,0.00743569720304327,0.0200454173140079
"50","sppt_Est","abundance",0.00232072450732015,0.00122921524150529,-0.000808546969290458,0.00546133769495604,-0.00011975186090813,0.00473351476812087,0.000300821436019565,0.00433121486985921,0.000738699316141032,0.00391869320331364
"51","stmax_Est","abundance",-5.64159876465869e-05,0.00125327309545239,-0.00331257928463088,0.00320841235791365,-0.00253572023707281,0.0023921709561463,-0.00213481598130497,0.00200749893151056,-0.00165365173428804,0.00154922624525368
"52","sppt_mm_12moPrior","abundance",-3.52501580611902e-05,0.00203026817594153,-0.0051910646074262,0.00518926644006591,-0.00396043475533135,0.00401126636446502,-0.00337351646894285,0.00337750744257392,-0.00262524584411765,0.00256999133922491
"53","stmax_C_12moPrior","abundance",0.00281728285413526,0.00248075286499422,-0.00338167618564507,0.0093002404534236,-0.00198539228035488,0.00781100053235787,-0.00116958346172875,0.00701605828167259,-0.000287753449263805,0.00606541502422723
"54","sstrahler_streamOrder","abundance",-0.000712356730214726,0.00116374015156502,-0.00370491563391262,0.0023009302130834,-0.00299927474210136,0.00155547157158608,-0.00266451217422543,0.00117509495658444,-0.00222294763825092,0.000787496954757385
"55","saccumulation_atPoint","abundance",-2.10250453204393e-05,0.0010610444482844,-0.00277097189894879,0.0026451352409377,-0.00213192413376387,0.0020425907198485,-0.00179683320352242,0.00171628243273736,-0.00137746242701236,0.00134743987825657
"56","selevation_atPoint","abundance",0.000588772645536412,0.00161591840711051,-0.00349952079683989,0.00474743355379993,-0.00254532196885663,0.00370817885961809,-0.00207107623528187,0.00327965606029068,-0.00150386469683464,0.00267071843278661
"57","sslope_mean","abundance",-0.0013320063638911,0.00137223196017494,-0.00487571226204191,0.00230470168396048,-0.00403102191720188,0.0013837235080568,-0.00357006809760241,0.000927417069493274,-0.00311351332472288,0.000406892290909737
"58","surban_meanPerc_upstr","abundance",-0.000367412777555195,0.00109175080919573,-0.00319984045427232,0.00243987775317368,-0.00252146499605919,0.00172768732334081,-0.00215477734446223,0.00141658254012159,-0.00175742902568545,0.00102835547357616
"59","scrop_meanPerc_upstr","abundance",0.00207078002276386,0.00149126155594734,-0.0017566805693275,0.0057581388495789,-0.000893389683597121,0.00500088213583869,-0.000389499115811172,0.00452149417240652,0.000162240113315888,0.00400174809020784
"60","sdam_impact_score_lessthan100km","abundance",-0.000882762868590175,0.00104391246415409,-0.00351700685238292,0.00178302335134385,-0.00292585754988018,0.00114174697199073,-0.00260310297782958,0.000820137167442768,-0.00224218037426819,0.000459427413705121
"61","Intercept","turnover",-0.00130941883044123,0.00173239217490773,-0.0060204041589012,0.00324783890323387,-0.00481044932452913,0.0020295235268268,-0.00421808551717302,0.00148580865378612,-0.00352015078482774,0.00085315025758084
"62","sppt_Est","turnover",-0.000698090920323834,0.000405871563146352,-0.00172828585650014,0.000360985025130432,-0.00149526483269941,0.000104458675301873,-0.00135951150619093,-3.00632961119791e-05,-0.00121774389339662,-0.000177994437213853
"63","stmax_Est","turnover",-0.000209492084496916,0.00040927808125788,-0.00124864327402587,0.000822684909498446,-0.00100788995676819,0.000585040391440629,-0.000885692506091421,0.000468441481979075,-0.000734861430055656,0.000315923155985984
"64","sppt_mm_12moPrior","turnover",-0.000403149804152955,0.000690608209974488,-0.00218763009485569,0.00134263542880208,-0.0017653639513115,0.000961502764879911,-0.00154981354280202,0.00072533455811502,-0.00129542877132995,0.000474047051709054
"65","stmax_C_12moPrior","turnover",-0.00163356120443083,0.000904999465772687,-0.00409145491276414,0.000576945013068937,-0.0034258836151307,9.87459373246246e-05,-0.00314991056008984,-0.000171823747251656,-0.00280258491729686,-0.000475904593195989
"66","sstrahler_streamOrder","turnover",6.81504877650133e-05,0.000385142444654121,-0.000927568555453324,0.0010408510464098,-0.000692943674934839,0.000826599927077561,-0.000565774095394389,0.000712640421509532,-0.000421239280724506,0.000568489577943585
"67","saccumulation_atPoint","turnover",0.00057709377865389,0.00036304514407752,-0.000349566259242109,0.00151157384769199,-0.000140532726090735,0.00128863823204337,-1.765861235294e-05,0.00116716810092858,0.000114981430412552,0.0010441952442566
"68","selevation_atPoint","turnover",-0.00025243059506376,0.000566625031871295,-0.00173619544144511,0.00116790685007339,-0.00139181171282906,0.000830782238216834,-0.00118504392031819,0.000673344201387736,-0.00097818455539292,0.000472750406876443
"69","sslope_mean","turnover",0.000164470352863931,0.000452807236364637,-0.0010349195753432,0.00134380258576763,-0.000725127813762089,0.00103044405820189,-0.000586404441226062,0.000890006274502732,-0.000413206972194735,0.000754927115823289
"70","surban_meanPerc_upstr","turnover",0.000161099921598225,0.000359047740097764,-0.000771628662694224,0.00110814057142706,-0.000532513999584983,0.000860226533499067,-0.000420660335541357,0.000749514386395497,-0.000299776200637709,0.000619050439643525
"71","scrop_meanPerc_upstr","turnover",-0.000585545159470203,0.000506762975254458,-0.00187027472116087,0.000720665138120222,-0.00158449651562541,0.000412002302400905,-0.00142179811359112,0.000250362201811317,-0.00123613176593184,6.4991692432161e-05
"72","sdam_impact_score_lessthan100km","turnover",-0.00010686980257094,0.000345452985956114,-0.000969451148899802,0.000768476539167548,-0.000785055464657792,0.000553983840859624,-0.000673062546109261,0.000456135323209386,-0.000551421300126091,0.0003367017028117
"73","Intercept","func_turnover",-0.0175011645062447,0.00914070493984929,-0.0432119464682055,0.00863863098665121,-0.0351529080203662,0.000420747015190164,-0.0321713943095995,-0.00249589462172259,-0.028796743236313,-0.00617170233265619
"74","sppt_Est","func_turnover",0.00258773119727715,0.00192435399031775,-0.00227471376612534,0.00733131568513638,-0.00109448284012403,0.00634597293402572,-0.000584730484511194,0.005742953444079,0.000106440640748682,0.00506240251176995
"75","stmax_Est","func_turnover",0.000316617085626047,0.00200262586011326,-0.00484944349526851,0.00530886589312649,-0.00363271913946006,0.00420186791984341,-0.00301154883493533,0.00360265092479665,-0.00223735924605809,0.00285421923174233
"76","sppt_mm_12moPrior","func_turnover",-0.00251803973073207,0.003211802081015,-0.0107892908987235,0.00577204925865937,-0.00879924253188267,0.00380072929356289,-0.00771402173347244,0.00277604929026716,-0.00660138949386753,0.00159889247209069
"77","stmax_C_12moPrior","func_turnover",-0.00507601285052552,0.00407013491956295,-0.0154516751562436,0.00555050006330252,-0.0130663956228025,0.00295291177014694,-0.0118350328320768,0.00163072836553203,-0.010348477075129,5.63031824508096e-05
"78","sstrahler_streamOrder","func_turnover",0.00159530649869687,0.00181542756625928,-0.00325758388353131,0.00629631692209865,-0.00194036487172386,0.00515899176344488,-0.00137305072567964,0.00459924603595415,-0.000724043693227833,0.00389730913930512
"79","saccumulation_atPoint","func_turnover",0.00096563617590685,0.00171076753426034,-0.00346317884682093,0.00537712347745656,-0.00238676728167359,0.0043298243535206,-0.00183579558437901,0.00382165630968134,-0.00124313446668792,0.00314519602288776
"80","selevation_atPoint","func_turnover",-0.000364018109099879,0.002618158769408,-0.00725861638899575,0.00645273093605089,-0.00550644045654504,0.00471744980787941,-0.00470621008087047,0.00388861383526238,-0.00372321446104116,0.00296292622803656
"81","sslope_mean","func_turnover",0.00154044087644384,0.00215238622470463,-0.004154120926422,0.00720422620092204,-0.00261566484785782,0.00574655048618625,-0.00199677636182785,0.00504642285283088,-0.00116685528525603,0.00430034794929181
"82","surban_meanPerc_upstr","func_turnover",-7.62769316023834e-05,0.00169424829110269,-0.004596862249282,0.00444304743661798,-0.0034466930914282,0.00323978434811736,-0.00281950254328884,0.0026824735266142,-0.00222780151928344,0.00205882126721544
"83","scrop_meanPerc_upstr","func_turnover",0.00722942509441423,0.00234880883752766,0.00107959625685031,0.0131852218987303,0.00263241090666617,0.0119270156127465,0.00341054752864954,0.0111549250282892,0.00425186313944167,0.0102714441217835
"84","sdam_impact_score_lessthan100km","func_turnover",0.000279988153028892,0.00158604627387043,-0.00386348037971002,0.00436439047854611,-0.00285446878218594,0.00337081455076194,-0.00229052162221205,0.00287441124021014,-0.00174200080342698,0.00229967142022549
"85","Intercept","func_rich",0.0115095244368981,0.00590738607040838,-0.0055266982928269,0.0272020990457474,-0.000524666848248958,0.0230632886284003,0.00184793937881955,0.0209928151758014,0.00406595941034437,0.018734924643976
"86","sppt_Est","func_rich",-0.0015609129230014,0.00131608370858861,-0.00485335457446659,0.00186916401451688,-0.00411349913517147,0.000986787511945808,-0.00368668477096009,0.0006051781227451,-0.00325867899488899,0.000148568787012215
"87","stmax_Est","func_rich",-0.00390947150502739,0.00132685356900795,-0.00730719927296346,-0.000500382857910131,-0.00647895142015667,-0.00129405336196958,-0.00607632358852752,-0.00173113474618111,-0.00559583785531483,-0.00221088178133235
"88","sppt_mm_12moPrior","func_rich",0.000219079060722214,0.00215874143904693,-0.00526546495887509,0.00574999686674614,-0.00398346330417974,0.00448541956219453,-0.00334805281508128,0.00376244776256568,-0.00253651291471317,0.00299692024069682
"89","stmax_C_12moPrior","func_rich",0.00412192049833083,0.00277680720484966,-0.00323930189657721,0.0116049308450359,-0.00131222780155393,0.00957558021836098,-0.000394231318677033,0.00865706612884747,0.000553856427749341,0.00763109872959488
"90","sstrahler_streamOrder","func_rich",0.00220040262679041,0.00125497676614288,-0.00104265822680534,0.00550109868199376,-0.000296746326074146,0.00466074105483335,0.000134960109238557,0.00428318414372436,0.000591181980217926,0.00381271467262113
"91","saccumulation_atPoint","func_rich",-0.00087721273783624,0.00115626570100337,-0.00386546817568544,0.00203497516783708,-0.0031501297882516,0.00141229931333662,-0.00275618343636181,0.00104884505309251,-0.00235094165662793,0.000633641639048871
"92","selevation_atPoint","func_rich",-0.00012876776255343,0.00182509166766956,-0.00462565689616461,0.00488751142794794,-0.00359498458591227,0.00353164047791259,-0.0030574854247683,0.00292261482703968,-0.00243069442051012,0.00222185205290276
"93","sslope_mean","func_rich",0.002441968407831,0.00150474061082255,-0.00147755406501846,0.00636934825102923,-0.000506619895572582,0.00539546522636143,-6.19025803230454e-07,0.00489297873740747,0.000532887251087139,0.00434978353914609
"94","surban_meanPerc_upstr","func_rich",-0.000214895949948258,0.00114928432776658,-0.00321450572259568,0.00270523758527168,-0.00244603399265641,0.00200243582157775,-0.00208083620577528,0.00166490499265981,-0.00169818068238821,0.00127008009701641
"95","scrop_meanPerc_upstr","func_rich",-0.00200861929137136,0.00160008434716134,-0.00613384330552314,0.00198113792369838,-0.00520876801953809,0.00108417548325097,-0.00468394829738828,0.00058250342178504,-0.00407499209469453,2.30754046762423e-05
"96","sdam_impact_score_lessthan100km","func_rich",-0.00107954363410141,0.00109163030752771,-0.00390783113845883,0.00173092546710007,-0.00323153231187075,0.0010182343450107,-0.00287735435996034,0.000704064960382201,-0.00247850377879129,0.000321628029057985
"97","Intercept","func_even",-0.00202554822588341,0.00177502214131699,-0.00687289635076541,0.00272267250597526,-0.00560711798481018,0.00147132167031762,-0.00498950297620387,0.000827614394461316,-0.00427325143649601,0.000152525916351897
"98","sppt_Est","func_even",-0.00010204471364573,0.000275215691266516,-0.000805926747667058,0.000600969626396542,-0.000635783128849424,0.000449922899243503,-0.000551959809450891,0.000358622006357485,-0.000455932214638986,0.000256793984894979
"99","stmax_Est","func_even",-0.000197035274968871,0.00028372555705708,-0.000933819638518003,0.000495081403565593,-0.000750475699326154,0.000361839310229978,-0.000657475572548665,0.000272404153791203,-0.000562201715434506,0.000169535055804759
"100","sppt_mm_12moPrior","func_even",-2.24828172046233e-05,0.000465777254692061,-0.00116438359157101,0.00120648050674002,-0.000929648368335087,0.000874097988241425,-0.000780554063894998,0.000742009492347433,-0.000619586563210019,0.0005709652102608
"101","stmax_C_12moPrior","func_even",-0.00106995872083281,0.000653067363156137,-0.00281021635267742,0.000585658898731133,-0.00237677908905668,0.00020067789319518,-0.00213618589474003,-6.8096055117698e-06,-0.00190162425337506,-0.000233596572914758
"102","sstrahler_streamOrder","func_even",0.000370571760052853,0.000259106688605275,-0.000288901565569687,0.00103569567882478,-0.000146354569115787,0.000876909136590668,-6.54609361944322e-05,0.000795971100919184,3.93634683697954e-05,0.000701305701251669
"103","saccumulation_atPoint","func_even",-0.00028915252733594,0.000242995586417273,-0.000895658040889911,0.000344149003173087,-0.000757711108185616,0.000190297461811569,-0.000688287761902032,0.000108193145674291,-0.000604756424473212,2.55445128044834e-05
"104","selevation_atPoint","func_even",-0.000546425415909504,0.000388245127756276,-0.00154963647704135,0.000454509937322011,-0.00130064878685254,0.000199433159013931,-0.0011868491060032,8.86175781398689e-05,-0.00104865683370352,-4.9448408029142e-05
"105","sslope_mean","func_even",0.000245212701745773,0.000301582701618308,-0.000525326077882461,0.0010295716197136,-0.000350332936593103,0.00084473826681267,-0.000246949006991345,0.000750134910388268,-0.000137903346897722,0.000631459760001728
"106","surban_meanPerc_upstr","func_even",0.000169205967480122,0.000241883328273725,-0.000438834302273807,0.000792837560149547,-0.000309551710072503,0.000643876838619205,-0.000229137400330905,0.000563190544719229,-0.000140596223882229,0.000476772314325911
"107","scrop_meanPerc_upstr","func_even",0.000111691066890558,0.000334670869605896,-0.00075882247187274,0.000990060168481011,-0.000554725344478835,0.000749487876026868,-0.000441514714124095,0.000654556859534022,-0.000315973378435358,0.00053848681538891
"108","sdam_impact_score_lessthan100km","func_even",0.000153208100550394,0.000227729972451115,-0.000427673611422213,0.000741361107709568,-0.000289035125701835,0.000599447088076997,-0.000220254605484328,0.000523714076847508,-0.000138120307436362,0.000440933791290433
"109","Intercept","func_diverg",0.00689585334310541,0.00403188804718387,-0.00482933744362023,0.017453936057105,-0.00166106473368564,0.0147483293032878,0.000104379901709998,0.0133034027000455,0.00188575122205354,0.0117809733926132
"110","sppt_Est","func_diverg",-0.00148915574760627,0.00152719042374046,-0.00542056892540922,0.00243380167014739,-0.00449908770006304,0.00152586764373095,-0.00401545906142062,0.0010482468245943,-0.00345114410825952,0.000469763075079808
"111","stmax_Est","func_diverg",0.00243574423814683,0.00152658597517711,-0.00153705596680595,0.00634331760424344,-0.000560345084886714,0.00546825176313388,-8.02160858995825e-05,0.00497961765989116,0.000459135301486674,0.00438636224933646
"112","sppt_mm_12moPrior","func_diverg",0.00219087457505,0.00227688116704027,-0.00358035976888954,0.00814075894991869,-0.00222809010943847,0.00669101178300399,-0.00153169640917791,0.00599844530275418,-0.000699865752113186,0.00509480086902224
"113","stmax_C_12moPrior","func_diverg",0.00280115400112862,0.00264209127437461,-0.00427546645362278,0.00959375004036024,-0.00252479998673709,0.0079021874027721,-0.00159488199645551,0.00704730524168038,-0.000590804826682729,0.00612994900852661
"114","sstrahler_streamOrder","func_diverg",-0.00081116207077851,0.0015611422688417,-0.00479146272681105,0.00314934824715199,-0.00385595199539643,0.00227405001983347,-0.00339595361807143,0.00176105000626381,-0.00279109957710802,0.00118062824843837
"115","saccumulation_atPoint","func_diverg",-0.00262817329488739,0.00145758853275114,-0.00636180571817122,0.00112391401836542,-0.00552589093834942,0.0001897314458312,-0.00505287045382909,-0.000256550906626727,-0.00449222976778203,-0.000782032425628057
"116","selevation_atPoint","func_diverg",0.00238461363791603,0.00189195371401166,-0.00248393221471889,0.00742631405137604,-0.00133021495760871,0.00612988191070717,-0.000705209152681976,0.00547718635650116,-2.12812181295617e-05,0.00477446041929264
"117","sslope_mean","func_diverg",0.000316707966999725,0.00174048965199915,-0.00421683764391914,0.00479570318480314,-0.00310137331542853,0.00370533623701061,-0.00254430090257565,0.00318915884763853,-0.00189617631823055,0.00256419019648634
"118","surban_meanPerc_upstr","func_diverg",-0.000655017756653369,0.00145294427901523,-0.00435518728807317,0.0030569939113377,-0.0034713913603625,0.00220267209665556,-0.00305545567467018,0.00171944417657044,-0.00253307888725208,0.00122613102707406
"119","scrop_meanPerc_upstr","func_diverg",0.000668267175389676,0.0019014099978607,-0.0040977898512003,0.00553806574961679,-0.00303663067964284,0.00440894986377796,-0.00243899708189061,0.00383685195182762,-0.00178294007536608,0.00309980821684321
"120","sdam_impact_score_lessthan100km","func_diverg",0.000505700542506239,0.00136621580021185,-0.00312767727132793,0.0040677851100356,-0.00219277022626026,0.00323278454231077,-0.00172764523675303,0.00277364782065284,-0.00123682390123771,0.00223652495142721
"121","Intercept","RaoQ",-0.0084982700564411,0.116228870321466,-0.336594605980201,0.293856982735829,-0.252047478560278,0.213377787483296,-0.205076403315757,0.174763570140312,-0.155961670053496,0.131626828730554
"122","sppt_Est","RaoQ",-0.0433057528560462,0.0218438607900389,-0.100444913106451,0.0140910435718703,-0.0875806083827597,-0.000512133045677751,-0.0795032205642126,-0.00755248013422318,-0.071150127516027,-0.0154884103543273
"123","stmax_Est","RaoQ",-0.0220141754375569,0.021825593493502,-0.0777246793793941,0.0347198393765133,-0.0656459082812434,0.0201156234251103,-0.0585234772625246,0.0136641891605068,-0.0500508336902749,0.00598031098558395
"124","sppt_mm_12moPrior","RaoQ",-0.0509794930495667,0.0347114354811379,-0.137885240579396,0.0389439747453086,-0.118546368327356,0.0183390840582716,-0.108566430313183,0.00649302292398978,-0.0962037250428386,-0.00683014055611122
"125","stmax_C_12moPrior","RaoQ",0.0163287166150809,0.0479057583840213,-0.104427067170143,0.141145138744425,-0.077917613062933,0.110906608007249,-0.0626882039205982,0.0959823692562479,-0.0456494381804174,0.0777793077612587
"126","sstrahler_streamOrder","RaoQ",0.0338356355944207,0.0207685297433763,-0.0186994784770658,0.0870114328101828,-0.00727929707041639,0.0741732181067302,-0.000792637896067484,0.0678191144726208,0.00711327462429328,0.0603925547640993
"127","saccumulation_atPoint","RaoQ",-0.0258077144023077,0.0192637695483572,-0.075361717968928,0.023547042017144,-0.0634582345084777,0.0121271405741332,-0.0573573411644983,0.00618444732275334,-0.0503224274700874,-0.00106132520566724
"128","selevation_atPoint","RaoQ",0.0148354081642442,0.0297754225058147,-0.0619126603869481,0.0962564418341932,-0.0415260637183705,0.073820815441058,-0.0330743044638557,0.0641236916959439,-0.0227122041911383,0.0530293441224355
"129","sslope_mean","RaoQ",0.0184833578229189,0.0245308770724581,-0.044067483278392,0.0811705929614741,-0.0288604094337799,0.0668347141544079,-0.0214839429563737,0.0591815805583004,-0.0129148662104438,0.0498774199187157
"130","surban_meanPerc_upstr","RaoQ",0.00525526862604016,0.0195345381071221,-0.0441305206945483,0.054948473178476,-0.0335327144287625,0.0430333660582677,-0.0271699709982497,0.0371363981938394,-0.0197664190129211,0.0301291696443984
"131","scrop_meanPerc_upstr","RaoQ",-0.0164979873596825,0.0265655763953126,-0.0845247539857462,0.0511916085585025,-0.0684611812366936,0.0352056917499254,-0.0605286442291819,0.0274492695143806,-0.0508851634804933,0.0177268200357251
"132","sdam_impact_score_lessthan100km","RaoQ",0.0345809762051802,0.0182509239875151,-0.0103902677835891,0.0810908340278585,-0.00141597446252976,0.0715997412437016,0.00465619893465701,0.0647979462414318,0.0110765127815401,0.0576668882858296
"133","Intercept","FRed",-0.000293315055657386,0.000704951556107544,-0.00226483283120577,0.00163040059689935,-0.00174168699155008,0.00111327038887643,-0.00146426602960471,0.000873066082469045,-0.00115898878799071,0.000586609862537943
"134","sppt_Est","FRed",0.000249320155369403,0.000146973759285905,-0.000121181686053442,0.000624954388019638,-3.94816522809438e-05,0.000540028116347651,5.20220612714029e-06,0.000490901584670853,5.97492382504382e-05,0.000437618027487441
"135","stmax_Est","FRed",0.000234103175320351,0.000149847725043722,-0.000142847783039779,0.000637789368305371,-5.28884928295002e-05,0.000527733037229552,-9.3719356692147e-06,0.000481819803748695,4.12766696155442e-05,0.000424416486966872
"136","sppt_mm_12moPrior","FRed",-0.000546008196629138,0.000245108951497266,-0.00117892035418634,7.36623972901349e-05,-0.00102807523680642,-7.41803204811161e-05,-0.000948385433804298,-0.000145963015070475,-0.000865460254538725,-0.000228628208144468
"137","stmax_C_12moPrior","FRed",4.11091930723352e-05,0.000327693397806405,-0.000774193511723406,0.000917009677680651,-0.000581229848023753,0.000694415497032004,-0.000482405184824307,0.000591480997311675,-0.000373427388820161,0.000471424925810253
"138","sstrahler_streamOrder","FRed",-0.000136178143318343,0.000140392183840819,-0.000489061979623206,0.000218935491382012,-0.000407596655587091,0.000140710169316565,-0.000365838555744873,9.33586252826667e-05,-0.000317278814166942,4.58862853469071e-05
"139","saccumulation_atPoint","FRed",0.000187645432913664,0.000129045467266571,-0.000143624006336906,0.000513806450253203,-6.80778139175701e-05,0.000442448822686131,-2.13716224232095e-05,0.000400525270696446,2.37264011833091e-05,0.000354983404071993
"140","selevation_atPoint","FRed",0.000408846007056111,0.000204368535913239,-0.00010556510267415,0.000929259660459526,8.55312472447282e-06,0.00081700254096912,7.15323309388715e-05,0.000750414986006002,0.000149076896023161,0.000673739081828883
"141","sslope_mean","FRed",8.02574825008971e-05,0.000162839439761188,-0.000346100821360395,0.000498932497778401,-0.000241412839184673,0.000397101416419026,-0.00018565970743753,0.000348919063451972,-0.00012736636076297,0.000289754467019583
"142","surban_meanPerc_upstr","FRed",-1.39361010242976e-05,0.000130308149214478,-0.000349412878315452,0.000322173581307123,-0.000271808418996926,0.000239892007442841,-0.000228032057366075,0.000201032023474361,-0.000180327755339292,0.000153354209116825
"143","scrop_meanPerc_upstr","FRed",5.51042583166038e-05,0.000179016624382447,-0.000407126844006899,0.000513936229647459,-0.000293375368281711,0.000411274636232326,-0.000239086334974091,0.000350721627654936,-0.000175409657856743,0.000282355139589161
"144","sdam_impact_score_lessthan100km","FRed",-0.000186283614951669,0.000123941090859033,-0.000505915572487612,0.000132519851242075,-0.000431601592327708,5.32745006334048e-05,-0.000390890885762679,1.36848266503647e-05,-0.00034429695992425,-2.75419544396003e-05
"145","Intercept","alien_SppRich",0.0468214854598027,0.018073721290043,-0.00468632352400138,0.0934242603176094,0.0109135557193428,0.0822725764336201,0.0171022148061822,0.0763153172434314,0.0241006647233347,0.0697070702000363
"146","sppt_Est","alien_SppRich",-0.00256791605068157,0.00440223113746404,-0.0136199757928747,0.00823286279659175,-0.0111022789914731,0.00588349342397853,-0.0099296848650878,0.00464913054327201,-0.00831052979022124,0.00309557715127824
"147","stmax_Est","alien_SppRich",-0.00443644565880602,0.00360102222174809,-0.0141870343520715,0.00467700590498865,-0.011519739381537,0.00257998624325638,-0.0102911712262686,0.00153938156992227,-0.00902702130799687,0.000165063627760748
"148","sppt_mm_12moPrior","alien_SppRich",-0.00888158887316543,0.00972204279946366,-0.0340340702849199,0.0155522808430912,-0.0280107102822488,0.00999459253198484,-0.0247672079448464,0.00721375483020872,-0.0212916315355888,0.00354568407620768
"149","stmax_C_12moPrior","alien_SppRich",0.0325275019116947,0.0154117044551611,-0.00420937953532052,0.0779122045860412,0.00427507162337653,0.0639685676268428,0.00825160543372251,0.0583788642714749,0.0131551704270524,0.05223204707331
"150","sstrahler_streamOrder","alien_SppRich",0.0184040298455532,0.00370361112950615,0.00922516438939381,0.0282455411528925,0.0111518111512428,0.0257832683577192,0.0122681151054718,0.0246018024707095,0.0137273559370207,0.0231519865624463
"151","saccumulation_atPoint","alien_SppRich",0.00982671524582685,0.00261843467847884,0.00329004270139119,0.0165389064530663,0.0047242977527373,0.0150145307946141,0.00551488596208658,0.0141032795951924,0.00644114738357932,0.0131644826643221
"152","selevation_atPoint","alien_SppRich",0.0174716543342272,0.00783325156777808,-0.00170737675985056,0.0413282294421437,0.00254589335243533,0.0327299871518894,0.00484846322095829,0.0305343856001608,0.00765886760786946,0.0276607503037657
"153","sslope_mean","alien_SppRich",0.00437175739671911,0.00586415031278846,-0.0107288639434806,0.0193415010128871,-0.00707308862175565,0.0157736182232873,-0.00528670950475159,0.0139354190674211,-0.00313661443047394,0.0118834092211052
"154","surban_meanPerc_upstr","alien_SppRich",0.00881696640011393,0.00354623312887593,-0.000459686085723641,0.0179270940330809,0.00177551280361696,0.0157241670592479,0.00296705594464918,0.0145919228521156,0.00428048090309118,0.0133504163977878
"155","scrop_meanPerc_upstr","alien_SppRich",0.00150316596928445,0.00568469378655165,-0.0131685633169179,0.0159708055401241,-0.0095447208436264,0.0126745355767145,-0.0077425064843924,0.0109074633628894,-0.00570753828220799,0.00884069366026944
"156","sdam_impact_score_lessthan100km","alien_SppRich",-0.00321958188318464,0.00367095368201417,-0.0133053763641449,0.0062766316965628,-0.01049858779148,0.00386267042511115,-0.00919364169615151,0.00276935414453315,-0.00790526926918919,0.00147572322851282
"157","Intercept","alien_abund",0.0379689621081177,0.0170236623446573,-0.00455320137103396,0.0841761550475602,0.00525608932601491,0.0718412444937482,0.0105453927740706,0.0661268239044661,0.016462897592807,0.0597710486238258
"158","sppt_Est","alien_abund",0.00232506269112835,0.00366222886143568,-0.00701797508852018,0.0116581140714098,-0.00488817380515909,0.00950356467495661,-0.00371823497630513,0.00835576647906974,-0.00239782488606796,0.00699597826507866
"159","stmax_Est","alien_abund",-0.00651008958114855,0.00298550416742519,-0.014043734597126,0.000978388963309642,-0.0122006281454727,-0.000662426245140476,-0.0114172923319593,-0.00151767427835772,-0.0103243343988908,-0.00264765354053813
"160","sppt_mm_12moPrior","alien_abund",-0.00469264744534855,0.00799632441258358,-0.0249658312588008,0.015714538802128,-0.0204410071277772,0.0111079185741865,-0.0177193054472961,0.00861917664132448,-0.0149879921874797,0.00569030137605055
"161","stmax_C_12moPrior","alien_abund",-0.00753526199522533,0.0130311837240762,-0.0405646359449371,0.0256747614933992,-0.0335172662305801,0.0179875139268054,-0.0295728268296926,0.0136041570397236,-0.024464245286624,0.00894508199076054
"162","sstrahler_streamOrder","alien_abund",0.00652674231254962,0.00304309885692743,-0.00167331164193028,0.0143909402887761,0.000462407936063732,0.0123924934238057,0.00154266152188527,0.0115156611944648,0.00268913260816628,0.0104067607619849
"163","saccumulation_atPoint","alien_abund",0.00378432720107962,0.00214524111609527,-0.00174287973520548,0.00920161657703741,-0.000463544368603947,0.00799683315812202,0.000173918591785145,0.00730477306727091,0.00103983294368736,0.00655732010427743
"164","selevation_atPoint","alien_abund",0.00703081538586365,0.00620444893086758,-0.00890396073755187,0.0227538879942038,-0.00550174907128218,0.01907161300063,-0.0033629569151293,0.0171697376838743,-0.000885729039355992,0.01490018794593
"165","sslope_mean","alien_abund",-0.0102731373042506,0.0047611946610307,-0.0226988121780669,0.00189947339096807,-0.0195365342040366,-0.00086622038022606,-0.0179323098502925,-0.00244525861833014,-0.0163854526671282,-0.00427149254479798
"166","surban_meanPerc_upstr","alien_abund",0.00487656477761112,0.00290331194436561,-0.00269520430427532,0.0123659163218904,-0.000744146005372207,0.0105978427386403,0.00014439377177444,0.00959685194840669,0.00117075213018471,0.00859804098508909
"167","scrop_meanPerc_upstr","alien_abund",0.00366114656386261,0.00464292811071992,-0.00801092892550341,0.0157165846301267,-0.00541940349182769,0.012711371908374,-0.00399240481250727,0.0113340672474531,-0.00231710983974058,0.00961963647779589
"168","sdam_impact_score_lessthan100km","alien_abund",0.00378619862808235,0.00302118746566657,-0.00404098081037014,0.0115329796685142,-0.00214292123606648,0.00960540575026025,-0.00120900046201508,0.00874317831008429,-0.000102075748418512,0.00768573647400225
"169","Intercept","native_SppRich",0.224188497987297,0.129135540046896,-0.126041196936109,0.582912686384627,-0.0269965024895074,0.479634785332364,0.0149492171259739,0.438535472915438,0.0630955527138432,0.386950104026324
"170","sppt_Est","native_SppRich",0.0172527169766942,0.0213717729500417,-0.0384788148165463,0.0712130811422718,-0.02524069368576,0.0591201058416634,-0.0177110002720224,0.0522811486283377,-0.0100214436377636,0.0447693889679507
"171","stmax_Est","native_SppRich",0.0650635231730015,0.0202655532149107,0.0131759295500581,0.11765250925389,0.0254077946751351,0.105664103238877,0.0317853285473734,0.0986596587472452,0.0393515591676474,0.091007819660159
"172","sppt_mm_12moPrior","native_SppRich",-0.0179145478793838,0.037835269219353,-0.113672447034348,0.0789256370393521,-0.0916753853505928,0.0563271143935427,-0.0798560112749325,0.0439409193497685,-0.067171663427323,0.0304469801613396
"173","stmax_C_12moPrior","native_SppRich",-0.004140737922894,0.0614551542723109,-0.159967731302487,0.15689492540305,-0.12405012274417,0.116068138295783,-0.105322153005087,0.0967802123227012,-0.0823016514148875,0.0740201618756997
"174","sstrahler_streamOrder","native_SppRich",0.0111158724907495,0.0200597284224185,-0.0405490561838017,0.0622211432842544,-0.0286083417319175,0.050052819434512,-0.0219717325997191,0.0437950420998458,-0.0148869569598913,0.0370518274039176
"175","saccumulation_atPoint","native_SppRich",-0.03594293584159,0.0169900053130794,-0.0800256997434673,0.00692688450220007,-0.0699023100240604,-0.00278403821660087,-0.0641845804163154,-0.00815666248841106,-0.0578853463361097,-0.0142657247509785
"176","selevation_atPoint","native_SppRich",-0.0647602758596248,0.0379184679408559,-0.158845812693607,0.0330493885327821,-0.13982534514569,0.0101187957542962,-0.127934282633061,-0.00200864605932042,-0.113036713654087,-0.016085686499313
"177","sslope_mean","native_SppRich",0.0266360676050252,0.0274706372468475,-0.0451496525016972,0.094777918955571,-0.0276031215100521,0.0799760841820108,-0.0192264821898106,0.0716372988889335,-0.00877938630922697,0.0620647642517011
"178","surban_meanPerc_upstr","native_SppRich",-0.0130651659246035,0.019883634407909,-0.0633139941983765,0.037622346054587,-0.051461024058827,0.0261628533939753,-0.0453186947762566,0.0199842041197669,-0.0384623493120563,0.0122299152243418
"179","scrop_meanPerc_upstr","native_SppRich",-0.0110312605475015,0.0278226041400992,-0.084355956456577,0.0619285139805484,-0.0653720837023937,0.0429988635650505,-0.056447770726413,0.0337218677529153,-0.0463184815807084,0.0246285703127418
"180","sdam_impact_score_lessthan100km","native_SppRich",-0.013725969611487,0.0225512809899977,-0.0730859941619428,0.0455366655435996,-0.0581234122111101,0.0301000082929047,-0.0507456902910286,0.0229680057235368,-0.0422083589658369,0.0151483319414442
"181","Intercept","native_abund",0.00628338851171537,0.00496146454070453,-0.00681255030535967,0.0197656172822922,-0.0034249650957515,0.0162813763733829,-0.00179876884947347,0.0144316828774512,0.000115116565493543,0.012554243478816
"182","sppt_Est","native_abund",0.00431129267613308,0.00136782069293893,0.00083198633047463,0.00786004858255544,0.00162058824440769,0.00694001315012048,0.00203140572412962,0.00652342648457646,0.00254603856416179,0.00604962232760654
"183","stmax_Est","native_abund",0.000724495406425209,0.00131540415860006,-0.00271641109462042,0.00399220687505228,-0.0018085438814019,0.00329943608456348,-0.00142491244289071,0.00290898716987882,-0.000969635684825924,0.00242386208353102
"184","sppt_mm_12moPrior","native_abund",0.00139931082667392,0.00232525726519371,-0.00432161505728781,0.00746294969134727,-0.00302927689611323,0.00597331746804983,-0.0023979260367363,0.00528651107856699,-0.00158559221356115,0.00439581786023493
"185","stmax_C_12moPrior","native_abund",-0.00156226734357955,0.00326775931103624,-0.0102557909491815,0.00709312769878241,-0.00790218062663464,0.0048142259053909,-0.00690246232319483,0.00375428256490283,-0.00568969822613722,0.00265711260610192
"186","sstrahler_streamOrder","native_abund",-0.00338808150191221,0.00131919014069299,-0.00673821873522662,-3.84532069101867e-05,-0.00599821965744703,-0.000766819253032514,-0.00555338489978566,-0.00119507795374315,-0.00507981066819117,-0.00169842559641597
"187","saccumulation_atPoint","native_abund",-0.00101613750261658,0.00111862423452387,-0.00399903688100956,0.00176869723137501,-0.00320258291357464,0.00116773377859126,-0.00284218320649088,0.000816765803825266,-0.00245623431368553,0.00041803222133991
"188","selevation_atPoint","native_abund",-0.00040952697887655,0.00216013197221188,-0.00570565076831225,0.00510993793829217,-0.00463161163049914,0.00394685061620571,-0.00399056522446581,0.0032099403202154,-0.00317777845493153,0.0023607145093064
"189","sslope_mean","native_abund",-0.00222969396803761,0.00182422638532771,-0.00704652837461844,0.00238759432196278,-0.00582823199309101,0.00134078999248923,-0.005233036766205,0.00081191793420709,-0.00455469960462309,0.00011974750296458
"190","surban_meanPerc_upstr","native_abund",0.000624187420760173,0.0013158384028955,-0.00282659698511195,0.00405950597805441,-0.00196725245676253,0.00319074705537707,-0.00154544863799853,0.00279028010441244,-0.00104297557698742,0.00232285173620082
"191","scrop_meanPerc_upstr","native_abund",0.00335943242110625,0.00179143839183314,-0.00122133948879049,0.00795995442187992,-0.000148860170021204,0.00689448760434849,0.000413333956756547,0.00629211196385664,0.00106294102174988,0.00564788536927871
"192","sdam_impact_score_lessthan100km","native_abund",0.00121058817433681,0.0015207080582018,-0.00277186383856882,0.0051057891624326,-0.00179561870526255,0.00418805970074031,-0.00131290062803551,0.00367268256273948,-0.000733009654147949,0.0031486749014498
"193","Intercept","EPT_SppRich",0.0484250322748372,0.0474740802627973,-0.0836019230771173,0.175896918403441,-0.0444015306701891,0.140605774800183,-0.0294403238313932,0.125836143262848,-0.011037719049404,0.107874912711338
"194","sppt_Est","EPT_SppRich",0.0193962861306266,0.0084312372147706,-0.00197667496942666,0.0413084790904008,0.00307482632438588,0.0361624670308459,0.00563713225718453,0.03337676839752,0.00852634355843648,0.0303270909685152
"195","stmax_Est","EPT_SppRich",-0.00887345663889024,0.00901170029216741,-0.0322222981913514,0.0140546782581416,-0.0264272354071157,0.00917029840728046,-0.0236014143608682,0.00611251473515197,-0.0203150735720157,0.00259974602380644
"196","sppt_mm_12moPrior","EPT_SppRich",-0.0183940957194018,0.0147720494013898,-0.0565003001266652,0.0188579388361522,-0.0473870903565074,0.0101443330831662,-0.0429687669469651,0.00566061892705727,-0.0376526290089349,0.000618677406493486
"197","stmax_C_12moPrior","EPT_SppRich",0.00941823239113316,0.019462343839588,-0.0399592133651963,0.0592986672557702,-0.0288020952510327,0.0475071076710384,-0.0227397436670516,0.041544841205098,-0.0154566181721633,0.0344103597119303
"198","sstrahler_streamOrder","EPT_SppRich",0.0064943672732878,0.00818003153607489,-0.0140914430923077,0.0272922387507291,-0.00935655067689823,0.0227632002255218,-0.00676850243152553,0.0200599221744121,-0.00396982055805041,0.0170347598295376
"199","saccumulation_atPoint","EPT_SppRich",-0.0126141294991651,0.00752049999838897,-0.0320692114187033,0.00612703412795264,-0.0272437901770205,0.00214114433288912,-0.0250067252582728,-0.000374421086088102,-0.0222321796544668,-0.00294761125304842
"200","selevation_atPoint","EPT_SppRich",-0.0203600872722173,0.0120559116989089,-0.0503081905957171,0.0112974749694427,-0.0437621124198282,0.00323827049709247,-0.0403835851771818,-0.000398732221039814,-0.035762769291088,-0.00485350716831446
"201","sslope_mean","EPT_SppRich",0.00669326926041014,0.00954040972740103,-0.0183352125055877,0.0309642264299349,-0.0121273101838646,0.0252884110691612,-0.00906883130929609,0.0220767353552412,-0.00555798110745005,0.0188941972677112
"202","surban_meanPerc_upstr","EPT_SppRich",-0.00554702991720209,0.00761400791742673,-0.0251159864482098,0.0138506096299634,-0.0203043221471037,0.0093073128566084,-0.0179621222532435,0.0070210984054242,-0.01531469049224,0.00419928007924465
"203","scrop_meanPerc_upstr","EPT_SppRich",-0.0187982461800746,0.0102635306722568,-0.0458710916778176,0.00736769826393906,-0.0388145122114265,0.00145563955387579,-0.0356797502973282,-0.00200669339620284,-0.0320127999738223,-0.00567473817844318
"204","sdam_impact_score_lessthan100km","EPT_SppRich",-0.00453828954364805,0.00713060084462239,-0.0230547448933958,0.0137879637963821,-0.0185851187700092,0.00938699305195522,-0.0164364563214869,0.00706787830597141,-0.0135887284955246,0.00446888855734469
"205","Intercept","EPT_abund",0.0108666397323553,0.0058833483210921,-0.00488801189446583,0.0274021918380369,-0.00071702974618182,0.0226293431636422,0.00129647232254639,0.0204094752283355,0.00352525684972227,0.0181927533175689
"206","sppt_Est","EPT_abund",0.000810020597866861,0.00149457629340069,-0.0030309198645698,0.00459041032121745,-0.00211519467068191,0.00376626165763113,-0.00163724761711245,0.00327201923711218,-0.00113696019021519,0.00272946390444446
"207","stmax_Est","EPT_abund",-0.00136835553513239,0.00155627854248977,-0.00547138281032335,0.00250077045069112,-0.00442450435068267,0.00165091594849552,-0.00394472453891302,0.00117550298217524,-0.00338234236791918,0.000636664134698151
"208","sppt_mm_12moPrior","EPT_abund",-0.000937636387239372,0.00245779486546494,-0.00718620922578946,0.00549713302134319,-0.0057294308939168,0.00385182904448668,-0.00493550511947405,0.00314367599450833,-0.00406238208952487,0.00221974509976946
"209","stmax_C_12moPrior","EPT_abund",0.00549633909605002,0.00301927655640852,-0.0021596185016763,0.0133548645572865,-0.000347881280147999,0.011457891892284,0.000578249400333364,0.0105488191991111,0.00166501127191772,0.00939572066165807
"210","sstrahler_streamOrder","EPT_abund",-0.000385026101266594,0.00143325086005514,-0.0039637695801245,0.00324861981786365,-0.00318514598592011,0.00244277374943225,-0.00275626031387164,0.0019964235061437,-0.00221218255727986,0.00144763180861429
"211","saccumulation_atPoint","EPT_abund",-0.000842407587595289,0.00134168168606278,-0.00441285119061951,0.00263742756757324,-0.00353661704881094,0.00179697707725771,-0.00304518782355646,0.00136202503929411,-0.00255457926678173,0.000849743653585601
"212","selevation_atPoint","EPT_abund",0.000617890847675525,0.00199535278913396,-0.00448381506014852,0.00579747364320759,-0.00335459625506556,0.00454700278476748,-0.00269321159175356,0.00389813986528569,-0.00197000056453519,0.00313250082104671
"213","sslope_mean","EPT_abund",0.000292251760181588,0.0016719141429612,-0.00400480027293189,0.00453420832208665,-0.00295894141132072,0.00354458621578722,-0.00247983437050322,0.00302090372824651,-0.00185829956787009,0.00241360884968369
"214","surban_meanPerc_upstr","EPT_abund",0.00118048209542591,0.00133145460988848,-0.00221184677589181,0.00460181713357555,-0.00146430832985254,0.00376732948617979,-0.00102282594454917,0.00335114254143293,-0.000542748714107736,0.00290344219705714
"215","scrop_meanPerc_upstr","EPT_abund",-0.00236899935548958,0.00182688088401016,-0.00691247750135313,0.00235352098750646,-0.00593196640664074,0.00121320483411001,-0.00537334164027668,0.00064834882432025,-0.00474062739764623,-5.49593672384477e-05
"216","sdam_impact_score_lessthan100km","EPT_abund",-0.0021297232371397,0.00126260682755871,-0.00529732417894763,0.00113041712441621,-0.00458326625865413,0.000345787622698682,-0.00418517042254251,-5.35093597588151e-05,-0.0037509354754525,-0.000521023716128386
"217","Intercept","insect_SppRich",0.129920003694517,0.0984748652330012,-0.128166545401745,0.394637636068624,-0.0625008168652418,0.329157400647321,-0.0299672776328624,0.295590689851585,0.00585543850544346,0.255831184352971
"218","sppt_Est","insect_SppRich",0.00108248244988663,0.0145535221679025,-0.0362517562844069,0.0379728850094068,-0.0270125328273155,0.029731922597198,-0.0227265349190707,0.0251762429479016,-0.0178112081558071,0.01972167485813
"219","stmax_Est","insect_SppRich",0.0179159301880784,0.0147192484363972,-0.0196200975162915,0.0560785557171649,-0.0107937573979554,0.0465035098565964,-0.00649158661037706,0.0419757612184765,-0.00114024490157183,0.0367329949051965
"220","sppt_mm_12moPrior","insect_SppRich",-0.0140223048573061,0.0247253724136326,-0.0797436883812806,0.0504596858489112,-0.0623402326496642,0.0338946097268518,-0.0542801912745279,0.0263262711773974,-0.0457740012634545,0.0174849798292382
"221","stmax_C_12moPrior","insect_SppRich",0.0202846715936181,0.0337173889560258,-0.0670502412184032,0.108291516509618,-0.0451284883288465,0.0875376559776943,-0.0344715845862051,0.0762631818162847,-0.022509343057036,0.0638125312873129
"222","sstrahler_streamOrder","insect_SppRich",0.00629659306384014,0.0133717659480933,-0.0288380451496044,0.0413885261350464,-0.0193760701191047,0.0325026493155742,-0.0155981002766334,0.0282642878652854,-0.0108077020970879,0.0234345614883865
"223","saccumulation_atPoint","insect_SppRich",-0.0317124277664215,0.0123771559577714,-0.0632674742728658,-0.000157890239365022,-0.0557375470490857,-0.00740774559515486,-0.0520175040446305,-0.0110584379762637,-0.0476433235736878,-0.0155949598798265
"224","selevation_atPoint","insect_SppRich",-0.0105775586740356,0.0205435518223941,-0.0612248195138848,0.0416533962404388,-0.0503068129837532,0.0293102200461875,-0.0443762375590447,0.023093893254908,-0.037126899562793,0.0159218242296742
"225","sslope_mean","insect_SppRich",0.00282722906385351,0.0158559753819868,-0.0382622923513298,0.0429141432334858,-0.0284861055890219,0.034450270670783,-0.0233942008524686,0.0290347266891042,-0.0177518797819006,0.023265612143448
"226","surban_meanPerc_upstr","insect_SppRich",-0.0052699517093166,0.0127263129906543,-0.0375679221384974,0.0275278099887591,-0.0298379445519873,0.0194148238009106,-0.02634313922005,0.0154312871054575,-0.0217378042803619,0.0110925950947477
"227","scrop_meanPerc_upstr","insect_SppRich",-0.0439882743390019,0.0174473087171311,-0.0885886144200559,0.000456868771752871,-0.0786016379421634,-0.010202952222897,-0.072788215455354,-0.0155530522720532,-0.0663292499739614,-0.0218293452935288
"228","sdam_impact_score_lessthan100km","insect_SppRich",-0.0253193907492877,0.0116300017913306,-0.0552498903226549,0.00431645017562005,-0.0480689908293486,-0.0023867890860692,-0.0444781165552817,-0.00645676426476038,-0.0402848707783976,-0.0104875807907813
"229","Intercept","insect_abund",0.0120257270747283,0.00510729085822046,-0.00195834303389291,0.0257382828893287,0.00200567376314132,0.0220784115972002,0.00374520381650117,0.0204930248072656,0.00564692635180583,0.0184678078257037
"230","sppt_Est","insect_abund",-0.000351378782010159,0.00130425316283338,-0.00378404061352934,0.00302401507907039,-0.00285759068320458,0.00219481711967983,-0.00248298091259221,0.00180659584067559,-0.00202711574678645,0.00132337797893083
"231","stmax_Est","insect_abund",-0.000330302748538629,0.00135776852278133,-0.00388761680687416,0.00311509809653403,-0.00304191099294273,0.00233654002118021,-0.00257383422932672,0.00189097504696492,-0.00206951933861213,0.00140292904540665
"232","sppt_mm_12moPrior","insect_abund",-0.000267092764069024,0.002175324449175,-0.0056592456810324,0.00529868769378875,-0.00449808180800486,0.00408092220523432,-0.00388225873997133,0.003369035118247,-0.00307916992118406,0.00251957638770283
"233","stmax_C_12moPrior","insect_abund",0.00272082144916788,0.00268962676564761,-0.00407791030189471,0.00967660257400565,-0.00245710410115064,0.0080696505756036,-0.00171539712356387,0.0071957877497139,-0.000692860772053424,0.00615172446178277
"234","sstrahler_streamOrder","insect_abund",0.000866019744533268,0.00122856243003835,-0.00225169397156474,0.00406534164197025,-0.00153643681724503,0.00325053248839516,-0.00112842649578451,0.00286280701166293,-0.000721198015901033,0.00242705915240541
"235","saccumulation_atPoint","insect_abund",-0.00275192790670204,0.00114414828843213,-0.00571566241592121,0.000220942761346976,-0.00498712166252174,-0.000517266026553086,-0.0046257771641783,-0.000875966139753186,-0.00420697102917429,-0.00126560467121144
"236","selevation_atPoint","insect_abund",0.000981418085014131,0.00173084380026067,-0.00336051644955633,0.00546943721229353,-0.00236305613636214,0.0043979030269181,-0.00181220553721682,0.00386686567895562,-0.00123403589215268,0.00321850318919774
"237","sslope_mean","insect_abund",0.000263237208647935,0.00146916144101779,-0.00363931136810828,0.00404698283406995,-0.00262755038733746,0.0030982608475478,-0.00212834517006565,0.00268618263591551,-0.00159804812866459,0.00218542092914436
"238","surban_meanPerc_upstr","insect_abund",0.00110217949007291,0.00115646476839178,-0.00188778548662069,0.00409100156181827,-0.00115741046013723,0.00337395927479199,-0.000790780626450401,0.0030288819599029,-0.000366771438338451,0.00258751338339113
"239","scrop_meanPerc_upstr","insect_abund",0.00142526621331479,0.00159557067735417,-0.00273979285033247,0.00548345483572568,-0.00174614921769043,0.00456719416991943,-0.00124690633586476,0.00402750481767522,-0.000601393990000066,0.00345241707493964
"240","sdam_impact_score_lessthan100km","insect_abund",-0.0013344135187317,0.00109842082084565,-0.00422308693942333,0.00147889804730711,-0.00353412124529185,0.000780091492992496,-0.00315245971037681,0.000455154736102193,-0.00274279459929693,6.9631548022186e-05
