"","StartYear","Response","Estimate","Est.Error","Q0.5","Q99.5","Q2.5","Q97.5","Q5","Q95","Q10","Q90","site_num"
"1","1978","abundance",0.125874203718017,2.2091984984413,-5.64990282162094,6.19718037841646,-4.68331424790372,4.80085645682548,-3.79618463515768,3.82776598906104,-2.65865880408907,2.76664391916876,NA
"2","1978","alien_SppRich",0.179580387272005,2.02946863830256,-5.35808928320231,5.88259600405934,-3.95519459136794,4.41322400414929,-3.20797929460765,3.60149709522322,-2.36313412050309,2.69351972189504,NA
"3","1978","SppRich_nativeSpp",0.0180638971129496,2.43262225464671,-6.54435420895204,6.14404147443069,-4.87191203927943,4.71966178669823,-3.99035827074883,3.97952075861429,-3.1214878978846,3.05032724808844,NA
"4","1978","spp_richness",0.141254004995521,2.40192824374371,-6.12978285883715,6.44192050131105,-4.5166750952191,4.93282939666429,-3.75162363585708,4.12702118411432,-2.8561018210213,3.23032098724553,NA
"5","1979","abundance",0.0356179663281546,2.04614832333482,-5.7428643120124,6.061181545276,-4.08842970583405,4.23122742342883,-3.36233987601609,3.39416378497535,-2.49612567162139,2.51817394263993,NA
"6","1979","alien_SppRich",0.109034485061297,1.99838451913408,-5.70184923584603,5.50457806317791,-4.06754091283877,4.17511990719206,-3.17232307504675,3.43013073254263,-2.37539893235493,2.53302949497761,NA
"7","1979","SppRich_nativeSpp",0.00954638619450583,2.45217704819842,-6.41346422112945,6.52977766770051,-4.82507338689763,4.80937401795331,-4.04409026936548,3.98557257901012,-3.04854991507903,3.13755575609925,NA
"8","1979","spp_richness",-0.0812466377189923,2.39545672839337,-6.4592006484212,6.01096709710907,-4.87397397114526,4.5261241029813,-3.9823926604316,3.85238242247798,-3.10963088301069,2.95118332349835,NA
"9","1980","abundance",0.0320199342011152,1.95666806361376,-5.48603465657176,5.6777830909635,-3.88070127441225,3.98266244393151,-3.10843090595643,3.29181359127505,-2.41517422444427,2.44710780876683,NA
"10","1980","alien_SppRich",0.0509223021383076,2.01294516725045,-6.00526393123792,5.74074052381718,-3.93255144705158,4.24614272796768,-3.21919620580329,3.36815418269953,-2.47921763461544,2.49761017089861,NA
"11","1980","SppRich_nativeSpp",-0.190710437398476,2.3046240280927,-6.24058484433747,5.86170599609373,-4.70506288769672,4.34774493719206,-3.92690393610586,3.6423658353382,-3.16497471978066,2.77353722639918,NA
"12","1980","spp_richness",-0.0793887399780069,2.39994077786161,-6.59446659462797,6.41483204489648,-4.81293346629147,4.70378209895178,-3.98267670964382,3.89498516678232,-3.07585244507652,2.94834758662956,NA
"13","1981","abundance",-0.0657610498213273,1.97988114616948,-6.10079743234201,5.47161919774443,-4.07254871267309,3.89556565330624,-3.34446486569352,3.1574960931584,-2.5570373973886,2.34831576322231,NA
"14","1981","alien_SppRich",0.134335809200443,1.98383576483098,-5.24247314272107,5.4278923004498,-3.99982265166289,4.10761484095087,-3.09996783224575,3.40371785112863,-2.36018337127384,2.63021273326544,NA
"15","1981","spp_richness",0.0692591043508663,2.21495313623674,-5.79314241440543,6.24988901525288,-4.33897222597996,4.41735817612148,-3.56700040824384,3.70038475727522,-2.67897464808489,2.88378354298639,NA
"16","1981","SppRich_nativeSpp",0.116967850084025,2.28747897925066,-5.90415669514854,6.28755244861991,-4.48526546068523,4.51172998173113,-3.6459560888533,3.79791956213862,-2.78120070890029,3.00446391485375,NA
"17","1982","abundance",-0.00823144737343128,1.84350699645253,-5.07739614588472,5.02639755984939,-3.84556412886706,3.66241451642792,-3.06231696776003,3.06691620393214,-2.26959202435222,2.30245250811791,NA
"18","1982","alien_SppRich",0.113971080108433,2.05699188487902,-5.73236815847552,5.72496525615758,-4.26649121671185,4.2043108710795,-3.30867277503957,3.40981815041064,-2.43014864218175,2.74342630314609,NA
"19","1982","spp_richness",-0.130875860365214,2.24387208282585,-5.95054542254168,5.9055261999001,-4.5016309513092,4.32712966130085,-3.77502995699646,3.5399961138777,-3.00034077568361,2.72711506199484,NA
"20","1982","SppRich_nativeSpp",-0.0579626387947168,2.13569535099251,-5.68276597450439,5.64567730942813,-4.25531695251636,4.18614862294084,-3.54927481148371,3.49199638049498,-2.7269352995485,2.60455145044953,NA
"21","1983","abundance",0.0302634271657627,1.18162296205711,-3.55254115994464,3.52262151784823,-2.55617268676016,2.60805997842248,-1.99167562124148,2.03626248665999,-1.39513801879863,1.39972297848725,NA
"22","1983","alien_SppRich",0.0669491656810066,1.95711207663958,-5.31621490717516,6.02072117954119,-3.98168066550564,4.20279565353641,-3.26678001983144,3.34685311748391,-2.33408968657943,2.49103801065946,NA
"23","1983","spp_richness",0.133121730747937,1.61122595428297,-4.59973727691186,4.8556758468711,-3.26678418621494,3.48832330938232,-2.58079199774907,2.72184942180784,-1.82599662977871,2.08657909398348,NA
"24","1983","SppRich_nativeSpp",-0.0825422834546287,2.3379122163693,-6.32173150073301,6.26365767046777,-4.60062281882472,4.48150894801031,-3.93844514225898,3.69167237698134,-3.08660609111188,2.82332567080645,NA
"25","1984","abundance",0.157376539667052,1.14010255496685,-3.22295967797839,3.18157936087405,-2.26772463356979,2.75867246555472,-1.93323803826309,2.11158285528016,-1.34172762963472,1.52276788542864,NA
"26","1984","alien_SppRich",-0.0992297864941317,2.0026300960466,-5.85348192461294,5.88119594668149,-4.07668276314068,4.01956181722395,-3.41805677661098,3.22820324072497,-2.61980297308344,2.33821960789957,NA
"27","1984","spp_richness",0.782947800131559,1.71895623545273,-4.50737714859943,5.67724551648891,-2.8394488225544,4.26335183941546,-2.0610436431712,3.59042786648783,-1.34518834334389,2.88663778951638,NA
"28","1984","SppRich_nativeSpp",1.00769637075806,2.4833041347045,-6.11621906441062,6.96709248304608,-3.98252484269134,5.63029499363805,-3.18696310260813,4.95304749273291,-2.21195058884218,4.11372770612857,NA
"29","1985","abundance",0.0251160155813185,1.15275092370102,-3.53018951995812,3.57956205653866,-2.52080175917984,2.43600511106677,-2.03832947974773,1.88026731205622,-1.42830218447112,1.34276918272289,NA
"30","1985","alien_SppRich",0.162543072295663,2.32579625930975,-5.59846935201364,6.94401477861986,-3.85812604271832,6.67235211351154,-3.51216893099359,4.35996785401919,-2.65828396559169,2.88470467193502,NA
"31","1985","spp_richness",0.487567708280236,1.61495909733962,-3.96257837480086,4.96646545416099,-2.89881644760532,4.08510331137365,-2.08654165520945,3.32862256677202,-1.27382906250995,2.54235134847394,NA
"32","1985","SppRich_nativeSpp",1.10726573130415,2.37976951506468,-5.3225719205013,7.16044333329324,-3.82614292523112,5.71183608630766,-2.9463373378884,4.81720340686942,-1.98374011641524,4.03928997751922,NA
"33","1986","abundance",0.0390648162590916,1.08390089079231,-3.77598723184335,3.47976483375532,-2.39358738470843,2.4032404764266,-1.77406410429655,1.81169160931425,-1.23947684791959,1.27365232111864,NA
"34","1986","alien_SppRich",0.096983220901844,1.99867753511258,-5.38886587619294,5.95860582033763,-3.89103695779835,4.36727797213108,-3.24118179381743,3.51386470295934,-2.39807878096879,2.54791953214153,NA
"35","1986","spp_richness",0.397118196004794,1.90940146472612,-4.15311107852005,5.46422702125121,-3.68660291291706,4.14669046973971,-3.47331400825647,3.51032062005263,-2.07492027424159,2.74607701624928,NA
"36","1986","SppRich_nativeSpp",0.921940578517291,2.55216683428222,-6.22480610656387,7.34738501374607,-4.21315397599096,5.95776823409455,-3.32532999265943,5.03795186628167,-2.303445847341,4.10756859425287,NA
"37","1987","abundance",0.0158161639189309,1.14235702082127,-3.48684581898194,3.26227422447501,-2.56296916704305,2.42964076761879,-1.9813287722424,2.02665533216213,-1.35304234008855,1.39850576154125,NA
"38","1987","alien_SppRich",-0.0383823204324669,1.98984795482235,-5.50733051059511,5.79108077020263,-4.06676441666343,4.12865407147488,-3.34702918361023,3.35495757876042,-2.53731056925285,2.4757709278465,NA
"39","1987","spp_richness",1.16395393225868,1.84296672914148,-4.2133303964517,6.08964078613986,-2.58931170226689,4.85010318748382,-1.95939597359571,4.11724243391577,-1.15506928494645,3.39280714272032,NA
"40","1987","SppRich_nativeSpp",1.83292285729632,2.43935660903812,-5.21606135579953,7.64613370776115,-3.28512253399213,6.26592297172155,-2.41421588046774,5.58280890660977,-1.35706323357313,4.81614014748422,NA
"41","1988","abundance",-0.0229037438154652,0.166916355922465,-0.556697666630363,0.665095823637015,-0.353248430363871,0.310722958466727,-0.282206304333737,0.222432685519658,-0.195171015793496,0.140659113046084,NA
"42","1988","alien_SppRich",-0.00332136455026508,0.00241413086569208,-0.00695658866815604,0.00542540175892388,-0.0064561118480355,0.00300717205456222,-0.00620694977787479,0.000847908028560743,-0.00589354703062057,-4.06075745485625e-05,NA
"43","1988","spp_richness",0.856102387726998,0.922906326077992,-2.09570186168919,3.55388556986751,-0.927360840115711,2.84056260412129,-0.564451590449164,2.46464966543391,-0.144516984631244,2.00457485884104,NA
"44","1988","SppRich_nativeSpp",0.979542660537689,1.61946655326227,-3.87153705895589,5.3227682104526,-2.50585385082314,4.1349339909208,-1.74514509369822,3.59226570066737,-1.02748891503654,2.92433789400715,NA
"45","1989","abundance",-0.0122414932857134,0.0598652403775379,-0.187479359746475,0.193370588512487,-0.136363197424512,0.115630502395337,-0.107565132777556,0.0879974731255993,-0.080642960819996,0.0583102463413122,NA
"46","1989","alien_SppRich",0.000659480716540001,0.000779229191637589,-0.00117839647683107,0.00216072324057568,-0.000908869462755391,0.00190814783657417,-0.00065828159796423,0.00175942329002654,-0.000464760635372606,0.00157379175221845,NA
"47","1989","spp_richness",0.49198881974474,0.615174628315094,-1.31541616240905,2.32482151806558,-0.752106413602417,1.83663064229546,-0.481673310148059,1.53053480982615,-0.226338116118062,1.24235884563023,NA
"48","1989","SppRich_nativeSpp",0.407329748106127,1.00097488213997,-2.7084191251953,3.45597853279769,-1.65635814597844,2.5664309044,-1.14906940484697,2.11387910879483,-0.728037248162121,1.65531138890064,NA
"49","1990","abundance",-0.00885902103902363,0.0417543855131802,-0.145208776975667,0.119518322254303,-0.0947222415780284,0.0765798810814889,-0.0750619918974798,0.0585541257582761,-0.0560264790958774,0.0390248460483182,NA
"50","1990","FRed",0.00247453105685805,0.00358490544182392,-0.00824942775566324,0.0140585618802599,-0.00450475880580372,0.0106322143901087,-0.00296759408074652,0.0086990768015156,-0.0015201259442704,0.00667491336016861,NA
"51","1990","E10",-0.00485456811552819,0.0125521196113852,-0.0423066416911048,0.030253373392097,-0.0341812744386058,0.019731310549627,-0.0290853191289977,0.0148448384560001,-0.0206912292809394,0.00897826183356486,NA
"52","1990","alien_SppRich",-0.00318820613002819,0.00269568895187057,-0.00866293421096187,0.00014477762045268,-0.00842989857828046,-0.000106902555184988,-0.00824878179323005,-0.000226293655317202,-0.00770941356560854,-0.000408990864902401,NA
"53","1990","F_to",-0.00444887946594249,0.0427528478241472,-0.141326544157241,0.13582672016225,-0.0925578336069855,0.089674948906504,-0.0727875493132001,0.0666729703463033,-0.0521946000771891,0.0448414890042459,NA
"54","1990","FEve",0.002945955828586,0.0157948409699977,-0.0313876505063036,0.0494297592102928,-0.0216671819833635,0.0438859487331809,-0.0174507389631623,0.0432215528430756,-0.0120388847206161,0.023538078231393,NA
"55","1990","turnover",-0.00656265496821216,0.0205564355119948,-0.0667740881031631,0.070547559690261,-0.0467415554971235,0.0412477779077096,-0.0381349830502111,0.0280525932169193,-0.0276158360820399,0.0165211334823228,NA
"56","1990","FRic",0.0301992239699279,0.0327947570344969,-0.0765241845929002,0.140375374335891,-0.0371313547539439,0.0977595335789517,-0.02184577451359,0.0822751658456393,-0.00620195499800746,0.0672152152272993,NA
"57","1990","spp_richness",0.446232402151306,0.520336422807428,-1.09417994155955,2.02886995622082,-0.567180087451705,1.55532869568208,-0.377849548684926,1.32101997080212,-0.159738351429748,1.07648112290323,NA
"58","1990","SppRich_nativeSpp",0.325387617586871,0.936174320717384,-2.56136395134026,3.25312856430918,-1.45002153191006,2.3800211197675,-1.1008210436464,1.90293727424285,-0.702451328531875,1.44400650744965,NA
"59","1991","abundance",-0.00282865405226267,0.0339445227780532,-0.107501281393178,0.107464783557789,-0.0697294340355213,0.0708135888441252,-0.0530567932301836,0.054343380499638,-0.0402800633051249,0.0380424366301026,NA
"60","1991","FRed",0.00257958948388033,0.00366298893313958,-0.016883309373527,0.0131009820830492,-0.0045743445223061,0.0101463861257624,-0.00270319058179436,0.00828259868446623,-0.00113837329021862,0.00662499763434255,NA
"61","1991","E10",-0.00246161540371737,0.00838057553973049,-0.0278853763765968,0.0239835242101121,-0.0196924991254196,0.0157752554884328,-0.0156898566214093,0.0115381194419092,-0.0119556289182408,0.00756262693580133,NA
"62","1991","alien_SppRich",-0.000173079749953394,0.00244794888310672,-0.00617958672839117,0.00265163753446568,-0.00576370874447302,0.00247972183358489,-0.00556839263593978,0.00218036672200924,-0.00520778946745041,0.00191844259570985,NA
"63","1991","F_to",-0.0129065458120674,0.0301148752063589,-0.116859728881757,0.0817225829831077,-0.0782285634570307,0.0477482847836323,-0.0617258162438593,0.0341150171289208,-0.0462130631983553,0.0200010003679935,NA
"64","1991","FEve",-0.00212335177848349,0.00840595589001949,-0.0300788616004632,0.0242639366196451,-0.0206770448984821,0.0138428102168165,-0.0167285591698299,0.010140155204373,-0.0126797070540017,0.0067274296452331,NA
"65","1991","FRic",0.0249670412994906,0.0261154451655935,-0.0507023393981605,0.14735005571194,-0.0260879342873441,0.0815921111517245,-0.0132353775949218,0.063626860381858,-0.00246385959871277,0.0511956174009107,NA
"66","1991","spp_richness",0.412867986010786,0.518808691031972,-1.16424712102121,1.96206351982427,-0.631926723462659,1.4986874730056,-0.412871543250134,1.28702451806382,-0.186975142570635,1.04170145720868,NA
"67","1991","turnover",-0.00550270813593999,0.0125866924972759,-0.040382461668493,0.0453876863938382,-0.0295277083423832,0.0234951524915316,-0.0240810471572066,0.016202396208156,-0.018771238800308,0.00856843886375036,NA
"68","1991","SppRich_nativeSpp",0.000289950075194885,0.857924729789634,-2.49771830681393,2.95201838557293,-1.80035212047996,1.80376683516317,-1.44576002255409,1.42632814369304,-0.995696308867824,1.02398879931416,NA
"69","1992","abundance",-0.00172692062540344,0.0250264487983484,-0.10896590280677,0.0651350802958026,-0.0495114774969054,0.0459850128345278,-0.0386420283414341,0.0375020474198177,-0.0283861214014465,0.0267310360890774,NA
"70","1992","FRed",0.000674511021615583,0.00168542112999831,-0.00500642960849309,0.00668302535537882,-0.00289892055650212,0.00431013162456074,-0.00184584984484228,0.00352287467580575,-0.00112677917549899,0.00258305015540792,NA
"71","1992","E10",-0.00318706873038124,0.00561791121638919,-0.0215614853431951,0.013820770156166,-0.0148562826444758,0.00820863823699977,-0.0122306261834806,0.00571292827714556,-0.0097378218904368,0.00326680115314155,NA
"72","1992","alien_SppRich",-0.000193475776562515,0.00346008674218106,-0.00519339602879014,0.00416870519934424,-0.00504385688914333,0.00403848212659485,-0.00492631609752894,0.00391479738146648,-0.00457021864291921,0.00364031846704117,NA
"73","1992","F_to",-0.00751775402584914,0.022667993409202,-0.0744991491912863,0.075296240710915,-0.0557248788671989,0.0407825769566053,-0.0438538600382128,0.0269909660960585,-0.0333276790705584,0.0176268141862837,NA
"74","1992","FRic",0.00833022375544392,0.0131732361148172,-0.0326593152173106,0.0493469456173171,-0.0180241604537748,0.035705116981255,-0.0117626982193617,0.0299322788053496,-0.00675276983289426,0.024222792033023,NA
"75","1992","FEve",-0.000974406540626261,0.00553209295057816,-0.0191324219453304,0.0148216932659121,-0.0132649018141556,0.00936208112981008,-0.0104961471618882,0.00743124924018655,-0.00789396370712966,0.00526991729271628,NA
"76","1992","turnover",-0.00484248033385556,0.0107115580102982,-0.0370504826580578,0.0326151395559519,-0.0264121455255117,0.016779152219834,-0.0224675979677836,0.0114430214357568,-0.0176829539278498,0.00663465353971825,NA
"77","1992","spp_richness",0.598167628648809,0.476769067257924,-0.635390516756858,2.39012823842095,-0.281226372841612,1.64127667734408,-0.103303715510401,1.38970286461165,0.064415428835422,1.1730456121071,NA
"78","1992","SppRich_nativeSpp",0.538764985893895,0.689287390328139,-1.37882179031939,3.05758603425398,-0.757829433564006,2.01106527505718,-0.483984174570591,1.7070159853928,-0.246588076204993,1.39628419012064,NA
"79","1993","abundance",-0.000307929189707824,0.0151512372229191,-0.0426796097920421,0.0503460692348609,-0.0290473622394755,0.0326176693780538,-0.0238385547530838,0.0253255305170423,-0.0177282711227477,0.0181216237544709,NA
"80","1993","F_to",-0.00962909449483373,0.0181240120883343,-0.0731831329664153,0.0435563392028518,-0.0510432808093801,0.0270974594590282,-0.03929466437513,0.0176898910086925,-0.0303895710038504,0.0101617352673701,NA
"81","1993","FRed",0.000312355921345752,0.00151867545074372,-0.00413295608067844,0.00575892086429593,-0.00247517366209768,0.00373495137801903,-0.00190556195056745,0.00286995945181736,-0.00135944859618764,0.00205359826588206,NA
"82","1993","alien_SppRich",0.000369602078738912,0.00140875346337654,-0.00211070783506499,0.00273168466521931,-0.00195368747068256,0.00262861945833897,-0.00183551121987574,0.00254150150735379,-0.00167651342502704,0.00233640172597507,NA
"83","1993","E10",-0.00195120978760757,0.00469284275767121,-0.0173221043179341,0.0110586053290063,-0.0122451529218471,0.00684632844183386,-0.00994161110881994,0.00510143869757989,-0.00771194669489805,0.00337122903666654,NA
"84","1993","FRic",0.0144752436219622,0.0109157249924333,-0.0128521936020032,0.0500706760017141,-0.00453777666417038,0.0394524098720439,-0.00143064342965297,0.0337311652554311,0.00190134315895815,0.0282033086910742,NA
"85","1993","FEve",-0.000509201233282129,0.00450084889693278,-0.0134745008446262,0.0125348904438106,-0.0100476260684185,0.0077975118878841,-0.00826328138243843,0.00603360189493198,-0.00635820266327752,0.00453630285174643,NA
"86","1993","turnover",-0.011687010393066,0.00819560499402626,-0.0517260224986552,0.00767782521606555,-0.0306578780737531,0.00194192054496672,-0.0248374190885013,-0.000394902978937852,-0.0202850189115493,-0.00321043162047338,NA
"87","1993","SppRich_nativeSpp",0.600780451735365,0.616934047277127,-1.11433161002389,2.38531754501099,-0.615871624670271,1.84966367728141,-0.399201627996893,1.61992167957344,-0.140529099565746,1.35377346566063,NA
"88","1993","spp_richness",0.626468304136878,0.450727488949811,-0.657235288160049,2.04381212707811,-0.236048052398149,1.5814433736837,-0.0658985487777346,1.37201220440712,0.0969335291052418,1.18409892720229,NA
"89","1994","abundance",0.00812942991769499,0.015610181088339,-0.0321349710090334,0.0585705345230041,-0.0203130061986888,0.0423229424071601,-0.0157891044392418,0.0346869778174331,-0.00975141425377593,0.0276690892233727,NA
"90","1994","F_to",-0.00566079372040844,0.012203805719756,-0.0444620553383059,0.0286022920672175,-0.0324427453887184,0.0174718801895563,-0.0268205981753844,0.0127382950936016,-0.0205504610719358,0.00783751963405493,NA
"91","1994","FRed",0.00041953501259309,0.00157801983496033,-0.00378698859905288,0.0058158823080267,-0.00247816011225548,0.00409227639070017,-0.00192327142485701,0.00320924216299336,-0.00134326793159852,0.0022713081239144,NA
"92","1994","alien_SppRich",-0.000232673591960876,0.00177632444740363,-0.00230531836550185,0.00384228569303228,-0.00217901362236437,0.00365565677479637,-0.00203036098146276,0.0035200720727459,-0.00185190083060722,0.00290255544033591,NA
"93","1994","E10",-0.00404544807735559,0.00404012503787764,-0.0181051405746453,0.00738013146516335,-0.012733089115624,0.00378862847759136,-0.0108708478929796,0.00218550976710054,-0.00892348821143925,0.000602519715938646,NA
"94","1994","FRic",0.012458759871185,0.0105979609001802,-0.0180506075334236,0.0464022292262302,-0.00764958416479172,0.035163173326867,-0.00308515832795772,0.0302090182020662,0.000495068211651818,0.0254604027833311,NA
"95","1994","FEve",0.00221253196242548,0.00357077736937279,-0.00917201634896322,0.011302972506358,-0.00588122967462036,0.00861824947244467,-0.0042211545690947,0.00749896984404031,-0.00231190255743683,0.00628752360301381,NA
"96","1994","turnover",-0.00375050643832805,0.00620147287678083,-0.0234580157099563,0.0188334800630454,-0.0168387024419504,0.00854106235426837,-0.0135244861930559,0.00563173103540448,-0.0107818921798502,0.00307370063249549,NA
"97","1994","spp_richness",0.594694577521216,0.368569701571541,-0.362198228964418,1.70933858413792,-0.0823250836606438,1.399325886497,0.0413530399695453,1.21496858694381,0.150828066283725,1.06012897385772,NA
"98","1994","SppRich_nativeSpp",0.577947082224103,0.591756276139778,-1.23404166277353,2.33165641365241,-0.586497217104424,1.79632218997544,-0.339766680200272,1.56015395156632,-0.118556647299549,1.29261171393801,NA
"99","1995","abundance",0.00337150209417254,0.0117348325491404,-0.0299902554583098,0.0387447748921638,-0.0194286492358535,0.0285473471364093,-0.0148479157882276,0.0237003646769514,-0.0101228565921404,0.0176741333894108,NA
"100","1995","F_to",-0.0026343457104298,0.0139681372850823,-0.0506759234767903,0.0343214218174184,-0.0340561921999306,0.0233573803351046,-0.0268283743577467,0.0179859628365187,-0.0199411445607698,0.0132162983433,NA
"101","1995","alien_SppRich",-0.000515506360779709,0.000934878837898527,-0.00266580474013537,0.000846486656704056,-0.0024047784282516,0.000764645041751798,-0.00220120097748966,0.000700231484636525,-0.00194383825721009,0.000606069640321073,NA
"102","1995","E10",-0.00496666446549673,0.00417139930286816,-0.0178406435764751,0.00834296818162864,-0.0132144689992944,0.00328273425550228,-0.011549737183291,0.00176644426815856,-0.00990092542564714,-1.92550995605e-05,NA
"103","1995","FRed",0.000403049094613319,0.00116173761237822,-0.00304141785464396,0.00416413904204246,-0.001832037417895,0.0029130018152377,-0.00135774108862418,0.00231668761560951,-0.000894939144617467,0.00178093954720706,NA
"104","1995","FEve",0.00107093165165426,0.00390586391496888,-0.0126488886378216,0.0111881895256479,-0.00753786767101676,0.00828168756207195,-0.00545508276118963,0.00673242404120129,-0.00366175717178204,0.0054046547395603,NA
"105","1995","FRic",0.0180704973599257,0.00882909439128919,-0.00741638712955442,0.0448553259724145,0.000381131214967352,0.0363978018895051,0.00444631268488037,0.0330677305934424,0.00790556112784321,0.029076953361368,NA
"106","1995","turnover",-0.000168718882902662,0.00546225971047665,-0.0162378541829355,0.0169741134652192,-0.0115100997845673,0.0109944194340188,-0.00889945081840027,0.00873470593840089,-0.00656586970669029,0.00624513592306914,NA
"107","1995","spp_richness",0.449702293334077,0.261916947499539,-0.364663537406528,1.23611794013943,-0.0896528231801148,0.98893147721265,0.026999934074956,0.878498521414291,0.143245158664973,0.759250399067746,NA
"108","1995","SppRich_nativeSpp",0.342485498935928,0.389100301483291,-0.858676952229625,1.60462796058525,-0.477200019210772,1.10276259650909,-0.309736940281873,0.937851827595875,-0.128939604716836,0.783819981625696,NA
"109","1996","abundance",2.38207796936957e-05,0.00893318475647557,-0.0261385095098986,0.027623424198512,-0.0177087235448191,0.0184488609895338,-0.0139824805697947,0.0149601196268953,-0.0104494858786839,0.0106333916914881,NA
"110","1996","F_to",-0.00356257486508445,0.0111643014590043,-0.0440915834061471,0.024626110981304,-0.028280170833097,0.0175901008208506,-0.0226449911032416,0.0137201778147972,-0.0171262260442681,0.0098481113561572,NA
"111","1996","alien_SppRich",0.00131667905664084,0.00194986284258652,-0.00146605843081319,0.00542529828005509,-0.00123986883551914,0.00529021750788138,-0.00112328656345821,0.00511926177816462,-0.000964650629460892,0.00448602019451738,NA
"112","1996","E10",-0.00578447001840821,0.00320189776769851,-0.014717890323481,0.00476531827895356,-0.0122176712878819,0.00078661498475599,-0.0108769871463761,-0.000674764545610915,-0.00965493545880388,-0.0020216197725064,NA
"113","1996","FRed",-0.000751601395168735,0.00159646219999328,-0.00591094891370087,0.00387626890990309,-0.00414555948675055,0.00238324268797632,-0.00346687168194507,0.00173878521516234,-0.00266586469767682,0.00109802324622387,NA
"114","1996","FEve",-0.00232728853904962,0.00324982391078617,-0.0124435262428874,0.00721986494438611,-0.00918549375738792,0.00390889257273834,-0.00764339897001787,0.00278322199878222,-0.00621039835343851,0.00145182034766439,NA
"115","1996","turnover",-0.00264867447702034,0.00511184565816013,-0.0171111542110494,0.01368583177239,-0.0125208136011967,0.00792719102863377,-0.0105683578868415,0.0057151371360584,-0.00870652923684368,0.00354197150526623,NA
"116","1996","FRic",0.0231770887312481,0.00907640681385767,-0.00258817092366408,0.0505556013121609,0.00516418779902101,0.0419574996486283,0.00829431674640054,0.0381754156865309,0.0121006712346437,0.0342530057379338,NA
"117","1996","spp_richness",0.496985991620573,0.24457189298425,-0.0599822893083148,1.43088583102947,0.108012740035104,1.26417378325854,0.179092114275904,0.921929340468,0.248202087902892,0.764460942238011,NA
"118","1996","SppRich_nativeSpp",0.361400184238075,0.299846281966623,-0.546393364079517,1.23469431802765,-0.242367855629784,0.960455671484087,-0.121266718735291,0.851278821502105,0.00624943759425375,0.724053454842139,NA
"119","1997","abundance",-0.000703440293040487,0.0113151809263392,-0.0383651261675218,0.0304165296988542,-0.0238398824499014,0.02181091128159,-0.0190425864460656,0.0174906474595842,-0.01422441049754,0.0129580165683483,NA
"120","1997","F_to",-0.00821258139826803,0.0100905126508761,-0.0401256742525477,0.0223318179066227,-0.0294913034442027,0.0116798506328818,-0.02500913804758,0.00756263674282721,-0.0202878104706406,0.00360798997758762,NA
"121","1997","alien_SppRich",0.000341868449344567,0.00111347887423173,-0.00137483772976599,0.00269607544990162,-0.00121873569043702,0.00257264365855816,-0.00109438074882843,0.00243856648598268,-0.000756193889943538,0.00212697623619261,NA
"122","1997","E10",-0.0035503199127048,0.00617484616824001,-0.0143729030619042,0.0217207527999385,-0.0115477287718969,0.0199916657152642,-0.0102575645744189,0.00639050076556029,-0.00891084631013431,0.0010870395553027,NA
"123","1997","FRed",3.02154255841164e-06,0.000957860835934492,-0.00292711835050066,0.0028293470982406,-0.00192122808026274,0.001906964843498,-0.00153676827424646,0.0015283290329805,-0.00113671407792514,0.00113563344808369,NA
"124","1997","FEve",-0.00112806469090475,0.00270625351721001,-0.00941890968306365,0.0065289303658824,-0.00678765685035899,0.0043977438220836,-0.00554853521693495,0.00331648709395441,-0.00421165027821141,0.00215542543573052,NA
"125","1997","turnover",-0.000237871804481682,0.00393950697101325,-0.012238003056823,0.00993246817536438,-0.00844875311093558,0.00737832509545947,-0.00656224157811218,0.00609178249577039,-0.00501076746863611,0.00450920147827923,NA
"126","1997","FRic",0.0132178801090017,0.0081532329946615,-0.0155402020471688,0.0367865797162676,-0.00347986154605786,0.0291558923544082,0.000328169567324493,0.0258860691131385,0.00392780574664589,0.0228659673978675,NA
"127","1997","spp_richness",0.262957020776289,0.158626587703294,-0.159149968370738,0.75945686503933,-0.043564891026229,0.586588043820536,0.0107161057026299,0.516877429597346,0.0700725596463566,0.447443435305154,NA
"128","1997","SppRich_nativeSpp",0.160616698297747,0.251048259804155,-0.556940102937618,0.912264632635338,-0.362936516510259,0.653804816451558,-0.254486076854194,0.565314826703276,-0.142128699050696,0.460254743375627,NA
"129","1998","abundance",-0.00591716897904784,0.0126352951006738,-0.0420205766232038,0.0309019877973199,-0.0317050071404692,0.0198561032108825,-0.0259461446484441,0.0144436991609892,-0.0210586822665348,0.00962888669479786,NA
"130","1998","F_to",-0.00366733255766619,0.011770867396737,-0.0378835328268593,0.0321740292031914,-0.0268126728446081,0.0209638348192431,-0.022096551145738,0.0158439158537871,-0.0171441673920107,0.0107355451657588,NA
"131","1998","alien_SppRich",-0.000817878508968495,0.000791471490915979,-0.00211846501135157,0.000375145978617851,-0.00201943425104715,0.000297084513679021,-0.00197562446757886,0.000245595343506407,-0.00186520846117863,0.0001762829873613,NA
"132","1998","FRic",0.00973387348457712,0.0117309207413758,-0.0229300849022025,0.0463488470186063,-0.0132636485063353,0.033673068040238,-0.00893284058259133,0.0286963408963945,-0.00435392920052736,0.0239568683260303,NA
"133","1998","spp_richness",0.197011867549016,0.163823349625583,-0.250303585034183,0.895068106437159,-0.123809789264831,0.519029770860311,-0.0623689490839887,0.445100607481769,0.00274907123501385,0.377309450060432,NA
"134","1998","E10",-0.00607047832652983,0.00387679909895856,-0.0166336100914577,0.00584197848127327,-0.0135477536389319,0.00195946007896256,-0.0121208479449618,0.00034473148891341,-0.0107200421457795,-0.00131982250043131,NA
"135","1998","FEve",0.000398955260523175,0.00262357069999602,-0.006963707850421,0.00863001308593053,-0.00473320102216869,0.0058051635649363,-0.00369415969699042,0.00473684506396906,-0.00269043596459649,0.00358336293546507,NA
"136","1998","FRed",0.000370331585619169,0.00126921698064101,-0.00386508457809402,0.00372157851332675,-0.00245208262867229,0.00265354397415846,-0.0018036874625027,0.00221605711137248,-0.00119660626306311,0.0017902189920633,NA
"137","1998","turnover",0.000702345202734901,0.00456279907780857,-0.0121112057845577,0.0145088780589279,-0.00841334651486311,0.0097135911022851,-0.00654020906415931,0.00792528012742685,-0.00491936380346441,0.00613526472704162,NA
"138","1998","SppRich_nativeSpp",0.126858670039517,0.234722878032014,-0.632442166720577,0.804112794097002,-0.390999752206136,0.566395636455309,-0.252315560448646,0.479198650094243,-0.151954736463268,0.391670188642492,NA
"139","1999","abundance",-0.0113314247624172,0.00983585400136133,-0.0396364573247245,0.015393877463525,-0.031125384626034,0.00806181747273756,-0.0270216320049007,0.00479373302787071,-0.0233662340712362,0.000943443387360637,NA
"140","1999","F_to",-0.00191671286419498,0.010801096258473,-0.0312621261152214,0.0376121207997348,-0.022030134326199,0.0210323482973211,-0.0179783922851542,0.015632394426013,-0.0140746073679787,0.0107556434892143,NA
"141","1999","alien_SppRich",-0.000433492757547708,0.000654928466579954,-0.0016607781724391,0.000750641135971769,-0.00144893481648848,0.000682035006348356,-0.00131240504487916,0.000638254674357676,-0.00118030964779173,0.000536613168476736,NA
"142","1999","FRic",0.000529494914677355,0.0114292784242151,-0.036942335839664,0.0313366551744139,-0.0226219451959484,0.0225054407959776,-0.0179260422930608,0.0186846491335166,-0.013421325413455,0.0143319795209629,NA
"143","1999","spp_richness",0.0860921814510618,0.188308166505235,-0.615388011552042,0.562972674557459,-0.372472348838433,0.413202764647959,-0.215021029915177,0.354493245823928,-0.125264685203859,0.294611360650546,NA
"144","1999","E10",-0.00490214681945745,0.00369376779962787,-0.0148949040551184,0.00603019930489123,-0.0119185860490057,0.00277700387149318,-0.0105274287024509,0.00127064356520082,-0.00932254735402689,-0.000277620408148679,NA
"145","1999","FEve",0.000959130374816041,0.00275057295151046,-0.00724797458060668,0.0091068027384584,-0.00447603504402025,0.00643200882176522,-0.00334421170341373,0.0054903485478452,-0.00237567292511666,0.00437681111406508,NA
"146","1999","FRed",0.000341575687941715,0.00126524244045792,-0.00617719281174786,0.00303823495842444,-0.00242296692488541,0.00233279686443212,-0.00168382145202521,0.00203225857415685,-0.00109941553853507,0.00166853730668388,NA
"147","1999","turnover",0.000637744187677687,0.00398938075696798,-0.0121212042891314,0.0107328473415635,-0.00777870408423008,0.00822882387386689,-0.00626232299321334,0.00692295265748821,-0.00440354255712297,0.00538160280226893,NA
"148","1999","SppRich_nativeSpp",0.0768263634697529,0.194918526113989,-0.496003565660598,0.651631533877463,-0.300759869961481,0.468802688484212,-0.230679510375311,0.395759792601475,-0.158198092261598,0.3152111152881,NA
"149","2000","FRed",0.000580873515714169,0.000888139242614081,-0.00230741493576273,0.00286447713703686,-0.00142138364514919,0.00219601395059613,-0.00101080523467164,0.00191491339436848,-0.000519280471197311,0.00161395078658902,530
"150","2000","turnover",-0.000371034724104228,0.00354456312157738,-0.0111461426954561,0.00842710834585415,-0.00796242663015822,0.00623973166664888,-0.00648725004228474,0.00517648599508954,-0.00482931984812808,0.00392947143183203,530
"151","2000","FEve",7.17267915112918e-05,0.00223416757503088,-0.00578645342884058,0.00652793959169121,-0.00428792290108224,0.00463826017193919,-0.00353258577924262,0.00380844318173992,-0.00266429350488507,0.00287424090401279,530
"152","2000","F_to",0.00335896671010065,0.0134247672029056,-0.0381109925059173,0.0428328859785776,-0.0235603899465323,0.0314106926934959,-0.0186379346916348,0.0249422494120435,-0.0127193504067631,0.0191396714117648,530
"153","2000","spp_richness",0.13539070574863,0.137258132013254,-0.255101414617908,0.503197917635563,-0.144225384422695,0.389152111036602,-0.0945955184894191,0.351606745308794,-0.0392072127331641,0.302038104219321,530
"154","2000","E10",-0.00269472335312699,0.00319469387311008,-0.0110740826322888,0.00678455262075982,-0.00855373733114799,0.0039979355621588,-0.00756146960245913,0.00271847058100522,-0.00645464626167834,0.00126928995647795,530
"155","2000","shannonsH",0.0151593404744081,0.00870490288929236,-0.0124006444475102,0.0393293836192008,-0.00317822672269732,0.0311047029478946,0.000388888331905735,0.0279563219418428,0.0041428059214213,0.0254036655823106,530
"156","2000","FRic",-0.00723740778334188,0.0129588152668014,-0.0455285214707582,0.0299015915940343,-0.0336314582362651,0.0177155518421849,-0.0281577355893504,0.0131168877038095,-0.0229483130559738,0.00841995078526266,530
"157","2000","spp_rich_rare",0.160830767627199,0.0671853028069488,-0.0261870535396447,0.368403065513713,0.0268143293954178,0.297857100726239,0.0542599150960618,0.270952711638072,0.0785795246893437,0.243395745446831,530
"158","2000","abundance",-0.00585796299474138,0.00853044727516409,-0.0291415493297381,0.022988788128512,-0.0219600587371488,0.0120206997086362,-0.0191294207104031,0.00778655847228503,-0.0159897343850974,0.00434737534707808,530
"159","2000","RaoQ",0.0721514199079891,0.168526424716136,-0.368915955518966,0.606470213641975,-0.233943422684256,0.43295220849822,-0.182489673983781,0.359899381945317,-0.125107474208598,0.282019597501871,530
"160","2000","SppRich_nativeSpp",0.190326638565836,0.16174537176888,-0.262879345735005,0.643551613348033,-0.141792915411655,0.508016651475292,-0.0779222098539462,0.453122009291923,-0.012479047671232,0.386772220618104,530
"161","2000","alien_SppRich",0.000476082271218185,0.000326879663117049,-0.000579092686995776,0.00123399660449735,-0.000347722865569438,0.00114880096392475,-1.16720959404739e-05,0.00108543382817683,0.000115187052910824,0.000864678253906207,530
"162","2001","spp_rich_rare",0.0816362813720983,0.0686445144634329,-0.119600881657163,0.275405648164664,-0.0551032023289922,0.217206821643312,-0.0318296351655989,0.191373009088685,-0.00245718720958358,0.164325945903789,548
"163","2001","spp_richness",0.0870962492844056,0.141794014011904,-0.386808325100308,0.465438947232813,-0.217181757133937,0.356766873990595,-0.151745702803729,0.303367067288459,-0.0895970386374153,0.250512530294449,548
"164","2001","SppRich_nativeSpp",0.02652457314623,0.157662287018815,-0.454621900449913,0.453541995651092,-0.302161070288809,0.327427915550373,-0.240542400461438,0.271554060134274,-0.169612137495607,0.211005951695017,548
"165","2001","FEve",-0.000828132993319695,0.00204583311495038,-0.00648631143087146,0.00507583218288832,-0.00479117434345713,0.0032998756796128,-0.00410908600811709,0.00251558219742044,-0.00333246258296622,0.00174231138176061,548
"166","2001","FRic",-0.00212447227770174,0.00981753757446901,-0.0286893512552754,0.0283857033351446,-0.0214536145179102,0.0183228600224637,-0.0175524996347502,0.0138885674637214,-0.013816082472869,0.0100181219510197,548
"167","2001","RaoQ",0.0380904784756996,0.137692920841908,-0.303127829950962,0.470706210518102,-0.21822136223409,0.32996039117161,-0.174285614460841,0.273038887634416,-0.121566738480491,0.209061417328264,548
"168","2001","E10",-0.00373341217020733,0.00268049533606261,-0.0106568586447177,0.00447364068167906,-0.00872052598450216,0.00191924718576075,-0.00786300572169259,0.000807392470806612,-0.00694329553574658,-0.000333456318866632,548
"169","2001","FRed",-0.000174043114645335,0.0010632661567005,-0.00390364269426165,0.00245818950530722,-0.00256400517230852,0.00160774347384259,-0.0019567800442331,0.0012945998317755,-0.00142826007897643,0.000965099178580701,548
"170","2001","F_to",0.00984453617125226,0.0131763181412583,-0.0125092469668384,0.0365447368944985,-0.010623630944907,0.0334009495821883,-0.0090504947132857,0.0310101857093379,-0.00539231507711332,0.0281931371414121,548
"171","2001","abundance",-0.00167009340388726,0.00842283855929172,-0.0243058716508073,0.0234396788278721,-0.0178167064098504,0.016132368738975,-0.0147662546157352,0.0127809264147783,-0.0117935640334762,0.00867185818118602,548
"172","2001","shannonsH",0.00860634405444515,0.00779509433787334,-0.0189701915611774,0.0303514706412302,-0.00754613230782034,0.023019527830277,-0.00424893734808165,0.0204439066258949,-0.00107509382282457,0.0177296419961132,548
"173","2001","alien_SppRich",0.000698192274002754,0.00127552879403017,-0.00127920813907338,0.00342085696623872,-0.00115979245248884,0.0032435390048633,-0.00106939198455187,0.00300892104620985,-0.000954665553211963,0.00249036532030371,548
"174","2001","turnover",-0.00316120794871565,0.00352737778164947,-0.0130197675156961,0.00655971472211944,-0.0103225776521765,0.0037837972105483,-0.00901854179878746,0.00254719285403418,-0.00756584397720208,0.00115904918728041,548
"175","2002","spp_richness",0.135566743137642,0.13868022626633,-0.222795414095953,0.550771529443227,-0.131883023469211,0.42549952271609,-0.0818399880549788,0.368320255128089,-0.0357575684190909,0.307724908363291,556
"176","2002","FRic",0.00473837502394584,0.0086398864302653,-0.0198228872950387,0.0294112318843339,-0.012046125041694,0.0228195354470911,-0.00914828015016748,0.0194495362549651,-0.00558242364960399,0.015460389006196,556
"177","2002","SppRich_nativeSpp",0.0968188424593611,0.152467573603299,-0.343144591649093,0.532929714434599,-0.203024292327619,0.41115846485468,-0.149059700995911,0.349340777430267,-0.0884102136462912,0.282615499734784,556
"178","2002","FEve",-0.00187168938171111,0.00172605616723583,-0.00627206757818102,0.00358896036483825,-0.00503878092475068,0.0018593135851306,-0.00453577184760586,0.00100661398415652,-0.00396028882763967,0.000216241793141911,556
"179","2002","shannonsH",0.00854621571339993,0.00814171112656508,-0.0165425049630854,0.0300680190680362,-0.00898084602622198,0.023732575078879,-0.00534554348162984,0.0208696992172277,-0.00160455768446243,0.0181787796283946,556
"180","2002","F_to",0.0100197760474452,0.00903204588839201,-0.0103049734727056,0.0262524497827838,-0.00848641224962986,0.0242617630474094,-0.00666268866029999,0.0228100723681899,-0.00427657864828694,0.0200966475927279,556
"181","2002","spp_rich_rare",0.0490289137843361,0.0787663327659104,-0.173935542010904,0.271222186614012,-0.109046870825613,0.210765011928025,-0.079220939628085,0.178676962135548,-0.0472366539090309,0.1456036928537,556
"182","2002","RaoQ",0.0688188504071788,0.133804262718046,-0.306822925927684,0.456456085456672,-0.195348057120789,0.353134145670177,-0.143213670643965,0.294404552131838,-0.0910482893228752,0.234417220471196,556
"183","2002","alien_SppRich",-0.000217987485833911,0.000731769431207062,-0.00191467638988578,0.00107280417282371,-0.0017267358471796,0.000877253435144293,-0.00154149511879475,0.000527606300480686,-0.00142245416099049,0.000436070575501157,556
"184","2002","abundance",0.0044110459327704,0.00748403284809573,-0.01671570351876,0.0276793694433649,-0.00991690543739516,0.0200883211555303,-0.00721340308244016,0.0171051869776089,-0.00430487318117365,0.0136554542669363,556
"185","2002","E10",-0.00228475929532449,0.00241308578101516,-0.00946389764768912,0.00466511840789779,-0.00721894149803944,0.00245829683610497,-0.00617738640900483,0.00155178648770282,-0.0052029277638498,0.000651503565088373,556
"186","2002","turnover",-0.00426455158295635,0.00355788880693931,-0.0146391553497845,0.00576312863794467,-0.0112838994596389,0.00261299183274138,-0.0100598333083552,0.00137551472609966,-0.00876968547349115,8.70506525652637e-05,556
"187","2002","FRed",-0.00119898144641392,0.00116234046516676,-0.0048497565743985,0.00187110409566036,-0.00366846852883814,0.000954798402143212,-0.00320562981675433,0.000549732137892335,-0.00266754310571804,0.000145911718888698,556
"188","2003","FRic",3.73324372114512e-05,0.00678469435985704,-0.0219933074030703,0.0180125610042383,-0.013824612556116,0.0131665324307153,-0.0111082489557829,0.0108677970602225,-0.00822049157387618,0.00821723766573563,556
"189","2003","FEve",-0.00194538960684752,0.00179937158669825,-0.0071312978806446,0.00295585416922885,-0.0057261523525755,0.00144664391046989,-0.00496608239370878,0.000872789686535572,-0.00422539112162316,0.000255660091036451,556
"190","2003","abundance",0.00678719196273409,0.00865767089440178,-0.0190233979116721,0.0317887940917935,-0.0100949453523118,0.0243377992142532,-0.00698604001488996,0.0209994874869182,-0.00368894972824496,0.0172213162882838,556
"191","2003","spp_rich_rare",0.0151624091054345,0.0662783563979764,-0.159561742672099,0.226626345225274,-0.109650514312534,0.149068040613637,-0.0883301717844343,0.123879676087081,-0.0652303610119941,0.097079656658077,556
"192","2003","RaoQ",0.0928704933505501,0.136848503719911,-0.280656152685625,0.4980268065322,-0.171732712985033,0.36220093026559,-0.124139189606276,0.310949602687931,-0.0722888811494705,0.256882832729505,556
"193","2003","SppRich_nativeSpp",-0.0152941221027084,0.134219630234702,-0.374091856676804,0.430830030064488,-0.277429485185946,0.283591896603634,-0.224946101740785,0.213521095346526,-0.172432953902013,0.146383561509875,556
"194","2003","spp_richness",0.0501704272129922,0.124696570890625,-0.265162755944069,0.415858803619105,-0.187014390629517,0.323395172108821,-0.145302988460298,0.265162209003736,-0.100430824940453,0.205803680502577,556
"195","2003","E10",-0.00120420423582151,0.00195371890227864,-0.00684323773324446,0.00453707842256236,-0.00510739961054157,0.00281788949894035,-0.00435693992088056,0.00196345053858873,-0.00354538227830978,0.00115723303923108,556
"196","2003","turnover",-0.00514608926893529,0.00216840350115783,-0.010990710428499,0.00117404432688546,-0.00939694627752037,-0.000724723360108606,-0.00862173649714456,-0.00153398185482319,-0.00782755721348436,-0.00251335564766935,556
"197","2003","alien_SppRich",-0.000442243063609837,0.00107123264083864,-0.00237207961777488,0.00111837686481916,-0.00224347508392536,0.0010131193142238,-0.00219356901457973,0.000946823838710773,-0.00211424199262773,0.000781785569394087,556
"198","2003","shannonsH",-0.000102774407269669,0.00827404814661194,-0.0248011092264277,0.0247095016832014,-0.017391520618158,0.0161926839428467,-0.0139898434043767,0.0130897412392709,-0.0100061740990262,0.00970001421786593,556
"199","2003","F_to",0.0177112492569695,0.00898934726468732,-0.000742710968022921,0.0346940159455759,0.00106843982619404,0.0334499255956569,0.00211599489511445,0.0319691361827988,0.0040453447102641,0.0295051116896748,556
"200","2003","FRed",-0.00108880839877004,0.000833286697734688,-0.00394809375417147,0.000921854792254189,-0.00304263566468794,0.000361318168678529,-0.00255825744049229,0.0001320010647921,-0.00212491415246312,-0.00013536410321994,556
"201","2004","F_to",0.000330653743610532,0.00572165469900407,-0.0109546035080798,0.011421405822914,-0.010102260523669,0.0106842004486952,-0.00967939746822669,0.00928720442761263,-0.00797041065851469,0.00803338492709135,555
"202","2004","FRic",0.000546214393462119,0.005466538879019,-0.0152045616102616,0.0169628830490332,-0.0104335989080707,0.011494360064025,-0.00824878814700868,0.00929520181044415,-0.00604536954665428,0.00697090300544862,555
"203","2004","SppRich_nativeSpp",-0.0369531398797532,0.204438915131705,-0.608735900768032,0.573941989601634,-0.442661188015408,0.385719506267457,-0.365864985037804,0.30689261038314,-0.282027093387584,0.21226934531106,555
"204","2004","E10",-0.00112576721767809,0.00191776213026839,-0.00676594501253824,0.00480369636793026,-0.00501760056766742,0.0027973198891249,-0.00416984672181549,0.00196185573583815,-0.00337244630792347,0.00115705379546136,555
"205","2004","turnover",-0.000405197043504943,0.0045041037434235,-0.0133875382897015,0.0120497069843953,-0.00933356818804577,0.00849005904469133,-0.00785918317243365,0.00701987974501762,-0.00603506902950863,0.00516883551906576,555
"206","2004","alien_SppRich",0.000703063814972513,0.00105303339549958,-0.000921779967217614,0.00246800053949259,-0.000800129516730569,0.00240350451458713,-0.000629087210655916,0.00233722229379953,-0.000502861419000711,0.00214971966142339,555
"207","2004","spp_rich_rare",-0.0170028647768377,0.0814275079720215,-0.252654599721161,0.229139554495899,-0.184990437720567,0.149623997723465,-0.147162914707152,0.115507963663706,-0.114503976839539,0.0809177522710361,555
"208","2004","abundance",0.00567882388789414,0.00809815575922238,-0.0173983654087585,0.0308056803717477,-0.010557356343533,0.0221004653228309,-0.00708278861672726,0.0193358953823314,-0.00403262481115957,0.0155288163186868,555
"209","2004","FRed",-0.000266351520171376,0.00075599500584453,-0.00278441725373748,0.00180520596874549,-0.00185973797662724,0.00113703816030379,-0.00147015031816724,0.000875656262949061,-0.0011624550658637,0.000626799100504765,555
"210","2004","RaoQ",0.0995689911619652,0.127823029258592,-0.25456204351453,0.492570490896689,-0.145792709058826,0.370419246025763,-0.0981903386031964,0.313521010918228,-0.0506428536983309,0.260236170810049,555
"211","2004","shannonsH",0.00218013478485014,0.00932468543657121,-0.0236447573734948,0.0338491982257861,-0.0160369680548725,0.0211032892764725,-0.0125412819631614,0.0175416061367764,-0.00931705900064154,0.0132578162157032,555
"212","2004","spp_richness",0.00419726442673444,0.172151917150615,-0.474496886710323,0.537218229932428,-0.33466036059718,0.356597115457447,-0.267376919558202,0.286688994292722,-0.204758569488683,0.211562718461001,555
"213","2004","FEve",-0.00121991216628941,0.00178550035939154,-0.00629327144725157,0.0035592437924707,-0.00494296117559224,0.00222058851779517,-0.00431690276949364,0.00153282068276054,-0.0035088083941752,0.000924482631278101,555
"214","2005","alien_SppRich",0.000471188118784668,0.000870670863166892,-0.0010163190863278,0.00207143832008609,-0.000930852837070455,0.00199637845644586,-0.000837207408502469,0.00195256139021541,-0.000572872087924882,0.00187073607095438,555
"215","2005","E10",-0.00315664849308227,0.00241811237167118,-0.00995800667489452,0.00448674523022573,-0.00792859914611215,0.00174537616601739,-0.00701820283393402,0.000828189572006129,-0.00606365229491976,-0.000236226574264123,555
"216","2005","turnover",0.00284558057969264,0.00472531026319055,-0.0103483539607831,0.0162916209326819,-0.00645409425703953,0.0124800976995816,-0.00473181779920032,0.0107705977330943,-0.00294961314046774,0.00862644481843752,555
"217","2005","abundance",0.00489015507856162,0.00466601971576717,-0.00911671504499154,0.0185068544090236,-0.00437205109725049,0.0140448223038258,-0.00260575357505474,0.0122649247445093,-0.000853954607967528,0.0106215345743569,555
"218","2005","shannonsH",-0.000433669269571774,0.00852725428040044,-0.0282137497250341,0.0224762181177194,-0.0183890027337199,0.0153682092269199,-0.0144933843565843,0.0129288715474353,-0.0109382809295476,0.00980464338091284,555
"219","2005","RaoQ",0.0387940937261737,0.0997136123009106,-0.254458342397598,0.305323173830262,-0.15307508853894,0.240210063466133,-0.115935807868252,0.203022384862172,-0.0807108040410392,0.16434629755624,555
"220","2005","SppRich_nativeSpp",-0.035699240461912,0.205023723992663,-0.626262973508607,0.576679469638755,-0.436862138133321,0.388957457292476,-0.358215378668375,0.299608161840654,-0.28428217638598,0.211459469652146,555
"221","2005","spp_rich_rare",-0.0488864824480422,0.0977939959431782,-0.335524960767388,0.326187731512156,-0.242830853328712,0.138920724263059,-0.204556446283293,0.0998604352592373,-0.164522151569471,0.0613442116859842,555
"222","2005","spp_richness",0.0248193080148583,0.164688261462074,-0.448520508622547,0.516045560709869,-0.302914958000642,0.359659731086369,-0.243661063155594,0.292515062470402,-0.178045939152958,0.222276313958127,555
"223","2005","F_to",0.00254354196175209,0.0096100538685525,-0.0113395522489011,0.0182545929339295,-0.0100588067771082,0.0172329535581136,-0.00936037927974379,0.0165253987747332,-0.00848200372370727,0.0153581227187556,555
"224","2005","FEve",-0.00242691194466628,0.00184167860095462,-0.00778465488005327,0.00238384961290523,-0.00627545832925286,0.000937648840108161,-0.00551114886018742,0.00046010583000942,-0.00476125317540114,-0.000185046482465846,555
"225","2005","FRic",0.00195733106496218,0.00649333911913983,-0.0190533936099426,0.0193983335850519,-0.0114616363192377,0.0143554656814509,-0.00886524892463413,0.011944060195073,-0.00588315113459859,0.00950964858045082,555
"226","2005","FRed",1.62509613728756e-05,0.000966705399413235,-0.0029245607006277,0.00250487597574337,-0.00202393759291493,0.00181803454434642,-0.00162124356573224,0.00150430849078101,-0.00122493927414429,0.00117028926200479,555
"227","2006","E10",-0.00171768218030962,0.0024789163493548,-0.00893588363769013,0.00521042998183358,-0.00681248066797518,0.00316405604968906,-0.00581198226183571,0.00230085345329177,-0.00481225476358102,0.00130722147536811,555
"228","2006","turnover",-0.000494303720676201,0.0035667446256164,-0.00996618070196735,0.00984431740116379,-0.00739485785595149,0.00674802875957754,-0.00622026576994209,0.00533688068928222,-0.00484463933633917,0.00390541479741856,555
"229","2006","abundance",0.00570453937896945,0.00605566683834446,-0.014534807905963,0.0223815709753015,-0.00782851202258203,0.0169011907907284,-0.00453337475478476,0.0146719288661539,-0.00156080299364047,0.0126668212654398,555
"230","2006","shannonsH",-0.00393038156695446,0.00929800605653711,-0.0312569849355879,0.0215327652375547,-0.0233901510121687,0.0142840706499817,-0.0195037910375528,0.0106249609366674,-0.015536438114925,0.00729918698221103,555
"231","2006","alien_SppRich",0.000487747627865905,0.000857738479528913,-0.00128772363935219,0.00190043866827204,-0.00117950698393607,0.00172207265829281,-0.00109353910034973,0.00163659568199983,-0.000954182326398482,0.00152937013200466,555
"232","2006","spp_richness",0.032938680704319,0.198691298555978,-0.565666262021837,0.609522821265558,-0.366375625277588,0.43477607398193,-0.287941545033596,0.361933624150842,-0.206183796754654,0.276041438147492,555
"233","2006","FEve",-0.00137730458104536,0.00191202658951902,-0.00967166692406663,0.00309765434145844,-0.00537115822995589,0.00185390683015923,-0.00442248258849497,0.00134863384094576,-0.00351869382814332,0.000751232868327367,555
"234","2006","RaoQ",-0.0289085031059338,0.194455376109748,-0.638569754260255,0.532427299613266,-0.437220755925518,0.345222419426967,-0.35725847772706,0.266627016757712,-0.266191330962467,0.193799928999366,555
"235","2006","spp_rich_rare",-0.0546123548699015,0.0972549268266661,-0.315559989420442,0.199303936198945,-0.286402464568146,0.124979358746445,-0.25525954854647,0.0927280706956085,-0.179882915591411,0.0571707159636201,555
"236","2006","SppRich_nativeSpp",-0.0415073068500912,0.212459504869695,-0.631024658023313,0.569110853869523,-0.461392781242965,0.396163483368571,-0.387555135879229,0.310516422506976,-0.303224222087991,0.220023231765297,555
"237","2006","FRed",0.000451045128059783,0.000683939294394989,-0.00164243828838232,0.00226711367227319,-0.000988173703366495,0.00177811322663062,-0.000727222761844072,0.00151815650838576,-0.000409427148653128,0.00126582865350744,555
"238","2006","FRic",0.000491365431322629,0.00752599252059314,-0.0259447760120566,0.0221160185968459,-0.015444606532842,0.0148615841281634,-0.0119924004925101,0.0119733659019201,-0.008473871574978,0.00887215733021525,555
"239","2006","F_to",-0.000584604134043147,0.00749601365228018,-0.0143344046542997,0.0159070255354014,-0.0122031953098839,0.0142336873793817,-0.0114265545642062,0.01331683606087,-0.0102462615516752,0.0107093681526364,555
"240","2007","alien_SppRich",-0.000476809842754388,0.000746539402505126,-0.00174430944522678,0.000632369243493896,-0.00165677997493083,0.000542497593071781,-0.00160551768225478,0.000466150816167244,-0.0014985627918212,0.000381502552911374,555
"241","2007","turnover",-0.00163761480158055,0.00397597690090467,-0.0127004227978508,0.0100886665825389,-0.00934022710322114,0.00671295905441206,-0.0077470713820583,0.00520072989208475,-0.00639525848608065,0.00336844469864563,555
"242","2007","FEve",-0.00125228419403147,0.00158702010886635,-0.00631293547162194,0.00310326625618208,-0.0045510597691509,0.00167860204008367,-0.00388220229760795,0.00120260838335261,-0.00323981069846579,0.000631085626217738,555
"243","2007","spp_richness",0.0506769576753147,0.172731242748934,-0.486003976127141,0.537932037145349,-0.311908759129527,0.38649663604993,-0.239989468248007,0.319162953760318,-0.167001221239271,0.252290891186571,555
"244","2007","E10",-0.00145931375807739,0.00332766860037633,-0.0105827434501312,0.00853935569127484,-0.00777548498230734,0.00528420895152947,-0.00669488482732006,0.00404169638613835,-0.00541503154739288,0.00266086173744353,555
"245","2007","shannonsH",0.00241620508494401,0.00662307753589741,-0.0164356158161674,0.0213308245834108,-0.0113518051466213,0.015738322134922,-0.00851627655736775,0.012999070284587,-0.00559243822721528,0.0103766968515736,555
"246","2007","abundance",0.00598599680676219,0.00596115174188745,-0.0127249316655371,0.0219130764452056,-0.00670816630710347,0.0172557633835523,-0.00401396699588619,0.0151761053180759,-0.00131959571595174,0.0129822980749253,555
"247","2007","RaoQ",-0.0781985857676207,0.106531296076066,-0.458669469472432,0.212482042042379,-0.330474595773438,0.128740986959496,-0.253895898611149,0.0805082184409963,-0.199488568439243,0.0395913869358365,555
"248","2007","FRic",0.00257808954064958,0.00861027515922026,-0.0258355474226137,0.0249466877114972,-0.0167975485623656,0.0181681607769324,-0.0127824025495327,0.0150146161312294,-0.00806032490870084,0.012471649571584,555
"249","2007","spp_rich_rare",0.0225537697726284,0.0626954715657465,-0.184725005878486,0.177476526347866,-0.108632988173488,0.132718725076401,-0.0836957868304704,0.115194020687421,-0.0538349225840101,0.0959508713814633,555
"250","2007","F_to",0.0045966989238895,0.00454951109669449,-0.00578935776728513,0.014229692918672,-0.00493748262585268,0.0124034377230971,-0.00344940625121377,0.0111718458077575,-0.00129735339531795,0.0100512696321375,555
"251","2007","FRed",0.000146617218558896,0.0009355819999086,-0.00252430202686921,0.00324651457653021,-0.00168778556106103,0.00204346916859665,-0.00131787410380041,0.00165941992639067,-0.000959347708729746,0.00126675845107344,555
"252","2007","SppRich_nativeSpp",-0.0248373384027215,0.21031553320486,-0.636214776315279,0.543683538389065,-0.448498853511909,0.38183831082646,-0.362872948041562,0.314992540937095,-0.281602200759321,0.231847992143997,555
"253","2008","alien_SppRich",6.00242669093696e-05,0.00122071408485956,-0.00164018954899393,0.0022666485335648,-0.00154263299692682,0.00212895027174813,-0.00147753506070548,0.00207881773709894,-0.00139643748322623,0.00200710099391311,555
"254","2008","E10",-8.18477045270821e-05,0.0022756601344672,-0.00631294137074449,0.00759986420522743,-0.00434676344075449,0.00480102765624675,-0.00354230629987743,0.00379884252096134,-0.00277074961727034,0.00273514633199542,555
"255","2008","turnover",-0.00195771703254907,0.00414466766558501,-0.0140749298276394,0.00883959281381834,-0.0103679487008113,0.00614933249959536,-0.00878580279775903,0.00477804217524851,-0.00713464225869634,0.00330420914020313,555
"256","2008","RaoQ",0.0222748189668598,0.0748230456796636,-0.212482097077167,0.228908617560554,-0.134561202141624,0.170657439198363,-0.102345699717231,0.139401178243389,-0.0697338462711979,0.111519980516191,555
"257","2008","FRic",-0.00984400465566113,0.0130912266725151,-0.0493205787334213,0.0243351619728362,-0.0370356602610009,0.0154314707547689,-0.0318950392591636,0.0110561191085456,-0.0268934547267508,0.00588289581045777,555
"258","2008","spp_rich_rare",-0.0340239826279004,0.0929871442989292,-0.333534845541141,0.194360450455256,-0.24006519747683,0.133830828454575,-0.197608185846756,0.101777299088684,-0.150619807372976,0.074139716775669,555
"259","2008","shannonsH",0.001700097073261,0.0112744823779128,-0.0343701490011875,0.0326875341859846,-0.0228317863950636,0.0234951496590026,-0.0175391954225605,0.018962555814583,-0.0120188325980141,0.0149746833550918,555
"260","2008","FRed",-8.69278671063007e-05,0.000716019700880197,-0.00212868900630946,0.00199134731409559,-0.00151852358542604,0.00133875332054519,-0.00123176715657584,0.00108146303983349,-0.000973343596429889,0.000759336353380319,555
"261","2008","F_to",0.00191510063908015,0.00733254029483311,-0.0154620632610002,0.0124139294348439,-0.0145251492191026,0.0113222580990394,-0.0137660675626866,0.0105761804447207,-0.0113145736048528,0.00960421898862859,555
"262","2008","FEve",-0.000265902282648737,0.00167829955079141,-0.00519602658108802,0.00440955885549768,-0.00360520461064688,0.00296659627557795,-0.00303583852871538,0.00241561095330438,-0.00237402004592855,0.0017668219634848,555
"263","2008","spp_richness",0.0506800330166091,0.169003525911288,-0.455990535502272,0.490435343930154,-0.306890939529338,0.365217376687827,-0.242309204555867,0.309787452242771,-0.163919074336977,0.251891458593746,555
"264","2008","SppRich_nativeSpp",-0.0506954306413756,0.208528732034628,-0.67706863544721,0.543383353633501,-0.505361517057776,0.372043870947229,-0.403088592802441,0.276736283673562,-0.306589802634835,0.190876187753852,555
"265","2008","abundance",0.00243921882212188,0.00642442024025796,-0.0153113736705152,0.0212725113685549,-0.0101647112126184,0.0156063824894426,-0.00773305714912576,0.0131713155319027,-0.00535217712758196,0.0103762172392463,555
"266","2009","shannonsH",-0.00169983596488784,0.00746116652649412,-0.0225425132557899,0.0183999562365399,-0.0172830123254125,0.0127453982741057,-0.0144962655442899,0.0102181284094555,-0.0112085486443459,0.00747175846225934,555
"267","2009","FEve",0.000462361467930281,0.00176604324167216,-0.00432669133211262,0.00592070948873137,-0.00288876609994706,0.00432033819503684,-0.00220520854831068,0.00347986041044415,-0.00160456990801809,0.00263402888926038,555
"268","2009","turnover",-0.000429697586329614,0.0025700249545399,-0.00826876380938698,0.00667321904548162,-0.00548643563655444,0.00462276417608564,-0.00462506381882923,0.00377340259326328,-0.00353362634488086,0.00274674599324772,555
"269","2009","abundance",-0.00503644330191463,0.00615764559018022,-0.0241209478562853,0.0132218257044636,-0.0171873507264832,0.00766889348079982,-0.0148120913497547,0.0049908930041974,-0.012284216625136,0.00237252303524532,555
"270","2009","FRic",-0.00256237009778438,0.00896937322568639,-0.0330211605330806,0.0189927457856529,-0.0230003548313724,0.0131440113279299,-0.0181453460014193,0.0103782392266553,-0.0140285130879704,0.00763040817081537,555
"271","2009","E10",-0.000293005824003312,0.00211749272391653,-0.00640257160394655,0.00609040698909171,-0.00441411363964223,0.00425805253839046,-0.0035844299768846,0.00331706385117086,-0.00284769903140874,0.00228510649395503,555
"272","2009","spp_rich_rare",-0.0283712612282376,0.0842965200911263,-0.278151918832511,0.195399427436916,-0.20180672731734,0.128331977825728,-0.170116348303028,0.102071138774404,-0.134671256413396,0.0734925393629314,555
"273","2009","FRed",0.000508490068122884,0.00113169130976396,-0.00278489351910147,0.00377247148080756,-0.00170022836025025,0.00286267383419347,-0.00127146432910822,0.00240825139913588,-0.000833426338291066,0.00189980000369584,555
"274","2009","RaoQ",-0.0255938348002081,0.090140868111493,-0.307297152794298,0.202774208242561,-0.215714363318198,0.149937311490284,-0.177240372903099,0.117784516700907,-0.139842142896397,0.0833201094766966,555
"275","2009","alien_SppRich",-7.19901265543961e-05,0.000798765792355051,-0.00146487030316433,0.00142364245708314,-0.00141760499580056,0.00134670812352506,-0.00134940883109671,0.00130694470958345,-0.00104661226225209,0.00118440332788963,555
"276","2009","F_to",-0.000608406047196797,0.00722789465597709,-0.0138483523137747,0.013613289299314,-0.0110664307523943,0.0124480853092894,-0.010370551299969,0.0110007880717959,-0.00945041934599292,0.00929441717830231,555
"277","2009","spp_richness",-0.0296567928012896,0.146023753269629,-0.437199300670387,0.375281899176752,-0.341368838095363,0.24128734193623,-0.275635508308662,0.194494778363474,-0.209472141341216,0.145883823733334,555
"278","2009","SppRich_nativeSpp",-0.157183061514058,0.415070720086241,-1.3456446304901,2.33951681619984,-1.00105391915123,0.619805498727968,-0.797166476317535,0.35891171681502,-0.583564940865184,0.179215008921339,555
"279","2010","spp_rich_rare",-0.00834772723111719,0.0938806883916463,-0.298700815737502,0.243795401780235,-0.204281651249493,0.170966816303852,-0.163037364751194,0.141377202024997,-0.124350340296067,0.10697853443751,535
"280","2010","RaoQ",-0.038979918653401,0.100603151295065,-0.319357084888256,0.259965080944529,-0.239828622714945,0.170670506013595,-0.204264667507224,0.129079165918126,-0.162702924518914,0.0834587212613639,535
"281","2010","turnover",-0.00646923473453251,0.00579045340030349,-0.0223395647192657,0.0109968840684517,-0.0175186348031358,0.00554452386947524,-0.0154875805059189,0.0029802911427344,-0.0133796055579371,0.000680695831266666,535
"282","2010","shannonsH",-0.000731991930119095,0.00914797813137315,-0.0239139070820298,0.0333779286128139,-0.0175411852367361,0.0185618098563788,-0.0142624325284799,0.0139916376336328,-0.0112293636030215,0.010080699532281,535
"283","2010","abundance",-0.00293319103155875,0.00709720499912118,-0.0210540821459016,0.0321645803506313,-0.0155536590557564,0.0120181711439667,-0.013300300617212,0.00827591770619441,-0.0108024880338709,0.0051145564859754,535
"284","2010","alien_SppRich",-0.000315395476461186,0.00114555323825916,-0.00272997728055566,0.00190635149851775,-0.00260762591831015,0.00177746271739013,-0.00243988812416862,0.00168823450472266,-0.00209090978630009,0.00112491771284208,535
"285","2010","F_to",0.00257964071022441,0.00524133083136707,-0.00934169007928112,0.0130363988454517,-0.00837592705077346,0.0113668775663016,-0.00708082919106003,0.0103985003828656,-0.00555331497691959,0.00940407563941654,535
"286","2010","FEve",-0.000320176825142779,0.00321133344868997,-0.00982736890992714,0.0089164182132709,-0.00674394715006448,0.00600927912738835,-0.00545494788010049,0.00478384799940395,-0.00413490415429833,0.00355877831966821,535
"287","2010","FRed",0.00111985227398298,0.00156605482302847,-0.00308917601517317,0.00565535894021283,-0.00193255193523307,0.00428555057038931,-0.00142033818605199,0.00365076640490438,-0.000832355979472712,0.00303226187093145,535
"288","2010","E10",0.000294892690704664,0.00226808985046317,-0.0066355045488931,0.00712121906041576,-0.00434560708914078,0.0050120449200239,-0.00334429050081087,0.00400160326416989,-0.00237178564786733,0.0029552478560073,535
"289","2010","spp_richness",0.135414972580678,0.14309453042624,-0.304127769520806,0.521061540007064,-0.148256935680066,0.414628796271548,-0.100449503720823,0.367620527021688,-0.0475394931303341,0.310112819773541,535
"290","2010","FRic",0.00224757781406256,0.00703333455574747,-0.0196592875288995,0.0229445987441052,-0.0127755421958026,0.0168076374037681,-0.00929659615075696,0.0135882246180959,-0.00628977377160818,0.0105133779400657,535
"291","2011","spp_rich_rare",0.0336945574691286,0.101152642113143,-0.247742379693716,0.303105248285536,-0.180474686581284,0.228953518775345,-0.132956187753946,0.194709227245646,-0.0915054903305389,0.158909431060832,516
"292","2011","F_to",-0.00401710537902735,0.0125190915736092,-0.0262167156990415,0.0217080888504399,-0.0250337076752919,0.0202871501284971,-0.0244926031024991,0.0181706542153192,-0.0230625079613105,0.0130655637753902,516
"293","2011","shannonsH",-0.00242732293166801,0.00997185873408816,-0.0330983797382911,0.0260988351114822,-0.0234999866224972,0.0170934191714102,-0.0190862953139695,0.0128338390114729,-0.0140542007957818,0.00924695842260711,516
"294","2011","abundance",-0.0108021359932944,0.0095394804666144,-0.0361116323000365,0.0227026200907735,-0.0282335547558793,0.0106176723360349,-0.0250904199436325,0.00558402873294122,-0.0216318020899872,0.000782858018709177,516
"295","2011","FEve",0.00181604639649007,0.00392905802039648,-0.00995365797444582,0.0130651605169183,-0.00623644788186716,0.00921284107235396,-0.00484682101524925,0.0079222504164268,-0.00322697596392259,0.00644542425332805,516
"296","2011","RaoQ",-0.073649003566808,0.243020936700604,-0.737530016613042,0.65615608528694,-0.544186070314316,0.389873497934986,-0.45772159893701,0.303189676035743,-0.364513779513732,0.216459008606983,516
"297","2011","FRed",-0.000303148575898223,0.00122501804531198,-0.00351719012350635,0.00371353073250181,-0.00260395559647617,0.00230456149438426,-0.00216382759785183,0.00177762494322353,-0.00170794897373961,0.00122531323907099,516
"298","2011","alien_SppRich",0.000891622177949616,0.00147296165265481,-0.00109799148753622,0.00336287858912827,-0.000998109376482576,0.00327569479574699,-0.000898237214846361,0.00319770421259534,-0.000692448275175773,0.00304204663388369,516
"299","2011","E10",0.000798561737139381,0.0026328907498799,-0.0076838385530925,0.00765983105770044,-0.00496714752933895,0.00582355545840782,-0.00357008362382069,0.00484808121906063,-0.00236106676124601,0.00387023013483669,516
"300","2011","turnover",-0.000900767273370286,0.00318069616103006,-0.0109608174001437,0.00851706156276609,-0.00721258490579471,0.00534953417984232,-0.00594529636709141,0.00402776793751923,-0.00472635054564147,0.00285074819209027,516
"301","2011","FRic",0.00481115528901088,0.00928741058050334,-0.0244611564213985,0.0334490601893262,-0.0140292463127131,0.0235394692648638,-0.00992284646859903,0.0200049985151413,-0.00581041339864345,0.0155447937925733,516
"302","2011","spp_richness",0.16559156144715,0.188376363220273,-0.420560505236222,0.691847189499558,-0.223320014523532,0.535671603211398,-0.141988087230812,0.461985305726914,-0.0600405865958719,0.390976336574372,516
"303","2012","shannonsH",-0.000365770863246057,0.0154917596369361,-0.047872290357273,0.0434681830756437,-0.0320921982252161,0.0311329371708486,-0.0259106990208056,0.0252949946352929,-0.0190911423444241,0.0182547365513602,475
"304","2012","F_to",-0.00163662236448194,0.0116494529504577,-0.0298878328870309,0.0156432673295087,-0.0265591345155181,0.0147205207545963,-0.0245516845080599,0.013695109972982,-0.020455797403375,0.0121199622483633,475
"305","2012","FEve",0.00303815357701983,0.00333859109513344,-0.00713085723660251,0.0133299403552371,-0.00371441779000486,0.00967878332279822,-0.00219405382832951,0.00816437960120988,-0.000914394752417412,0.0069736409325533,475
"306","2012","RaoQ",0.132895419378111,0.137270161513186,-0.361465642380755,0.54470316596906,-0.143014692330525,0.406297031681037,-0.079114739904663,0.350684181827449,-0.0208387179229018,0.29674940772154,475
"307","2012","alien_SppRich",-0.000950215245382455,0.00091974459628881,-0.00276732851916978,0.00069105289614913,-0.00260511167433029,0.000558897152883294,-0.00246734595818402,0.000323971696009833,-0.00225383868942976,0.000213307209904877,475
"308","2012","E10",0.00146962728676607,0.0039237391607094,-0.011129484118281,0.0118687004076999,-0.00694163091413191,0.00880719965826839,-0.00520916943021408,0.00749141549768557,-0.00345920374498168,0.00603807169978247,475
"309","2012","turnover",0.00196543661287043,0.00638883349106514,-0.0164537257539465,0.0214465221312093,-0.010793135146724,0.0145849230091008,-0.00808916648147614,0.0118604069425136,-0.00555131659984691,0.00919488900579127,475
"310","2012","FRic",0.00825012718483495,0.0132793153265065,-0.0305498015260477,0.050562153703498,-0.0157266218264182,0.036689992164148,-0.0111543467324928,0.030812377711313,-0.0064468691006308,0.0243558871399333,475
"311","2012","spp_richness",0.230634609773935,0.235928547146269,-0.41736065876661,0.9030583902189,-0.234072041809024,0.723887003580064,-0.144241587893842,0.650227326194982,-0.056134558119967,0.52775022227936,475
"312","2012","FRed",-0.00046868547154608,0.00160680538273167,-0.00505618595756672,0.0047140515670407,-0.00353315496043631,0.00279747587734886,-0.00288734508679504,0.00212716985693192,-0.00228944443231391,0.00143157473085386,475
"313","2012","abundance",-0.00945661236054874,0.0134201253457598,-0.0455236126519613,0.0342462409080475,-0.0339332332570738,0.0202060968506188,-0.0286076632926922,0.014475507213751,-0.0245188419246871,0.00768575256745645,475
"314","2012","spp_rich_rare",0.11125868392789,0.143586814291351,-0.270286131757786,0.509549910887496,-0.180296271015216,0.380982000868311,-0.129346095000064,0.336337036827936,-0.0692049825278577,0.281541825024963,475
"315","2013","shannonsH",-0.00892712595071214,0.0203600198453466,-0.0682062707279148,0.0519219060582119,-0.0503653757459176,0.0312066113919473,-0.0421044051363439,0.0241169796808634,-0.0339917124278703,0.0156853708293247,272
"316","2013","spp_richness",0.00190443728634138,0.257644613584859,-0.71744171615587,0.775845040917746,-0.493492667315968,0.540136991117287,-0.39901432505774,0.433000043225689,-0.299188850895936,0.325050210004766,272
"317","2013","E10",0.00176977148733791,0.00698841505810984,-0.0200880269096142,0.0206917801879799,-0.013280766112889,0.0147440818712039,-0.0101917826128802,0.0123245476019156,-0.00723174431338125,0.00976195096480546,272
"318","2013","FEve",0.00261518833329904,0.00465020037813621,-0.0115460966019749,0.0163412100168652,-0.0069750685612215,0.0112502668995259,-0.00523963696626356,0.00971533252449129,-0.00315039827026012,0.00808713485734298,272
"319","2013","FRed",-0.00148836886508809,0.00216732610549214,-0.00877985088922897,0.0044165195774584,-0.00601900616123134,0.00261906833846259,-0.00495092438744356,0.00179433674231442,-0.00407323683850516,0.00103087727721703,272
"320","2013","RaoQ",0.116807301327237,0.145345119845258,-0.31888667381503,0.558554192519514,-0.187810169099628,0.401563911926343,-0.128343264568101,0.345663915629533,-0.0565753353947158,0.285479556558709,272
"321","2013","abundance",0.0113167679558319,0.0305973049092586,-0.0909594476146548,0.109025491091764,-0.0461280435642791,0.0748243302772658,-0.0349348898609345,0.0601734570742103,-0.0235430817746083,0.0483242130147256,272
"322","2013","F_to",-0.000285016169784614,0.00461205588830952,-0.00921167100232431,0.00693156428716327,-0.00865934907734042,0.00615070101359882,-0.00814128899612455,0.0055750118976429,-0.00732115229902677,0.00502684940186788,272
"323","2013","spp_rich_rare",-0.0864625011100719,0.203394446462851,-0.651421852071692,0.495870131814129,-0.499074628279319,0.324502621169512,-0.420566877991047,0.251620385814962,-0.332229586699942,0.160666312989999,272
"324","2013","turnover",0.00210787116319598,0.00970458706612427,-0.0259418827769548,0.0316736859441431,-0.0169487827639226,0.0216152768002678,-0.0134043572,0.0175429775875629,-0.00963346328076598,0.0136526814637215,272
"325","2013","alien_SppRich",-0.000944950763029866,0.0020173457163838,-0.00380415171293549,0.00287200149200642,-0.00368896089393891,0.00242568286817665,-0.00355802486892042,0.00195184767148628,-0.0033218637780082,0.00159995720208591,272
"326","2013","FRic",0.0122357146068713,0.0224700738054843,-0.0461134762223695,0.0878097704363028,-0.0244300699485482,0.0645010403378354,-0.0178838346098431,0.053459242969673,-0.011947642861819,0.0413473903952809,272
"327","2014","spp_richness",-0.159287733667642,0.239764081869323,-0.803947222284136,0.554124053184352,-0.619141459540522,0.353272107597208,-0.530213386490826,0.247529947139307,-0.450016516546236,0.142367891580939,165
"328","2014","FEve",0.000929619589471921,0.00740190006014833,-0.0192218133600377,0.022829255440959,-0.0135881459983196,0.0161097684315864,-0.0109042106882771,0.0134690883912475,-0.00817091294437629,0.0102870183116378,165
"329","2014","E10",0.00227380604026868,0.00921785951988382,-0.0259651606208163,0.0259038056059297,-0.0179341574150868,0.0202888423028189,-0.0134570878355325,0.0165227312273789,-0.00931382448169673,0.0132943535939247,165
"330","2014","abundance",0.00903095497166145,0.0288074072142142,-0.0731302363253507,0.0990873147203064,-0.0476997397314889,0.069426733476066,-0.0358279523860491,0.0567562964440081,-0.0247953532102986,0.0439386422488898,165
"331","2014","alien_SppRich",0.000526583254614719,0.00286607129649143,-0.00454712054941114,0.00530929870627834,-0.00432639004155411,0.00500994568958139,-0.00413075528818418,0.00468880313981876,-0.00381035120799438,0.00382456570522958,165
"332","2014","FRic",0.00904829252811085,0.0276011538681001,-0.0580264452324439,0.0977762366402077,-0.0392174080221267,0.0725297233201596,-0.0308797208513637,0.0582856193053466,-0.0229945224233736,0.0448368863392971,165
"333","2014","FRed",-0.00248349988195285,0.00340574587521825,-0.0131563759396128,0.00712039267847838,-0.00975948878847112,0.00399862503139496,-0.00824030682708806,0.00266561747415751,-0.00665923939198487,0.00143456320813358,165
"334","2014","RaoQ",0.165963898631926,0.199950240190871,-0.378557883448528,0.788355492846369,-0.21924973407854,0.5858572052518,-0.148247871361311,0.497031354082997,-0.0718272434649843,0.40647295265182,165
"335","2014","shannonsH",-0.00934547629055667,0.0263623019003522,-0.0826247495354632,0.0655654218372762,-0.0581897194813859,0.0461790954726826,-0.0490696420592272,0.034719044145433,-0.0403238241998146,0.0241805042595509,165
"336","2014","F_to",-0.0121110304045574,0.0180205105772713,-0.0540368585006937,0.0146829371066587,-0.0500291137709911,0.0133078200610712,-0.0476044589519462,0.0121809259544927,-0.0439997834561062,0.0107922335117273,165
"337","2014","spp_rich_rare",-0.00880020338790405,0.217431856398494,-0.66101431034933,0.610551455748881,-0.444204332559783,0.421184731342879,-0.351396803626323,0.343448167506114,-0.264356596618439,0.251341275679159,165
"338","2014","turnover",-0.00688844317832202,0.0151187674607961,-0.0510614776525616,0.0401287612802282,-0.0374844732448502,0.0238869824399667,-0.030924162161311,0.0178061951694356,-0.0246902555209097,0.0110629885307878,165
