Estimate,Est.Error,l.95..CI,u.95..CI,Rhat,Bulk_ESS,Tail_ESS,country,Response,percEstimate,percEst.Error,percQ2.5,percQ97.5
-0.000696457,0.004649667,-0.00844952,0.008820037,1.574237838,9,39,Austria,abund_nativeSpp,-0.069645718,0.464966675,-0.844952001,0.882003681
-0.0017221,0.00524804,-0.012574498,0.007365409,1.795928549,7,19,Belgium,abund_nativeSpp,-0.172209953,0.524803973,-1.257449816,0.736540906
0.00029156,0.005444838,-0.009586781,0.010770527,1.479087301,9,19,Bulgaria,abund_nativeSpp,0.029156002,0.54448383,-0.958678106,1.077052699
0.002863181,0.004694519,-0.005100674,0.013431954,1.397476372,10,30,Cyprus,abund_nativeSpp,0.286318137,0.469451928,-0.510067378,1.343195435
-0.00094161,0.003420681,-0.008105497,0.006036437,1.463302598,10,49,Czech Republic,abund_nativeSpp,-0.094161046,0.342068125,-0.810549685,0.603643736
0.00073784,0.004200855,-0.006701158,0.009013357,1.333012433,12,115,Denmark,abund_nativeSpp,0.073783981,0.420085464,-0.670115758,0.901335693
7.78E-05,0.004572292,-0.006550255,0.009382432,1.474659653,9,45,Estonia,abund_nativeSpp,0.007775476,0.457229201,-0.655025545,0.938243217
0.000978453,0.004136435,-0.006956579,0.010250685,1.373672763,11,27,Finland,abund_nativeSpp,0.097845313,0.41364346,-0.695657896,1.025068549
0.003884466,0.004573406,-0.004023537,0.012168634,1.4139888,10,21,France,abund_nativeSpp,0.388446623,0.457340581,-0.402353726,1.216863392
0.002299435,0.003519653,-0.005356274,0.007645186,1.297303657,13,66,Germany,abund_nativeSpp,0.229943495,0.351965349,-0.535627434,0.764518646
0.000632518,0.004543144,-0.006195362,0.010877784,1.324966181,12,59,Hungary,abund_nativeSpp,0.063251811,0.454314436,-0.619536223,1.0877784
-0.000162797,0.003580916,-0.005856822,0.007657506,1.24538388,15,49,Ireland,abund_nativeSpp,-0.016279679,0.358091584,-0.585682232,0.765750562
0.002028697,0.004879915,-0.007286208,0.011550916,1.650246421,8,50,Italy,abund_nativeSpp,0.202869686,0.487991495,-0.728620779,1.155091593
0.000406432,0.005279573,-0.009082302,0.013700416,1.370644212,11,15,Latvia,abund_nativeSpp,0.04064315,0.527957297,-0.908230176,1.370041577
0.00238158,0.003604747,-0.004491715,0.008880721,1.425949682,10,46,Luxembourg,abund_nativeSpp,0.238158022,0.360474707,-0.449171487,0.88807205
0.003002161,0.004493032,-0.004340829,0.013352439,1.552939872,9,13,Netherlands,abund_nativeSpp,0.300216088,0.44930315,-0.434082939,1.335243876
0.001101213,0.003692148,-0.005932024,0.00783514,1.211730819,15,84,Norway,abund_nativeSpp,0.110121305,0.369214782,-0.593202382,0.783513983
0.002407242,0.003480376,-0.004745331,0.008801818,1.422368235,10,28,Portugal,abund_nativeSpp,0.240724242,0.34803764,-0.474533111,0.880181822
0.00267929,0.003199431,-0.003314808,0.009624491,1.154893527,23,22,Spain,abund_nativeSpp,0.267929017,0.319943138,-0.331480844,0.962449085
0.002075098,0.003560066,-0.004045345,0.009568289,1.184476039,17,131,Sweden,abund_nativeSpp,0.207509824,0.356006639,-0.404534494,0.956828893
0.000631609,0.005125369,-0.00643784,0.014246463,1.332156015,13,35,Switzerland,abund_nativeSpp,0.063160908,0.512536895,-0.643784035,1.42464626
0.001128509,0.005146791,-0.008496674,0.010860605,1.290260315,13,29,United Kingdom,abund_nativeSpp,0.112850917,0.514679141,-0.84966743,1.086060528
0.007437932,0.004251986,0.001172089,0.017044138,1.57018179,9,45,Austria,abundance,0.74379322,0.425198631,0.117208881,1.704413827
0.00534819,0.002923715,0.000351058,0.010827677,1.213663939,16,32,Belgium,abundance,0.534818965,0.292371493,0.035105803,1.082767657
0.005546502,0.00354522,-0.001723672,0.012746828,1.275651434,13,17,Bulgaria,abundance,0.554650248,0.354522041,-0.172367224,1.274682768
0.004075651,0.004436958,-0.00301089,0.013331299,1.537487952,9,16,Cyprus,abundance,0.407565093,0.443695818,-0.301088974,1.333129864
0.006062146,0.003927706,-0.000375552,0.013300061,1.480021323,10,29,Czech Republic,abundance,0.606214594,0.392770622,-0.037555182,1.330006072
0.004485498,0.004150261,-0.003493709,0.012500399,1.312981946,12,66,Denmark,abundance,0.448549773,0.415026111,-0.349370924,1.250039924
0.005430062,0.003573675,-0.001225037,0.013272483,1.232033606,14,30,Estonia,abundance,0.543006232,0.35736749,-0.122503655,1.32724828
0.005099655,0.003301875,-0.001251826,0.011664979,1.117283148,29,83,Finland,abundance,0.50996551,0.330187512,-0.125182625,1.166497921
0.007080395,0.003699525,0.000506779,0.014030044,1.380899551,10,38,France,abundance,0.708039531,0.3699525,0.050677945,1.403004355
0.0032492,0.003229568,-0.00328729,0.008641463,1.496426749,9,22,Germany,abundance,0.32492001,0.322956809,-0.328728975,0.8641463
0.005393918,0.003824854,-0.002285105,0.012209443,1.237342677,14,30,Hungary,abundance,0.53939179,0.382485433,-0.228510544,1.220944324
0.006447815,0.003272141,0.000832514,0.012466592,1.273786818,13,33,Ireland,abundance,0.644781512,0.327214051,0.083251362,1.246659231
0.00558688,0.004743484,-0.001869591,0.01610741,1.465188194,9,29,Italy,abundance,0.558688048,0.474348386,-0.186959099,1.610740991
0.001623621,0.004154045,-0.006266401,0.008409854,1.755290343,7,31,Latvia,abundance,0.162362067,0.415404542,-0.626640051,0.840985414
0.002837115,0.003275495,-0.003348069,0.009689067,1.12702643,24,38,Luxembourg,abundance,0.28371153,0.32754947,-0.334806924,0.968906658
0.003121448,0.003072518,-0.001911382,0.011131391,1.234082582,14,26,Netherlands,abundance,0.312144823,0.3072518,-0.191138217,1.113139129
0.006734322,0.00421979,-0.000214497,0.016150115,1.496135446,9,32,Norway,abundance,0.673432173,0.421979045,-0.021449737,1.615011456
0.006112413,0.003878476,-0.00199137,0.012532281,1.367023218,11,37,Portugal,abundance,0.611241346,0.387847648,-0.199137037,1.253228074
0.004214791,0.003239059,-0.001921904,0.009919252,1.260964589,14,93,Spain,abundance,0.421479125,0.323905931,-0.192190448,0.991925159
0.00636896,0.004886427,-0.002850517,0.016351313,1.298928045,13,30,Sweden,abundance,0.636896013,0.488642705,-0.285051669,1.635131322
0.002384434,0.002707651,-0.003421917,0.007199229,1.249978859,14,20,Switzerland,abundance,0.238443409,0.270765096,-0.342191715,0.719922855
0.002652955,0.004840878,-0.005967723,0.011925261,1.439447859,10,21,United Kingdom,abundance,0.265295502,0.484087838,-0.596772265,1.192526128
0.013799759,0.013021336,-0.007055043,0.045245333,1.926940946,7,14,Austria,alien_Abund,1.379975899,1.302133628,-0.705504282,4.52453332
0.015030635,0.011096069,-0.007182957,0.035854107,1.727862306,8,21,Belgium,alien_Abund,1.503063493,1.109606869,-0.718295674,3.58541071
0.016980517,0.007658519,0.00232579,0.031393992,1.157112617,22,52,Bulgaria,alien_Abund,1.698051661,0.765851935,0.232579022,3.139399225
0.019700221,0.010709858,0.003064786,0.046733737,1.64128069,8,14,Cyprus,alien_Abund,1.970022067,1.070985816,0.306478575,4.673373688
0.020590918,0.009281275,0.003904022,0.03757592,1.412817544,10,58,Czech Republic,alien_Abund,2.059091779,0.928127477,0.390402214,3.757591971
0.018349862,0.010886404,-0.00312146,0.037422331,1.263932631,13,17,Denmark,alien_Abund,1.834986213,1.088640429,-0.312146009,3.742233124
0.015161389,0.008822895,-0.002557026,0.034047417,1.149014513,24,41,Estonia,alien_Abund,1.516138919,0.882289475,-0.255702582,3.404741673
0.018691803,0.011680015,-0.000122888,0.046457491,1.501256711,9,17,Finland,alien_Abund,1.869180292,1.1680015,-0.012288838,4.645749142
0.012489915,0.00789463,-0.00209647,0.027124574,1.035896312,41,74,France,alien_Abund,1.248991461,0.789462984,-0.209647003,2.712457385
0.015513742,0.011028196,-0.01137231,0.036923949,1.194566709,18,22,Germany,alien_Abund,1.551374218,1.102819584,-1.137231028,3.692394873
0.021234438,0.011379676,0.002991559,0.044183213,1.506422955,9,53,Hungary,alien_Abund,2.123443802,1.13796762,0.299155943,4.418321266
0.017313075,0.007775246,0.001728755,0.030735363,1.269214362,13,33,Ireland,alien_Abund,1.731307531,0.777524565,0.172875475,3.073536315
0.006540429,0.007710188,-0.01112267,0.019892065,1.289792995,12,31,Italy,alien_Abund,0.654042872,0.771018835,-1.11226697,1.989206474
0.016694141,0.013417424,-0.005254954,0.04736192,1.875163367,7,41,Latvia,alien_Abund,1.669414076,1.341742442,-0.525495367,4.736191965
0.017176792,0.013988156,-0.004943909,0.048504143,1.23829969,14,44,Luxembourg,alien_Abund,1.717679222,1.398815585,-0.49439091,4.850414256
0.015410586,0.009427686,-0.004003389,0.031843528,1.603167468,8,37,Netherlands,alien_Abund,1.54105861,0.942768566,-0.40033892,3.184352751
0.020998391,0.010674923,0.003547628,0.044975692,1.372975834,11,46,Norway,alien_Abund,2.099839102,1.067492294,0.354762829,4.497569201
0.017004518,0.010988101,-0.0056238,0.035410294,1.254164027,14,55,Portugal,alien_Abund,1.700451756,1.098810059,-0.562379994,3.541029429
0.018762064,0.007400448,8.59E-05,0.030704936,1.294067995,12,20,Spain,alien_Abund,1.876206399,0.740044775,0.00859204,3.070493628
0.024684968,0.012957998,-0.002892115,0.046193714,1.34414877,11,21,Sweden,alien_Abund,2.468496839,1.295799768,-0.28921148,4.619371425
0.011532392,0.012308262,-0.007997477,0.039112972,1.519455382,9,24,Switzerland,alien_Abund,1.153239163,1.230826188,-0.799747681,3.911297189
0.011598645,0.0093979,-0.004997466,0.031938626,1.498338748,9,18,United Kingdom,alien_Abund,1.159864514,0.939790036,-0.499746602,3.193862611
-4.18E-05,8.22E-05,-0.000196809,9.12E-05,2.264779991,6,16,Austria,alien_SppRich,-0.00294183,0.005791594,-0.013859446,0.006419991
6.44E-05,0.000135794,-0.000118304,0.000314188,2.75806287,6,21,Belgium,alien_SppRich,0.00453779,0.009562736,-0.008331032,0.022125335
-9.88E-05,0.000113787,-0.000325445,6.81E-05,2.683950526,6,13,Bulgaria,alien_SppRich,-0.006957228,0.008012938,-0.022918057,0.004795432
3.26E-05,8.53E-05,-0.000106627,0.000243444,2.121807013,6,13,Cyprus,alien_SppRich,0.002297292,0.006008539,-0.007508739,0.01714347
0.000120366,0.000106617,-4.72E-05,0.000320223,2.684758589,6,14,Czech Republic,alien_SppRich,0.008476233,0.007508008,-0.003321977,0.022550289
7.14E-05,0.000140927,-0.000236347,0.000293842,2.997216034,6,13,Denmark,alien_SppRich,0.005029559,0.009924162,-0.016643743,0.020692547
7.17E-05,0.000107646,-9.60E-05,0.000260334,2.602699542,6,20,Estonia,alien_SppRich,0.005049321,0.007580517,-0.00676215,0.01833291
1.16E-05,7.89E-05,-0.00015308,0.00013759,1.724667883,8,17,Finland,alien_SppRich,0.000820263,0.005557964,-0.010780021,0.009689153
1.61E-06,0.000183129,-0.000362736,0.000270231,3.348565198,6,15,France,alien_SppRich,0.00011346,0.01289607,-0.025544137,0.019029812
5.34E-05,0.000111231,-0.000164783,0.00023171,2.54642289,6,17,Germany,alien_SppRich,0.003763881,0.007832976,-0.011604138,0.016317206
0.000101211,0.00011421,-9.06E-05,0.000280914,2.587809239,6,17,Hungary,alien_SppRich,0.007127318,0.008042739,-0.006377398,0.019782158
0.000131219,0.000153178,-0.000116008,0.000362264,2.953018385,6,17,Ireland,alien_SppRich,0.009240511,0.01078689,-0.008169337,0.025510901
1.94E-05,7.04E-05,-7.79E-05,0.000174356,1.749851564,7,23,Italy,alien_SppRich,0.001368353,0.004959939,-0.00548825,0.012278279
7.45E-05,8.93E-05,-0.000132598,0.000198955,2.284001976,6,18,Latvia,alien_SppRich,0.005246949,0.00628751,-0.009337608,0.01401056
8.13E-05,0.00011925,-0.000176235,0.00030566,2.833337308,6,13,Luxembourg,alien_SppRich,0.005723414,0.008397674,-0.012410584,0.021524755
-2.09E-07,0.000122628,-0.000245607,0.000208888,2.668661189,6,13,Netherlands,alien_SppRich,-1.47479E-05,0.008635562,-0.017295778,0.014710053
-2.01E-05,5.90E-05,-0.000103173,0.000109369,1.58244752,8,13,Norway,alien_SppRich,-0.001412173,0.004154095,-0.007265538,0.007701845
7.01E-05,7.48E-05,-5.24E-05,0.00020486,2.204641608,6,47,Portugal,alien_SppRich,0.004937875,0.005266619,-0.003688543,0.014426376
7.80E-05,6.64E-05,-4.15E-05,0.000205715,1.837373058,7,16,Spain,alien_SppRich,0.005495637,0.004674027,-0.002920058,0.014486577
0.000105839,9.16E-05,-6.52E-05,0.000281508,2.710967532,6,16,Sweden,alien_SppRich,0.007453249,0.006449939,-0.004592925,0.019823962
-3.09E-06,7.11E-05,-0.000154238,0.000105598,2.038660384,7,22,Switzerland,alien_SppRich,-0.000217608,0.005005692,-0.010861559,0.007436293
0.034195787,0.017549426,0.005314565,0.066625026,1.050626124,57,102,United Kingdom,alien_SppRich,2.408089905,1.235842146,0.374255202,4.691778289
-0.004998944,0.003748246,-0.017988034,-0.001113009,1.66633064,8,13,Austria,E10,-0.499894442,0.374824642,-1.798803359,-0.11130091
-0.002364617,0.002138095,-0.005534064,0.0015786,1.86717135,7,30,Belgium,E10,-0.236461723,0.213809478,-0.553406374,0.157859952
-0.003101709,0.003550921,-0.011619399,0.004591625,1.67808526,8,15,Bulgaria,E10,-0.310170911,0.35509207,-1.161939864,0.459162523
-0.006184659,0.003077578,-0.011952749,-1.69E-05,1.277896953,22,13,Cyprus,E10,-0.618465926,0.307757757,-1.195274903,-0.001693723
-0.004760839,0.002395081,-0.010201599,-0.000551133,2.156772516,6,15,Czech Republic,E10,-0.476083907,0.239508129,-1.020159922,-0.055113283
-0.007667147,0.010539559,-0.044175448,0.004200049,2.7967701,6,13,Denmark,E10,-0.766714728,1.05395592,-4.417544847,0.420004894
-0.002309149,0.002113198,-0.007510615,0.000598141,1.336293395,11,17,Estonia,E10,-0.230914853,0.211319816,-0.75106151,0.059814104
-0.002662688,0.00262395,-0.006405003,0.003681533,1.97351481,7,15,Finland,E10,-0.266268803,0.262395046,-0.640500296,0.368153297
-0.003779272,0.001445069,-0.006798147,-0.001570267,1.394075314,10,36,France,E10,-0.377927165,0.144506922,-0.679814701,-0.157026698
-0.005519897,0.006853377,-0.028868952,0.00335168,2.954176496,6,13,Germany,E10,-0.551989705,0.685337728,-2.886895167,0.33516805
-0.004883368,0.00684615,-0.027223964,0.000177121,2.16861108,6,13,Hungary,E10,-0.488336753,0.684615029,-2.722396382,0.017712068
-0.007166072,0.002777018,-0.017000779,-0.003697252,1.384196537,11,25,Ireland,E10,-0.716607236,0.27770183,-1.700077869,-0.369725191
-0.005986935,0.004160135,-0.01510202,-0.000692609,2.162715313,6,26,Italy,E10,-0.598693549,0.416013471,-1.510201983,-0.06926088
-0.002920556,0.002562615,-0.007648958,0.00212248,1.361433782,11,16,Latvia,E10,-0.292055579,0.256261545,-0.764895827,0.212247972
-0.002317014,0.002617087,-0.00664533,0.004447079,2.275225067,6,16,Luxembourg,E10,-0.231701358,0.261708731,-0.664532994,0.444707887
-0.00344766,0.002113544,-0.007691127,0.000530134,2.04470255,7,17,Netherlands,E10,-0.344766,0.211354353,-0.769112682,0.053013423
-0.003995666,0.004318787,-0.015773779,0.001102843,1.922772019,7,14,Norway,E10,-0.399566644,0.43187873,-1.577377932,0.11028434
-0.002802027,0.002685675,-0.006449613,0.00476328,1.60820419,8,13,Portugal,E10,-0.280202715,0.268567518,-0.64496128,0.476327984
-0.004471687,0.001814848,-0.008329067,-0.001202216,1.78283889,7,29,Spain,E10,-0.447168713,0.18148475,-0.832906724,-0.120221598
-0.002543767,0.002142042,-0.006187851,0.001770275,1.901714424,7,14,Sweden,E10,-0.254376717,0.214204176,-0.618785145,0.17702751
-0.001465301,0.002726318,-0.006164674,0.00342933,1.743427871,7,25,Switzerland,E10,-0.146530112,0.272631757,-0.616467397,0.342932966
-0.00389137,0.002925738,-0.010360727,-8.19E-05,2.124491263,6,31,United Kingdom,E10,-0.389136954,0.292573806,-1.036072724,-0.008186221
0.000175885,0.00014725,-4.65E-05,0.000466282,2.17614452,6,18,Austria,EPT_Abund,0.017588529,0.014724992,-0.004646325,0.046628232
5.01E-05,0.000136309,-0.000240976,0.000260949,2.095036261,6,14,Belgium,EPT_Abund,0.00500839,0.013630944,-0.024097553,0.026094887
0.000157616,9.10E-05,1.93E-05,0.000395585,2.09841529,6,13,Bulgaria,EPT_Abund,0.015761596,0.009104594,0.001929982,0.039558498
0.000125235,0.00015209,-8.85E-05,0.000515216,2.709275693,6,13,Cyprus,EPT_Abund,0.012523483,0.015209,-0.008851487,0.051521646
2.33E-05,0.000108104,-0.000181206,0.000162997,2.083375825,7,14,Czech Republic,EPT_Abund,0.002334951,0.010810401,-0.018120617,0.016299667
2.92E-05,0.000116857,-0.000140782,0.000249098,2.056237642,7,54,Denmark,EPT_Abund,0.002921871,0.011685744,-0.014078205,0.024909773
0.000214339,0.000153671,3.30E-05,0.00059876,1.801512414,7,13,Estonia,EPT_Abund,0.021433925,0.015367063,0.003297766,0.059875977
0.000129646,0.000234405,-0.000170619,0.00047706,2.259543357,6,22,Finland,EPT_Abund,0.012964607,0.023440452,-0.0170619,0.047706047
3.16E-05,6.10E-05,-0.000108546,0.000115007,1.62428879,8,17,France,EPT_Abund,0.003160657,0.00610469,-0.010854594,0.011500696
0.000149012,9.21E-05,3.62E-06,0.000378341,1.760399859,7,17,Germany,EPT_Abund,0.014901193,0.009210604,0.000362245,0.037834103
0.000139985,0.000174533,-0.000148348,0.000482711,2.569736663,6,17,Hungary,EPT_Abund,0.013998478,0.017453298,-0.014834789,0.048271107
0.000231142,0.000134312,3.71E-05,0.000492542,2.189476805,6,34,Ireland,EPT_Abund,0.023114226,0.01343119,0.003713311,0.049254203
4.10E-05,0.000122033,-0.000169982,0.000232169,2.212917648,6,26,Italy,EPT_Abund,0.004100815,0.012203336,-0.016998238,0.023216897
0.000207256,0.000107575,-1.12E-05,0.000431258,2.388851354,6,13,Latvia,EPT_Abund,0.020725559,0.010757471,-0.00112,0.043125758
8.87E-05,0.000136258,-0.000118965,0.000400425,2.32912674,6,13,Luxembourg,EPT_Abund,0.0088741,0.013625792,-0.011896466,0.040042488
0.000107941,0.000135086,-0.000114737,0.000315248,3.249850344,6,15,Netherlands,EPT_Abund,0.010794143,0.013508571,-0.011473658,0.031524832
0.00019638,9.76E-05,-3.02E-05,0.000351291,1.635799596,8,16,Norway,EPT_Abund,0.019637988,0.009759354,-0.003024538,0.035129075
0.000190636,0.000124471,-1.08E-05,0.000449824,2.709089629,6,13,Portugal,EPT_Abund,0.019063623,0.012447127,-0.001078283,0.044982408
0.000174736,0.000259991,-0.000229985,0.000661526,2.730567297,6,13,Spain,EPT_Abund,0.017473644,0.025999125,-0.022998493,0.066152564
0.000220078,0.000309512,-0.000354631,0.000595493,3.131736515,6,14,Sweden,EPT_Abund,0.022007803,0.030951172,-0.035463072,0.059549266
0.00023349,0.000143972,4.20E-05,0.000634598,1.876126782,7,16,Switzerland,EPT_Abund,0.023349044,0.014397176,0.004202351,0.06345983
0.000240617,0.000153544,-4.62E-05,0.000474736,2.121698523,6,14,United Kingdom,EPT_Abund,0.024061669,0.015354357,-0.004620266,0.047473572
0.000106628,0.000130493,-7.22E-05,0.000377264,2.450822289,6,14,Austria,EPT_SppRich,0.001149069,0.001406242,-0.000777878,0.004065543
2.60E-05,0.000136968,-0.000235012,0.000307275,2.342302871,6,13,Belgium,EPT_SppRich,0.000279715,0.001476025,-0.002532577,0.003311315
4.74E-05,0.000128938,-0.000124013,0.000300864,2.713228509,6,13,Bulgaria,EPT_SppRich,0.000511086,0.00138949,-0.001336415,0.003242221
-1.53E-05,0.000141672,-0.000266477,0.000210728,3.036187202,6,13,Cyprus,EPT_SppRich,-0.000165029,0.001526708,-0.002871659,0.00227089
-5.03E-05,0.000136236,-0.000230236,0.000220784,3.004018283,6,17,Czech Republic,EPT_SppRich,-0.000541693,0.001468137,-0.002481112,0.002379259
-2.49E-05,9.72E-05,-0.000205859,0.000130786,2.14874014,6,16,Denmark,EPT_SppRich,-0.000268617,0.001047969,-0.002218414,0.001409401
9.23E-05,0.000134567,-9.08E-05,0.000319918,2.439156054,6,14,Estonia,EPT_SppRich,0.000994992,0.00145015,-0.000978582,0.003447557
0.000102812,7.78E-05,-5.64E-05,0.000233804,2.262003232,6,13,Finland,EPT_SppRich,0.001107944,0.000838702,-0.000608186,0.002519564
4.60E-05,0.000128964,-0.000195114,0.000235294,2.831780252,6,19,France,EPT_SppRich,0.000495855,0.001389763,-0.002102619,0.002535614
0.000126088,0.000181696,-8.56E-05,0.000540699,2.527530349,6,14,Germany,EPT_SppRich,0.001358772,0.001958029,-0.000922349,0.005826776
0.000169181,0.000156336,-0.00012478,0.000447753,3.070242957,6,13,Hungary,EPT_SppRich,0.00182316,0.001684741,-0.001344676,0.004825161
-3.20E-05,0.000106174,-0.000220567,0.000151308,2.068876299,7,14,Ireland,EPT_SppRich,-0.000344592,0.001144176,-0.002376917,0.001630553
0.000160513,7.31E-05,4.48E-05,0.000341796,1.830108589,7,17,Italy,EPT_SppRich,0.001729745,0.000788268,0.000482655,0.003683328
6.47E-05,0.000101441,-0.000141939,0.000224246,2.812675718,6,13,Latvia,EPT_SppRich,0.000696871,0.001093162,-0.001529587,0.00241656
0.000169055,0.000120465,-6.56E-05,0.000338119,2.276888269,6,19,Luxembourg,EPT_SppRich,0.001821807,0.001298172,-0.000706572,0.003643705
8.77E-05,0.000120697,-9.88E-05,0.000318393,2.313127354,6,33,Netherlands,EPT_SppRich,0.000945527,0.001300678,-0.001065244,0.003431122
0.000157065,0.000178659,-3.06E-05,0.000534671,2.229069848,6,13,Norway,EPT_SppRich,0.001692588,0.001925298,-0.000329759,0.005761819
7.94E-06,8.07E-05,-0.000158281,0.000166648,1.97655504,7,16,Portugal,EPT_SppRich,8.55328E-05,0.000869672,-0.001705693,0.001795865
3.40E-05,0.00011693,-0.000194138,0.000235994,2.308313283,6,13,Spain,EPT_SppRich,0.000365922,0.001260084,-0.00209211,0.002543165
8.24E-05,7.16E-05,-5.06E-05,0.00018649,1.996213155,7,22,Sweden,EPT_SppRich,0.000887633,0.00077169,-0.000545149,0.00200969
6.74E-05,0.000120964,-0.00011667,0.000320323,2.627410333,6,13,Switzerland,EPT_SppRich,0.000726231,0.00130356,-0.00125728,0.00345192
0.000295783,0.000141699,7.88E-05,0.000596455,2.137411017,6,21,United Kingdom,EPT_SppRich,0.003187468,0.001527004,0.00084958,0.006427631
-0.005709636,0.003623413,-0.012189394,0.002064807,1.211346689,16,64,Austria,F_to,-0.56933667,0.362998533,-1.211540432,0.20669399
-0.006763318,0.003388474,-0.012897781,-0.000977395,1.048216174,46,85,Belgium,F_to,-0.674049818,0.33942216,-1.28149611,-0.097691745
-0.007121303,0.003067422,-0.014352293,-0.001504667,1.075533822,46,55,Bulgaria,F_to,-0.709600707,0.307213184,-1.424978995,-0.150353542
-0.006105736,0.003061212,-0.01279631,-7.29E-05,1.107462112,33,81,Cyprus,F_to,-0.608713342,0.306590268,-1.271478533,-0.007289405
-0.006962865,0.004043656,-0.015832598,-0.001090797,1.252673564,15,51,Czech Republic,F_to,-0.693868083,0.405184231,-1.570792163,-0.109020218
-0.006906571,0.003392757,-0.013105005,0.000158805,1.065137328,36,72,Denmark,F_to,-0.688277515,0.339851848,-1.301950825,0.015881712
-0.005988754,0.003136406,-0.012440254,-0.000693933,1.180227844,21,63,Estonia,F_to,-0.597085675,0.314132953,-1.236319432,-0.069369207
-0.005986704,0.003436071,-0.012694233,0.000355009,1.192817548,16,78,Finland,F_to,-0.596881969,0.344198075,-1.261400156,0.035507252
-0.007103898,0.003870857,-0.015184601,-0.000159952,1.116350741,24,13,France,F_to,-0.707872531,0.387835873,-1.506989601,-0.015993963
-0.008719687,0.003659831,-0.017111793,-0.002816818,1.081982841,34,55,Germany,F_to,-0.868178124,0.366653625,-1.696621768,-0.281285471
-0.006312495,0.003336754,-0.013619648,-0.000977188,1.125159763,31,91,Hungary,F_to,-0.629261307,0.334232692,-1.352732047,-0.097671079
-0.006110754,0.00324185,-0.012345273,0.000108259,1.098684224,32,77,Ireland,F_to,-0.609212146,0.324711005,-1.226938299,0.01082644
-0.007578602,0.003346765,-0.013702285,-0.000768875,1.144459294,22,70,Italy,F_to,-0.754995634,0.335237176,-1.360883623,-0.076857926
-0.005420185,0.00327431,-0.011839383,0.001123186,1.074751384,33,54,Latvia,F_to,-0.540552233,0.32796763,-1.176957329,0.112381674
-0.006242322,0.004857883,-0.014321917,0.003116363,1.422247253,10,49,Luxembourg,F_to,-0.622287917,0.486970116,-1.421984625,0.312122396
-0.00819012,0.003781607,-0.016151722,-0.001236295,1.138984703,24,66,Netherlands,F_to,-0.815667282,0.378876619,-1.602198198,-0.123553092
-0.008459784,0.004630486,-0.017254766,0.000506598,1.25184525,13,48,Norway,F_to,-0.842410041,0.464122336,-1.710675459,0.050672604
-0.009025474,0.004374693,-0.018354927,-0.000621172,1.418738068,10,37,Portugal,F_to,-0.898486693,0.438427577,-1.818750108,-0.062097957
-0.004445355,0.00335018,-0.011650792,0.001069826,1.038122167,43,115,Spain,F_to,-0.443548869,0.335579851,-1.158318393,0.107039805
-0.007397898,0.003985025,-0.015718068,-0.000446777,1.076285865,41,78,Sweden,F_to,-0.737060103,0.399297562,-1.559518339,-0.044667724
-0.005697968,0.003417511,-0.012037786,0.001831043,1.25712961,14,31,Switzerland,F_to,-0.568176571,0.342335725,-1.196562147,0.183272043
-0.008558085,0.004195965,-0.017082034,-0.000220314,1.48787516,9,19,United Kingdom,F_to,-0.852156873,0.420478017,-1.693696312,-0.022028927
0.000526275,0.003174598,-0.005167521,0.008109376,1.307986346,12,36,Austria,FDiv,0.077087059,0.465005039,-0.756922044,1.187835657
0.001119981,0.003054202,-0.004756486,0.006522039,1.3545294,11,39,Belgium,FDiv,0.164051201,0.447369859,-0.696714947,0.955327565
-0.000463256,0.002536236,-0.005780402,0.004395379,1.185998103,18,85,Bulgaria,FDiv,-0.06785629,0.371499758,-0.846695033,0.643821162
-0.000800524,0.002804538,-0.006773651,0.003959413,1.223783744,15,44,Cyprus,FDiv,-0.117258252,0.410799851,-0.992182968,0.579962263
0.000514231,0.002528823,-0.003925326,0.005309138,1.386628086,11,56,Czech Republic,FDiv,0.075322921,0.370414009,-0.57496936,0.777665686
0.001173888,0.002821461,-0.003867967,0.007726586,1.200202347,16,14,Denmark,FDiv,0.171947363,0.41327873,-0.566567534,1.131765767
0.00044354,0.003270229,-0.007991029,0.005752536,1.217384336,15,33,Estonia,FDiv,0.064968358,0.479012792,-1.17050058,0.842613292
0.001010078,0.00314562,-0.005645537,0.006462546,1.430009714,10,55,Finland,FDiv,0.147952999,0.460760455,-0.826940425,0.946613216
0.00154075,0.002980271,-0.003560397,0.008451729,1.336109857,12,42,France,FDiv,0.225684182,0.436540602,-0.521515596,1.237982417
0.000985336,0.00245256,-0.003997273,0.005460483,1.255382438,14,32,Germany,FDiv,0.144328871,0.359243278,-0.585507925,0.799834268
-0.000133771,0.002769844,-0.006056902,0.005406983,1.338493049,12,59,Hungary,FDiv,-0.0195943,0.405717987,-0.887195742,0.791997769
0.001710415,0.003291186,-0.006010152,0.007341409,1.391212668,10,15,Ireland,FDiv,0.250536169,0.482082488,-0.880347999,1.075346357
0.002598186,0.003076451,-0.002408086,0.010527056,1.333798246,11,54,Italy,FDiv,0.380574124,0.450628804,-0.352728845,1.541969768
0.001233647,0.002067832,-0.002369086,0.006867406,1.146144168,21,62,Latvia,FDiv,0.180700763,0.302889481,-0.347016157,1.005915815
0.001062687,0.00292218,-0.004335337,0.006974461,1.303893413,13,45,Luxembourg,FDiv,0.155659054,0.428031613,-0.63502639,1.021596998
0.000408137,0.003183604,-0.007427586,0.005909475,1.206676573,16,22,Netherlands,FDiv,0.059782626,0.466324232,-1.087969193,0.86560123
0.000833983,0.002996021,-0.005529668,0.006170266,1.243025095,14,49,Norway,FDiv,0.122159195,0.438847662,-0.809968184,0.903800964
0.000352998,0.002842801,-0.005683011,0.005157415,1.427775208,10,26,Portugal,FDiv,0.051706031,0.416404436,-0.832429403,0.755441783
-0.002123457,0.002832872,-0.008053262,0.002524549,1.260529658,15,39,Spain,FDiv,-0.311037194,0.414950088,-1.179616332,0.369787954
0.001898892,0.002884401,-0.003725454,0.007417603,1.106488766,28,83,Sweden,FDiv,0.278143667,0.422497849,-0.545692719,1.086506962
0.000924784,0.002602638,-0.004836385,0.005641497,1.331605801,12,46,Switzerland,FDiv,0.135459413,0.381226147,-0.7084183,0.826348606
-0.000472038,0.003010293,-0.006148844,0.004521463,1.341217072,11,96,United Kingdom,FDiv,-0.069142639,0.440938119,-0.900663171,0.662289603
-0.000928809,0.003806401,-0.010785545,0.006560507,1.338603594,11,16,Austria,FEve,-0.179337674,0.734952903,-2.08250989,1.266725043
-0.002468802,0.011723578,-0.023214986,0.023732815,2.557863157,6,13,Belgium,FEve,-0.476684625,2.26362834,-4.48242862,4.582412772
-0.006799184,0.00696492,-0.021922271,0.005481273,1.523303986,9,16,Bulgaria,FEve,-1.312809689,1.344810541,-4.23282676,1.058342967
-0.004078734,0.003478982,-0.013217558,0.00077735,1.564084009,8,31,Cyprus,FEve,-0.787535934,0.67173362,-2.552091223,0.150093372
-0.002201156,0.005798279,-0.013432781,0.009634842,1.860575894,7,16,Czech Republic,FEve,-0.425006705,1.119551392,-2.593647097,1.860328161
0.00033975,0.003506637,-0.006230455,0.010570546,1.505448281,14,14,Denmark,FEve,0.065600042,0.677073417,-1.202997556,2.040997145
-0.008048246,0.008588519,-0.027607548,-0.001009753,2.293781387,6,20,Estonia,FEve,-1.553982836,1.658300553,-5.330559574,-0.194966591
-0.00345271,0.00729509,-0.016123968,0.01907992,2.373686935,6,13,Finland,FEve,-0.666661104,1.408560906,-3.113270639,3.684015917
-0.001164824,0.005856697,-0.012030701,0.012143026,2.511381174,6,18,France,FEve,-0.224908117,1.130830968,-2.32292869,2.344616846
0.006563269,0.012271825,-0.016976227,0.034365893,2.447509279,6,13,Germany,FEve,1.267258285,2.369485835,-3.277827746,6.635483882
-0.00206498,0.010380273,-0.02372369,0.016389828,2.666435367,6,13,Hungary,FEve,-0.398713286,2.004258525,-4.580650931,3.164603899
-0.006216324,0.013508102,-0.047052255,0.012890909,2.588684198,6,14,Ireland,FEve,-1.200269118,2.608190357,-9.085009899,2.489020593
-0.0072355,0.00559408,-0.017540206,0.00431386,2.149100561,6,17,Italy,FEve,-1.397055029,1.080123984,-3.386722815,0.83293474
-0.005923134,0.005962359,-0.021410929,0.003872746,1.488641623,12,43,Latvia,FEve,-1.143658856,1.151232529,-4.134095212,0.747763049
-0.007593282,0.009087607,-0.034344968,0.001392498,2.526260572,6,14,Luxembourg,FEve,-1.466136811,1.754666216,-6.631443462,0.268868304
-0.004381506,0.006209329,-0.019657737,0.003713074,2.035487971,7,15,Netherlands,FEve,-0.845996067,1.198918389,-3.795582911,0.716933078
-0.003780186,0.010973878,-0.027945748,0.010043718,1.968720261,7,15,Norway,FEve,-0.729891232,2.118873795,-5.395860397,1.939275273
-0.005701081,0.007671943,-0.027712482,0.00493956,2.250945613,6,13,Portugal,FEve,-1.100784162,1.481324956,-5.350820562,0.953747137
-0.006358012,0.009100851,-0.028730939,0.007063573,2.290661635,6,14,Spain,FEve,-1.22762671,1.757223341,-5.547467718,1.363858686
0.004364023,0.011835738,-0.013973536,0.036937023,2.684282461,6,16,Sweden,FEve,0.842620472,2.285284558,-2.698057928,7.131926256
0.001630532,0.018382907,-0.033638406,0.037003931,2.560904034,6,23,Switzerland,FEve,0.314828719,3.549434393,-6.495018089,7.144845249
-1.69E-05,0.008446332,-0.016314066,0.01642674,2.519991271,6,13,United Kingdom,FEve,-0.003253985,1.630846487,-3.149975434,3.171730885
0.010340846,0.026740047,-0.02036752,0.068330203,1.79446537,7,29,Austria,FRed,3.551775307,9.184416472,-6.995641476,23.46940691
0.008773044,0.031814725,-0.050727466,0.059633333,2.521082311,6,32,Belgium,FRed,3.013281467,10.92741839,-17.4233866,20.48228897
-0.008587268,0.073872732,-0.092764126,0.130815917,3.15656218,6,21,Bulgaria,FRed,-2.949472911,25.37310183,-31.86173787,44.93140433
-0.007841733,0.028399128,-0.059593747,0.037485203,2.787601399,6,16,Cyprus,FRed,-2.693403845,9.754261663,-20.46869233,12.87506005
-0.000146728,0.041035705,-0.064301031,0.069794951,2.519006414,6,23,Czech Republic,FRed,-0.050396899,14.09455285,-22.08550512,23.97250439
-0.018916675,0.023445487,-0.067932423,0.022338204,2.507596722,6,14,Denmark,FRed,-6.497319379,8.052832314,-23.33278116,7.672513407
-0.032459786,0.035019824,-0.107461291,0.018253885,2.690455052,6,27,Estonia,FRed,-11.14897804,12.02827527,-36.90977976,6.269670312
0.031080962,0.039841252,-0.043893168,0.096269147,2.805940711,6,14,Finland,FRed,10.67539256,13.68429346,-15.07600684,33.06560907
0.024259919,0.047615233,-0.074723046,0.080455291,2.341137326,6,13,France,FRed,8.332565807,16.35442639,-25.66515947,27.63401644
0.01589246,0.030338122,-0.026291625,0.072434995,2.838254588,6,15,Germany,FRed,5.458590827,10.42024884,-9.030396705,24.87928156
-0.008139678,0.048247186,-0.09483726,0.061964139,2.579755575,6,13,Hungary,FRed,-2.795738872,16.57148353,-32.57379824,21.28285188
-0.026817929,0.050835123,-0.102812794,0.043262963,2.699911297,6,23,Ireland,FRed,-9.211166665,17.46036334,-35.31315857,14.85955015
0.032272917,0.038112516,-0.037691938,0.090709667,2.708016485,6,13,Italy,FRed,11.08479407,13.09052373,-12.94606763,31.15609188
0.007205167,0.032929493,-0.054421738,0.058642913,2.591698415,6,15,Latvia,FRed,2.474761921,11.31030823,-18.69225973,20.14210878
-0.035890089,0.027561648,-0.081132351,0.014070608,2.17288228,6,13,Luxembourg,FRed,-12.32718576,9.466612028,-27.86656643,4.832838399
0.014005237,0.046408172,-0.04789682,0.079624768,2.560995018,6,17,Netherlands,FRed,4.810385436,15.93983654,-16.45114305,27.34875645
0.068956202,0.045029444,-0.00073239,0.14031922,2.763130237,6,13,Norway,FRed,23.68441889,15.4662842,-0.251554257,48.19550811
-0.02315682,0.061726677,-0.165371683,0.039216168,3.197983035,6,13,Portugal,FRed,-7.953683931,21.20129073,-56.8002894,13.46959547
-0.011527945,0.062265996,-0.103414936,0.096131069,2.462092063,6,31,Spain,FRed,-3.959508572,21.38653068,-35.51997658,33.01818329
0.027654094,0.028633168,-0.019728221,0.080525695,2.454509893,6,14,Sweden,FRed,9.498364636,9.834647539,-6.776061414,27.65819817
-0.002531315,0.022261653,-0.040127869,0.0360128,2.084716326,7,15,Switzerland,FRed,-0.869432115,7.646220497,-13.78273782,12.36933336
-0.001682807,0.024771993,-0.033786247,0.047575419,2.077928599,7,22,United Kingdom,FRed,-0.57799459,8.508447883,-11.60457817,16.34075157
0.009402677,0.00347264,0.00156449,0.014911709,1.399413215,11,18,Austria,FRic,0.940267727,0.347263983,0.156449014,1.491170934
0.007726462,0.004532174,-0.002215539,0.016036512,1.432954707,10,18,Belgium,FRic,0.77264625,0.453217428,-0.221553918,1.603651219
0.009230316,0.003766717,0.002638161,0.016162831,1.421865894,10,45,Bulgaria,FRic,0.92303158,0.376671712,0.263816149,1.616283074
0.010918527,0.002816968,0.005428434,0.015896586,1.329461083,12,51,Cyprus,FRic,1.091852656,0.281696836,0.542843371,1.589658623
0.010180641,0.003394189,0.002835264,0.016221773,1.60864321,8,39,Czech Republic,FRic,1.018064132,0.339418861,0.283526427,1.622177323
0.009954377,0.004775628,0.00022536,0.017658346,1.850807703,7,20,Denmark,FRic,0.995437653,0.477562845,0.022536024,1.76583464
0.010925378,0.004713313,0.002576061,0.020547074,1.558246878,8,16,Estonia,FRic,1.09253777,0.471331271,0.257606096,2.05470735
0.009400439,0.004311075,0.001602273,0.017935964,1.622176381,8,21,Finland,FRic,0.940043853,0.431107459,0.160227291,1.793596449
0.009167812,0.003765415,0.001605331,0.016616762,1.455137344,10,30,France,FRic,0.9167812,0.376541457,0.160533079,1.661676243
0.012120594,0.006333941,0.0024772,0.024162234,1.611442853,8,50,Germany,FRic,1.212059387,0.633394146,0.24771998,2.416223353
0.010475356,0.003358194,0.002650507,0.016066641,1.547512956,9,30,Hungary,FRic,1.047535609,0.335819442,0.265050659,1.606664071
0.010525437,0.003778433,0.00359692,0.017332206,1.397967257,10,64,Ireland,FRic,1.052543725,0.377843254,0.359692011,1.733220566
0.010760127,0.003584025,0.002104967,0.017567657,1.295849543,13,29,Italy,FRic,1.076012726,0.358402517,0.210496703,1.756765744
0.010111095,0.003254182,0.004726087,0.017195015,1.693944956,8,16,Latvia,FRic,1.011109521,0.325418158,0.472608674,1.719501459
0.010879919,0.003560531,0.003591168,0.017454726,1.564411114,9,37,Luxembourg,FRic,1.087991899,0.356053137,0.359116819,1.745472568
0.009922903,0.003812591,0.00211493,0.016381241,1.389875873,11,79,Netherlands,FRic,0.99229028,0.381259145,0.211493027,1.638124066
0.007894984,0.004301144,0.000998392,0.016463245,1.394923792,11,42,Norway,FRic,0.78949842,0.430114377,0.099839163,1.646324537
0.009994329,0.00387409,0.00350866,0.017603684,1.304045716,12,39,Portugal,FRic,0.999432869,0.387408972,0.350866039,1.760368437
0.007649228,0.006194924,-0.002854613,0.019380685,1.626865594,8,22,Spain,FRic,0.764922797,0.619492376,-0.285461251,1.938068477
0.010982275,0.005088148,0.001216026,0.018585711,1.292038183,12,31,Sweden,FRic,1.098227515,0.508814777,0.121602571,1.858571088
0.010840839,0.003006713,0.004836218,0.016117073,1.372047294,11,44,Switzerland,FRic,1.084083949,0.300671312,0.483621811,1.61170728
0.008385098,0.007016299,-0.003119946,0.024697952,1.774638441,7,16,United Kingdom,FRic,0.838509781,0.701629935,-0.311994556,2.46979517
0.006874794,0.003819808,-0.000100525,0.014768099,1.324643095,12,45,Austria,insect_Abund,0.687479417,0.38198077,-0.010052487,1.476809875
0.006277299,0.003792923,-0.001414412,0.013403836,1.774295869,7,34,Belgium,insect_Abund,0.627729903,0.379292291,-0.141441207,1.3403836
0.006564219,0.003576066,-0.000347081,0.013133711,1.120822508,22,120,Bulgaria,insect_Abund,0.656421937,0.357606636,-0.0347081,1.313371088
0.008070808,0.003409128,0.001402072,0.01445479,1.288904579,13,44,Cyprus,insect_Abund,0.807080839,0.340912845,0.140207196,1.445478988
0.007264076,0.004133677,-0.000542938,0.016419716,1.459933387,9,23,Czech Republic,insect_Abund,0.72640758,0.413367723,-0.054293808,1.641971633
0.007117545,0.004258389,-0.00098877,0.015457443,1.231853722,14,59,Denmark,insect_Abund,0.711754478,0.425838857,-0.098876976,1.545744305
0.006083774,0.004708071,-0.001675755,0.015996366,1.34663898,11,18,Estonia,insect_Abund,0.608377376,0.470807109,-0.167575545,1.599636568
0.006472593,0.004067389,-0.000575464,0.013877838,1.23385207,14,62,Finland,insect_Abund,0.647259319,0.406738921,-0.057546417,1.387783814
0.007179838,0.00363349,-0.001284235,0.014134877,1.186790918,19,17,France,insect_Abund,0.717983767,0.363348974,-0.128423548,1.413487657
0.007193832,0.004618435,-0.000553371,0.016230257,1.723766623,8,37,Germany,insect_Abund,0.719383195,0.461843485,-0.055337114,1.623025701
0.006213821,0.002998487,-8.44E-05,0.011233843,1.146427153,43,66,Hungary,insect_Abund,0.621382115,0.299848678,-0.008442767,1.123384288
0.009608471,0.003735029,0.001975435,0.017162302,1.145669729,25,45,Ireland,insect_Abund,0.960847121,0.373502899,0.197543516,1.716230182
0.005244772,0.003956847,-0.003783523,0.01272029,1.100919594,27,43,Italy,insect_Abund,0.524477171,0.395684714,-0.378352333,1.27202897
0.006311829,0.003284074,6.42E-05,0.01225841,1.100790076,32,78,Latvia,insect_Abund,0.631182868,0.3284074,0.006423818,1.225840975
0.007601474,0.0040901,0.000727012,0.014971942,1.417941944,10,58,Luxembourg,insect_Abund,0.760147371,0.409010035,0.072701199,1.497194204
0.00655811,0.004463735,-0.001392805,0.01474764,1.176622406,17,47,Netherlands,insect_Abund,0.655810993,0.446373495,-0.139280453,1.474763962
0.006240151,0.005302177,-0.003546677,0.017689376,1.147828646,20,71,Norway,insect_Abund,0.624015128,0.530217683,-0.35466765,1.768937642
0.008919993,0.003416109,0.001952464,0.014842862,1.183506264,22,49,Portugal,insect_Abund,0.891999325,0.341610947,0.19524637,1.484286184
0.007337742,0.00392437,-0.000395332,0.014690843,1.583073274,9,40,Spain,insect_Abund,0.733774174,0.392436986,-0.03953324,1.469084272
0.008220419,0.003949404,0.000653321,0.015455315,1.248887949,14,50,Sweden,insect_Abund,0.822041934,0.394940356,0.065332105,1.545531471
0.007025372,0.003718884,0.000785224,0.014231224,1.192536836,17,81,Switzerland,insect_Abund,0.702537193,0.371888414,0.078522445,1.423122379
0.00595505,0.003901107,-0.001596039,0.013065573,1.105042335,34,85,United Kingdom,insect_Abund,0.595505027,0.390110668,-0.15960388,1.306557261
0.131847845,0.049476022,0.044529589,0.232378649,1.004298245,262,179,Austria,insect_SppRich,0.686830398,0.257733722,0.231966439,1.210522022
0.143360926,0.072332662,0.005554224,0.292046696,1.02079479,264,188,Belgium,insect_SppRich,0.746805091,0.376800025,0.028933424,1.521348705
0.142287489,0.065406149,0.027153688,0.281857273,1.029490795,459,160,Bulgaria,insect_SppRich,0.741213273,0.34071798,0.141450764,1.468269298
0.144950163,0.061423056,0.024101631,0.255962696,1.020345173,289,155,Cyprus,insect_SppRich,0.75508385,0.31996899,0.125551788,1.333377577
0.131928333,0.066657496,-0.004769005,0.253089878,1.010752199,173,156,Czech Republic,insect_SppRich,0.68724968,0.347236577,-0.024843014,1.318412306
0.133553469,0.065043099,0.005429088,0.261172826,1.004087479,206,159,Denmark,insect_SppRich,0.695715446,0.338826754,0.02828156,1.360518527
0.15312667,0.059268865,0.043592966,0.276698347,1.007743788,334,186,Estonia,insect_SppRich,0.797677443,0.308747239,0.227087325,1.441395087
0.13779014,0.067390766,0.007519989,0.264209078,1.00936672,263,192,Finland,insect_SppRich,0.717785389,0.351056377,0.039173618,1.376335171
0.138184209,0.071244715,-3.82E-05,0.263344836,0.993414767,273,191,France,insect_SppRich,0.719838201,0.371132621,-0.000199224,1.371833106
0.136519451,0.068397511,0.014931991,0.262676707,1.000320272,240,194,Germany,insect_SppRich,0.711166031,0.356300777,0.077784704,1.368352645
0.132762295,0.057581015,0.01823308,0.241358258,1.009058752,242,162,Hungary,insect_SppRich,0.691594012,0.299954779,0.09498095,1.257299188
0.142543291,0.064829728,0.019842131,0.278217874,1.01248542,460,155,Ireland,insect_SppRich,0.742545811,0.337715248,0.103362925,1.449310707
0.162746274,0.052083223,0.063746379,0.262571004,1.049242071,326,186,Italy,insect_SppRich,0.847788513,0.271315323,0.332071798,1.36780201
0.126958429,0.062485823,0.000380544,0.232318502,1.026734715,124,138,Latvia,insect_SppRich,0.661360135,0.325505228,0.001982355,1.210208701
0.127035432,0.064746421,0.002207926,0.257374763,1.006236669,181,157,Luxembourg,insect_SppRich,0.661761262,0.337281284,0.011501671,1.340733409
0.130221882,0.059820032,0.033550207,0.265222219,1.021538442,218,172,Netherlands,insect_SppRich,0.678360324,0.311618415,0.174771926,1.38161289
0.14148896,0.072476932,0.001095846,0.275468293,1.001838019,278,238,Norway,insect_SppRich,0.737053522,0.377551566,0.005708554,1.434987409
0.142891597,0.064839267,0.025347653,0.271629709,1.020611702,198,133,Portugal,insect_SppRich,0.744360232,0.337764939,0.132042648,1.414991205
0.149847765,0.058122138,0.042426491,0.261745874,1.016963476,210,156,Spain,insect_SppRich,0.780596755,0.302773633,0.221010844,1.363503689
0.133772929,0.068141329,-0.008963598,0.274577867,1.004098602,380,105,Sweden,insect_SppRich,0.696858671,0.35496626,-0.046693759,1.430348941
0.129810366,0.068508423,-0.00827243,0.251816604,1.028397344,310,192,Switzerland,insect_SppRich,0.676216632,0.356878548,-0.043093283,1.311779485
0.114162108,0.066651928,-0.024534189,0.228551194,1.024020728,373,172,United Kingdom,insect_SppRich,0.594700702,0.347207573,-0.127805098,1.190583793
0.074796866,0.054318137,-0.045346055,0.180175774,1.008820614,373,227,Austria,RaoQ,0.198348178,0.14404218,-0.12024979,0.477794575
0.095049543,0.066229408,-0.036408358,0.204884265,1.015785634,324,132,Belgium,RaoQ,0.25205473,0.175628783,-0.096548585,0.543317161
0.07209658,0.055561034,-0.064017229,0.170669903,1.012511342,248,215,Bulgaria,RaoQ,0.191187494,0.147338124,-0.169762472,0.45258667
0.072679949,0.059085485,-0.065016749,0.192717316,1.037249335,338,119,Cyprus,RaoQ,0.192734487,0.15668435,-0.172413024,0.511052547
0.084198016,0.059033081,-0.018042498,0.216734913,1.028434218,352,166,Czech Republic,RaoQ,0.223278381,0.156545385,-0.047845541,0.574743004
0.078561617,0.063341756,-0.062578445,0.192119784,1.013283664,258,147,Denmark,RaoQ,0.20833164,0.167971235,-0.165947069,0.509467995
0.069524412,0.064363036,-0.065600279,0.189191391,1.011650272,333,194,Estonia,RaoQ,0.184366556,0.170679492,-0.173960443,0.50170241
0.05935327,0.053393353,-0.051999019,0.148912983,1.018811044,460,215,Finland,RaoQ,0.157394469,0.141589813,-0.137892284,0.394891131
0.060159369,0.067212568,-0.063376438,0.173405374,1.047472406,70,112,France,RaoQ,0.159532104,0.178235951,-0.168063207,0.459840659
0.064031987,0.065301644,-0.063490733,0.172858093,1.019622638,157,132,Germany,RaoQ,0.169801607,0.173168516,-0.168366297,0.458389367
0.072546886,0.060810353,-0.044812679,0.175356497,1.000667028,231,134,Hungary,RaoQ,0.192381626,0.161258398,-0.11883537,0.465014696
0.082603299,0.057209128,-0.051690131,0.173258577,0.996338001,338,129,Ireland,RaoQ,0.219049471,0.151708581,-0.137073168,0.459451381
0.095637081,0.047680649,0.007073255,0.183494404,1.030952291,256,157,Italy,RaoQ,0.253612776,0.126440725,0.018757032,0.486594999
0.071718518,0.057772258,-0.056802959,0.170594207,1.006109686,201,123,Latvia,RaoQ,0.190184939,0.153201904,-0.150631491,0.452385939
0.090492516,0.055930604,-0.022382089,0.194683434,0.999871601,404,158,Luxembourg,RaoQ,0.239970292,0.148318158,-0.059353377,0.516266347
0.064380999,0.05532589,-0.048427823,0.166338711,1.006557599,313,177,Netherlands,RaoQ,0.170727125,0.146714563,-0.128422099,0.441101108
0.055555872,0.058274572,-0.074428491,0.174584446,1.028694088,136,118,Norway,RaoQ,0.147324435,0.154533951,-0.197371315,0.462967352
0.093262522,0.05347936,-0.000755396,0.19286679,1.005473392,140,228,Portugal,RaoQ,0.247315862,0.141817891,-0.002003178,0.511448925
0.066654667,0.071308211,-0.081447816,0.210113306,0.994828577,280,230,Spain,RaoQ,0.176756495,0.189096877,-0.215985333,0.557183662
0.071877375,0.072185919,-0.089204395,0.194817436,0.997679759,266,129,Sweden,RaoQ,0.190606201,0.191424406,-0.236554422,0.516621696
0.072227972,0.064641845,-0.069529045,0.194783562,1.024601979,233,170,Switzerland,RaoQ,0.191535923,0.171418843,-0.184378841,0.516531869
0.097399005,0.073366168,-0.048742815,0.245104729,1.019612845,187,240,United Kingdom,RaoQ,0.258285091,0.194554218,-0.129257402,0.649974782
0.004923828,0.00218068,3.98E-05,0.008615729,1.390223965,10,38,Austria,shannonsH,0.248900409,0.110233779,0.00201395,0.43552667
0.004832382,0.002849974,-0.001196242,0.009803553,1.156977552,23,39,Belgium,shannonsH,0.244277772,0.144066718,-0.06047024,0.495571385
0.004595571,0.002114818,0.000897786,0.00888493,1.160640002,21,70,Bulgaria,shannonsH,0.232306964,0.106904432,0.045383231,0.449134817
0.00399756,0.002964755,-0.001622264,0.010854357,1.351660858,11,26,Cyprus,shannonsH,0.202077361,0.149868904,-0.082005728,0.548689708
0.005129316,0.002543423,-0.000505466,0.010003837,1.268705483,13,31,Czech Republic,shannonsH,0.259287828,0.128570498,-0.025551401,0.50569578
0.003792783,0.003579342,-0.002397662,0.011918739,1.413022052,10,18,Denmark,shannonsH,0.191725858,0.180936367,-0.121202269,0.602494411
0.00656275,0.002414214,0.002654321,0.011998098,1.18925651,19,27,Estonia,shannonsH,0.331748219,0.12203893,0.134176387,0.606505999
0.006328409,0.003032813,-0.000215228,0.012667511,1.353316293,11,24,Finland,shannonsH,0.319902226,0.153309235,-0.010879831,0.640344989
0.002945862,0.004839187,-0.006827072,0.011861277,1.430193872,10,21,France,shannonsH,0.148913844,0.244621799,-0.345109741,0.599589711
0.005478219,0.002450299,0.001002918,0.010755969,1.199949937,19,78,Germany,shannonsH,0.276924967,0.123863059,0.050697694,0.543716168
0.005841616,0.00287093,-0.00052258,0.010773479,1.526943393,9,35,Hungary,shannonsH,0.295294744,0.145126033,-0.026416501,0.544601296
0.005144219,0.003501674,-0.00199852,0.011607342,1.329033005,12,28,Ireland,shannonsH,0.260041217,0.177010263,-0.101025563,0.586753254
0.005087259,0.002577838,-0.000323314,0.009770569,1.359200724,12,27,Italy,shannonsH,0.257161844,0.13031018,-0.016343594,0.493904006
0.00444023,0.002401708,-0.000223112,0.008551161,1.115440592,31,85,Latvia,shannonsH,0.22445443,0.121406764,-0.011278346,0.43226274
0.005769237,0.002228662,0.000717881,0.009595108,1.134091714,25,76,Luxembourg,shannonsH,0.291635983,0.112659273,0.036289022,0.485034434
0.004365793,0.002602028,-0.001569441,0.00915605,1.139960138,21,56,Netherlands,shannonsH,0.22069163,0.131532963,-0.079335541,0.462839957
0.005521192,0.00293256,0.000674109,0.011030757,1.221388509,17,46,Norway,shannonsH,0.279097251,0.148241415,0.034076316,0.557606767
0.005499098,0.002802214,-1.78E-05,0.009730868,1.471892153,10,57,Portugal,shannonsH,0.27798038,0.141652435,-0.00089857,0.491897119
0.005597152,0.0024262,0.001321906,0.010039473,1.134809681,23,92,Spain,shannonsH,0.282937029,0.122644857,0.066822612,0.507497197
0.005089805,0.00404047,-0.002712368,0.013399339,1.279591399,13,22,Sweden,shannonsH,0.25729055,0.20424647,-0.137110677,0.677339027
0.005902967,0.002076356,0.001936393,0.009750857,1.318467221,13,20,Switzerland,shannonsH,0.298396062,0.104960163,0.097885021,0.492907599
0.00469075,0.003028841,-0.001884323,0.009732802,1.268692932,14,85,United Kingdom,shannonsH,0.237118282,0.153108441,-0.095252884,0.491994897
0.043596021,0.037851265,-0.030302391,0.113009581,1.014021445,460,194,Austria,spp_rich_rare,0.226531369,0.19668077,-0.157455706,0.587214491
0.052626116,0.04031556,-0.019223551,0.133367997,0.992860989,460,162,Belgium,spp_rich_rare,0.273453082,0.209485612,-0.099888413,0.692999831
0.048242304,0.041064188,-0.030323165,0.118917563,1.018891329,368,158,Bulgaria,spp_rich_rare,0.250674144,0.213375591,-0.157563646,0.617913237
0.044175301,0.041147453,-0.04040151,0.123533048,1.018615757,313,166,Cyprus,spp_rich_rare,0.229541394,0.21380825,-0.209932219,0.641895982
0.043860652,0.044154753,-0.048202841,0.129515669,1.00112536,246,211,Czech Republic,spp_rich_rare,0.22790643,0.229434625,-0.250469088,0.672982565
0.045769298,0.040815947,-0.041266104,0.124040477,1.015944287,393,160,Denmark,spp_rich_rare,0.23782404,0.212085698,-0.214424776,0.64453266
0.047701683,0.040680077,-0.030582227,0.121284468,1.03579551,317,136,Estonia,spp_rich_rare,0.247864997,0.211379692,-0.158909771,0.630212029
0.03810247,0.045053226,-0.051567456,0.12059993,1.012561947,366,133,Finland,spp_rich_rare,0.197986067,0.234103223,-0.267952126,0.626655068
0.037829619,0.032169641,-0.026202317,0.111373844,1.003222612,387,225,France,spp_rich_rare,0.196568292,0.167158212,-0.136151111,0.578714961
0.033851955,0.037131037,-0.035154233,0.116473165,1.001317359,460,190,Germany,spp_rich_rare,0.175899764,0.19293836,-0.18266659,0.605211788
0.041349037,0.041102406,-0.040271701,0.128126076,1.013816868,203,115,Hungary,spp_rich_rare,0.214855711,0.213574178,-0.209257713,0.665762037
0.043086263,0.047033804,-0.045098618,0.130974836,1.019705389,460,237,Ireland,spp_rich_rare,0.223882594,0.244394602,-0.234339085,0.680564613
0.061196919,0.033978893,-0.000275592,0.124973258,1.000661466,323,188,Italy,spp_rich_rare,0.317988239,0.176559349,-0.001432016,0.649379525
0.044384807,0.035522447,-0.027421811,0.11449255,1.038772973,460,193,Latvia,spp_rich_rare,0.230630021,0.184579887,-0.142487783,0.594920218
0.037226185,0.041601852,-0.045553353,0.107324474,1.013441874,295,195,Luxembourg,spp_rich_rare,0.193432763,0.216169376,-0.236701957,0.557673835
0.034185726,0.041719383,-0.043065993,0.107793317,0.992204025,460,193,Netherlands,spp_rich_rare,0.177634084,0.216780084,-0.223777268,0.560110014
0.055449485,0.047221624,-0.040601991,0.141358547,1.009976702,460,240,Norway,spp_rich_rare,0.288123723,0.245370541,-0.210973946,0.73451991
0.048512088,0.040025751,-0.035361198,0.125852365,1.026872005,460,153,Portugal,spp_rich_rare,0.252075981,0.207979722,-0.183742016,0.653947498
0.05749125,0.042260107,-0.029623701,0.143785093,1.000091411,286,200,Spain,spp_rich_rare,0.298733036,0.219589763,-0.153929131,0.747128605
0.05110494,0.047550682,-0.030416142,0.147062765,1.021911299,460,171,Sweden,spp_rich_rare,0.265548824,0.247080375,-0.158046773,0.764159871
0.045581507,0.036392654,-0.021396441,0.117430315,1.00032683,349,225,Switzerland,spp_rich_rare,0.23684825,0.189101608,-0.111179069,0.610185279
0.036174889,0.048339132,-0.069872725,0.132918198,1.030218708,460,186,United Kingdom,spp_rich_rare,0.187970072,0.251177278,-0.363069009,0.690662607
0.193911733,0.063428232,0.05483086,0.309512899,1.010681151,285,193,Austria,spp_richness,0.710634581,0.232447486,0.200940421,1.134281902
0.20227864,0.077941383,0.045436701,0.355636001,1.037643944,355,195,Belgium,spp_richness,0.741297056,0.285634299,0.166513343,1.303310719
0.220515026,0.083221082,0.063806303,0.378658792,1.023175298,243,151,Bulgaria,spp_richness,0.808128525,0.304982983,0.233833016,1.387683085
0.210090556,0.076002401,0.071538365,0.364728954,1.012285926,237,194,Cyprus,spp_richness,0.769925634,0.278528451,0.262168953,1.336633959
0.199766523,0.093131385,0.020792258,0.394542926,1.012041813,220,146,Czech Republic,spp_richness,0.732090816,0.34130159,0.076198059,1.445894183
0.20538517,0.085508075,0.051186407,0.361000056,1.01013487,408,183,Denmark,spp_richness,0.752681653,0.3133642,0.187584474,1.322968545
0.210665602,0.084457363,0.049643636,0.386026565,1.007785776,278,238,Estonia,spp_richness,0.772033024,0.309513622,0.181930633,1.414683998
0.194384303,0.082723557,0.042094582,0.333142007,0.990958746,286,195,Finland,spp_richness,0.712366423,0.303159686,0.154265372,1.220876256
0.192953904,0.082722968,0.058023913,0.358054739,0.999688523,430,228,France,spp_richness,0.707124395,0.303157529,0.212642105,1.312174746
0.182421384,0.086086893,-0.00010664,0.359072516,1.025149014,229,160,Germany,spp_richness,0.668525526,0.315485411,-0.000390806,1.315904626
0.190871065,0.081745107,0.055372525,0.328432761,1.009465357,318,144,Hungary,spp_richness,0.699491345,0.29957393,0.202925479,1.20361813
0.210175169,0.07615875,0.0742388,0.353301068,1.009622025,269,192,Ireland,spp_richness,0.770235718,0.279101427,0.272065324,1.294753814
0.233548673,0.080693643,0.07249472,0.399308859,1.000394555,292,174,Italy,spp_richness,0.855893351,0.295720594,0.265673738,1.463360049
0.199405703,0.077307721,0.047021368,0.345232035,1.002039264,353,225,Latvia,spp_richness,0.730768509,0.283312098,0.172320725,1.265182969
0.19664454,0.071282822,0.048883116,0.329699472,1.023804824,460,190,Luxembourg,spp_richness,0.720649585,0.261232455,0.17914353,1.208260284
0.180012993,0.079776338,0.011457757,0.316979667,1.018212922,339,187,Netherlands,spp_richness,0.659699421,0.292358918,0.041989612,1.161645606
0.209954884,0.088887495,0.033474961,0.376892642,1.007325655,233,119,Norway,spp_richness,0.769428433,0.325748869,0.122676767,1.381210618
0.235578068,0.079059693,0.084443267,0.389742344,1.000490991,221,143,Portugal,spp_richness,0.863330541,0.289732607,0.309461964,1.428301333
0.22610306,0.07412778,0.064699897,0.351295641,1.008644481,200,117,Spain,spp_richness,0.828607175,0.271658465,0.237107797,1.287404462
0.196026629,0.083155682,0.036598341,0.363096387,1.001308275,274,157,Sweden,spp_richness,0.718385109,0.304743309,0.13412312,1.330651035
0.191246874,0.081433512,0.052880077,0.37530432,1.011840337,265,183,Switzerland,spp_richness,0.700868584,0.298432018,0.193791323,1.375389842
0.190970271,0.095225599,0.007313095,0.40621417,1.010406461,279,138,United Kingdom,spp_richness,0.699854911,0.348976324,0.026800536,1.488666165
0.156271701,0.086546019,0.004888837,0.33515007,1.010564658,330,189,Austria,SppRich_nativeSpp,0.567677701,0.314389907,0.01775935,1.217477128
0.181630972,0.109467808,-0.031031847,0.384245324,1.003702094,342,182,Belgium,SppRich_nativeSpp,0.659798624,0.397656349,-0.112727306,1.395822158
0.186018517,0.095727879,0.030309616,0.378659496,1.007501159,293,148,Bulgaria,SppRich_nativeSpp,0.675736961,0.347744229,0.110103703,1.375530894
0.171814649,0.092481506,-0.013009746,0.342862638,1.01573861,332,162,Cyprus,SppRich_nativeSpp,0.624139527,0.335951349,-0.047259631,1.245494055
0.171826827,0.08668139,-0.005320384,0.347348743,1.019896134,270,193,Czech Republic,SppRich_nativeSpp,0.624183762,0.314881657,-0.019327001,1.261790429
0.170112721,0.096392287,-0.007084398,0.372445591,1.026760947,224,169,Denmark,SppRich_nativeSpp,0.617957045,0.350157782,-0.025735016,1.352958062
0.200411796,0.097938426,0.002789696,0.43327023,1.024074495,298,88,Estonia,SppRich_nativeSpp,0.728022458,0.355774336,0.01013394,1.573911637
0.170745417,0.10559938,-0.020626996,0.38912716,0.998267911,238,157,Finland,SppRich_nativeSpp,0.620255399,0.38360377,-0.074930303,1.413556074
0.183900026,0.087745196,0.02678784,0.374004306,1.014529957,382,154,France,SppRich_nativeSpp,0.66804126,0.318746073,0.097310384,1.358620301
0.146833741,0.096757418,-0.051188522,0.320173784,1.068804742,273,180,Germany,SppRich_nativeSpp,0.53339306,0.351484168,-0.185949104,1.16307378
0.172700395,0.094528279,-0.014029755,0.347163213,0.997005574,283,161,Hungary,SppRich_nativeSpp,0.627357116,0.343386525,-0.050964948,1.261116466
0.188083059,0.082948552,0.025205461,0.35585412,1.007457828,327,98,Ireland,SppRich_nativeSpp,0.683236684,0.30132163,0.091562184,1.292687339
0.196716667,0.08271357,0.050563889,0.385529713,1.03637143,425,191,Italy,SppRich_nativeSpp,0.714599413,0.300468026,0.183680042,1.400487869
0.170212167,0.091432349,-0.012148504,0.319084311,1.016746506,460,196,Latvia,SppRich_nativeSpp,0.618318298,0.332140146,-0.044131054,1.159116125
0.14928109,0.103009009,-0.058142374,0.347843317,1.011727086,302,161,Luxembourg,SppRich_nativeSpp,0.542283382,0.374193902,-0.211209894,1.263587034
0.151975574,0.084783608,-0.023635245,0.335832535,1.019630234,255,154,Netherlands,SppRich_nativeSpp,0.552071451,0.307987714,-0.085858165,1.219956275
0.181665868,0.08787334,-0.006868644,0.356241906,1.042417453,217,230,Norway,SppRich_nativeSpp,0.659925384,0.319211575,-0.024951263,1.294096023
0.193799686,0.084131186,0.035480769,0.369972083,0.995693421,286,143,Portugal,SppRich_nativeSpp,0.704003091,0.305617703,0.128888604,1.343972713
0.212578828,0.075115231,0.069992773,0.373719995,0.990810483,430,172,Spain,SppRich_nativeSpp,0.772220816,0.272866052,0.254258042,1.357587503
0.17013511,0.096668643,-0.018032826,0.361707467,0.994424785,460,185,Sweden,SppRich_nativeSpp,0.618038378,0.35116168,-0.065506633,1.313950398
0.168718232,0.090356689,-0.006865493,0.3732517,0.994608384,252,183,Switzerland,SppRich_nativeSpp,0.612891381,0.32823267,-0.024939817,1.355886358
0.169714275,0.095375385,0.024607364,0.36920116,1.021985985,282,189,United Kingdom,SppRich_nativeSpp,0.616509637,0.34646375,0.089389517,1.341172235
-0.001850595,0.001123002,-0.004297677,0.000104547,1.657889238,8,30,Austria,turnover,-0.340851234,0.206839721,-0.791566222,0.019255901
-0.000801084,0.002381876,-0.004917046,0.00665912,1.477195323,10,13,Belgium,turnover,-0.14754741,0.438704932,-0.905644334,1.226507702
-0.001600513,0.002656883,-0.005806254,0.005069949,2.131891536,6,16,Bulgaria,turnover,-0.294789872,0.489356993,-1.069422829,0.933806761
-0.001438121,0.001218291,-0.003310228,0.00134812,1.685360414,8,20,Cyprus,turnover,-0.264879879,0.22439044,-0.60969324,0.248302978
-0.000391127,0.000889328,-0.002009059,0.001446836,1.079235037,42,60,Czech Republic,turnover,-0.07203952,0.163800478,-0.37003782,0.266485001
-0.002112374,0.001165961,-0.004140428,0.000384549,1.314515165,12,62,Denmark,turnover,-0.389066805,0.214752191,-0.762603326,0.070828083
-0.001290291,0.001337362,-0.00411379,0.001098443,2.143887636,6,14,Estonia,turnover,-0.237651887,0.246321495,-0.757696908,0.202316418
-0.002299099,0.000908331,-0.004478859,-0.000772706,1.422349152,10,20,Finland,turnover,-0.423458764,0.16730058,-0.824937011,-0.142320544
-7.80E-05,0.001094648,-0.002636911,0.002054509,1.38001039,10,22,France,turnover,-0.01437027,0.201617328,-0.485678618,0.378409074
-0.000344786,0.002265366,-0.003746481,0.004127379,2.447749554,6,20,Germany,turnover,-0.063504293,0.417245704,-0.690044328,0.760199796
0.000496354,0.003330468,-0.003848156,0.007242139,2.266710581,6,13,Hungary,turnover,0.091420852,0.613421143,-0.708771247,1.333890901
0.000510664,0.001992332,-0.002166609,0.006354405,2.009655788,7,13,Ireland,turnover,0.094056408,0.36695698,-0.399056133,1.170383804
-0.000650911,0.002147672,-0.002960314,0.005273183,1.819520275,7,13,Italy,turnover,-0.119887787,0.395568239,-0.545244421,0.971239308
-0.001131202,0.001908256,-0.00495054,0.003216737,2.194451821,6,14,Latvia,turnover,-0.208349989,0.351471393,-0.911813506,0.592473539
-0.001651644,0.002316333,-0.005575074,0.003128905,3.025606913,6,20,Luxembourg,turnover,-0.30420746,0.426632968,-1.026843128,0.576296313
-4.74E-05,0.001887718,-0.003532582,0.00344559,1.952791349,7,13,Netherlands,turnover,-0.00873045,0.347688732,-0.650647389,0.634624733
-0.000366217,0.002183641,-0.003790602,0.005132598,2.405948956,6,14,Norway,turnover,-0.067451619,0.402193149,-0.698170707,0.945345841
-0.002386421,0.003424164,-0.00929637,0.002530297,2.68693682,6,16,Portugal,turnover,-0.439542096,0.630678503,-1.712248747,0.466041888
-0.000492644,0.000923194,-0.002423991,0.001384709,1.483702658,9,23,Spain,turnover,-0.090737548,0.170038079,-0.446461912,0.255042193
-0.001114993,0.001553549,-0.004540689,0.001808602,1.805922077,7,14,Sweden,turnover,-0.205364575,0.286139936,-0.836325145,0.333116817
-0.000927685,0.001301697,-0.003191692,0.001526864,1.754318968,7,41,Switzerland,turnover,-0.170865316,0.23975264,-0.587860628,0.281224861
0.00043927,0.003275237,-0.003675961,0.009555364,2.1536467,6,13,United Kingdom,turnover,0.080906797,0.603248302,-0.677055577,1.759951418
